scenario_id,cohort,nature,arm,participants,assets,requested_notional,crossed_notional,cross_rate,residual_notional,dust_residual_notional,external_order_count,external_notional_executed,unfilled_notional,deferred_notional,cancelled_notional,est_external_cost_usd,est_external_cost_bps,provider_fee_usd,cost_extrapolated_orders,bilateral_crossed_notional,venue0_crossed_notional,multi_party_uplift,multi_party_uplift_pct,complementarity,solver_latency_ms,reference_matcher_parity,allocation_error_before_bps,allocation_error_after_bps,status,residual_decisions
"RANDOM_INDEPENDENT-000","RANDOM_INDEPENDENT","natural/randomized","MARKET_ONLY",7,9,85251.313621,0,0,85251.313621,0,39,85251.313621,0,0,0,93.72050868919462,11,0,1,22269.56,27325.779973999997,5056.219973999996,0.2270462449190732,0.42667508760873596,0,"n/a",7058,"","MARKET_ONLY","MARKET:39"
"RANDOM_INDEPENDENT-000","RANDOM_INDEPENDENT","natural/randomized","BILATERAL_ONLY",7,9,85251.313621,22269.56,0.2612224850751664,62981.75362100001,0.0536390000000746,27,62981.69998199999,0,0,0,79.85080302798077,13,0,1,22269.56,27325.779973999997,5056.219973999996,0.2270462449190732,0.42667508760873596,2.55,"n/a",7058,5214,"CROSSED_BILATERAL","MARKET:27"
"RANDOM_INDEPENDENT-000","RANDOM_INDEPENDENT","natural/randomized","VENUE0_CROSSING",7,9,85251.313621,27325.779973999997,0.3205320693999116,57925.53364700001,0.06062100000047721,26,57925.473026,0,0,0,71.56745874606355,12,0,0,22269.56,27325.779973999997,5056.219973999996,0.2270462449190732,0.42667508760873596,5,"LP_PASS",7058,4795,"PARTIAL_CROSS","MARKET:26"
"RANDOM_INDEPENDENT-000","RANDOM_INDEPENDENT","natural/randomized","VENUE0_FULL",7,9,85251.313621,27325.779973999997,0.3205320693999116,57925.53364700001,0.06062100000047721,25,57921.579491000004,0,3.893535,0,39.28992969846604,7,25.66102567098837,0,22269.56,27325.779973999997,5056.219973999996,0.2270462449190732,0.42667508760873596,5,"LP_PASS",7058,4795,"PARTIAL_CROSS","LIMIT:12 AGGREGATE:1 EXECUTE_NOW:13"
"RANDOM_INDEPENDENT-001","RANDOM_INDEPENDENT","natural/randomized","MARKET_ONLY",4,8,189130.753398,0,0,189130.753398,0,23,189130.753398,0,0,0,202.67179922665565,11,0,8,54827.84,69218.819984,14390.979984000005,0.2624757784366484,0.5076375516358266,0,"n/a",9225,"","MARKET_ONLY","MARKET:23"
"RANDOM_INDEPENDENT-001","RANDOM_INDEPENDENT","natural/randomized","BILATERAL_ONLY",4,8,189130.753398,54827.84,0.2898938380720255,134302.913398,0.043174999999408215,16,134302.870223,0,0,0,139.56181751041314,10,0,6,54827.84,69218.819984,14390.979984000005,0.2624757784366484,0.5076375516358266,1.07,"n/a",9225,6550,"CROSSED_BILATERAL","MARKET:16"
"RANDOM_INDEPENDENT-001","RANDOM_INDEPENDENT","natural/randomized","VENUE0_CROSSING",4,8,189130.753398,69218.819984,0.36598394888396807,119911.93341399998,0.048357000000478934,15,119911.88505699999,0,0,0,114.77207353050889,10,0,6,54827.84,69218.819984,14390.979984000005,0.2624757784366484,0.5076375516358266,1,"EXACT_PASS",9225,5849,"PARTIAL_CROSS","MARKET:15"
"RANDOM_INDEPENDENT-001","RANDOM_INDEPENDENT","natural/randomized","VENUE0_FULL",4,8,189130.753398,69218.819984,0.36598394888396807,119911.93341399998,0.048357000000478934,15,119911.88505699999,0,0,0,75.65659861612043,6,26.42337921621189,6,54827.84,69218.819984,14390.979984000005,0.2624757784366484,0.5076375516358266,1,"EXACT_PASS",9225,5849,"PARTIAL_CROSS","EXECUTE_NOW:10 LIMIT:5"
"RANDOM_INDEPENDENT-002","RANDOM_INDEPENDENT","natural/randomized","MARKET_ONLY",10,9,343525.3660409998,0,0,343525.3660409998,0,57,343525.3660409998,0,0,0,353.8387612044553,10,0,15,90884.23999999998,134893.67996099996,44009.43996099998,0.4842362103814698,0.4415419996784076,0,"n/a",8670,"","MARKET_ONLY","MARKET:57"
"RANDOM_INDEPENDENT-002","RANDOM_INDEPENDENT","natural/randomized","BILATERAL_ONLY",10,9,343525.3660409998,90884.23999999998,0.2645634034173561,252641.12604100004,0.10247399999979834,39,252641.02356700003,0,0,0,245.1087696616364,10,0,11,90884.23999999998,134893.67996099996,44009.43996099998,0.4842362103814698,0.4415419996784076,1.94,"n/a",8670,6376,"CROSSED_BILATERAL","MARKET:39"
"RANDOM_INDEPENDENT-002","RANDOM_INDEPENDENT","natural/randomized","VENUE0_CROSSING",10,9,343525.3660409998,134893.67996099996,0.39267458329380067,208631.68607999996,0.13722000000178003,34,208631.54886,0,0,0,162.37108412687215,8,0,11,90884.23999999998,134893.67996099996,44009.43996099998,0.4842362103814698,0.4415419996784076,5,"LP_PASS",8670,5265,"PARTIAL_CROSS","MARKET:34"
"RANDOM_INDEPENDENT-002","RANDOM_INDEPENDENT","natural/randomized","VENUE0_FULL",10,9,343525.3660409998,134893.67996099996,0.39267458329380067,208631.68607999996,0.13722000000178003,34,208631.54886,0,0,0,96.28754394830857,5,52.51745905222104,11,90884.23999999998,134893.67996099996,44009.43996099998,0.4842362103814698,0.4415419996784076,5,"LP_PASS",8670,5265,"PARTIAL_CROSS","EXECUTE_NOW:22 LIMIT:12"
"RANDOM_INDEPENDENT-003","RANDOM_INDEPENDENT","natural/randomized","MARKET_ONLY",3,9,178942.68466199999,0,0,178942.68466199999,0,17,178942.68466199999,0,0,0,191.30958024456282,11,0,8,5951.8,5951.799996,-0.000004000000444648322,-6.720656683101451e-10,0.03831720243245045,0,"n/a",7679,"","MARKET_ONLY","MARKET:17"
"RANDOM_INDEPENDENT-003","RANDOM_INDEPENDENT","natural/randomized","BILATERAL_ONLY",3,9,178942.68466199999,5951.8,0.03326092939335405,172990.884662,0.009421999999858599,16,172990.87524,0,0,0,182.55244981713423,11,0,8,5951.8,5951.799996,-0.000004000000444648322,-6.720656683101451e-10,0.03831720243245045,0.59,"n/a",7679,7424,"CROSSED_BILATERAL","MARKET:16"
"RANDOM_INDEPENDENT-003","RANDOM_INDEPENDENT","natural/randomized","VENUE0_CROSSING",3,9,178942.68466199999,5951.799996,0.033260929371000524,172990.884666,0.009422999999969761,16,172990.875243,0,0,0,182.55244982099424,11,0,8,5951.8,5951.799996,-0.000004000000444648322,-6.720656683101451e-10,0.03831720243245045,1,"EXACT_PASS",7679,7424,"PARTIAL_CROSS","MARKET:16"
"RANDOM_INDEPENDENT-003","RANDOM_INDEPENDENT","natural/randomized","VENUE0_FULL",3,9,178942.68466199999,5951.799996,0.033260929371000524,172990.884666,0.009422999999969761,16,172990.875243,0,0,0,137.4582261617793,8,62.21106518895981,8,5951.8,5951.799996,-0.000004000000444648322,-6.720656683101451e-10,0.03831720243245045,1,"EXACT_PASS",7679,7424,"PARTIAL_CROSS","EXECUTE_NOW:9 LIMIT:7"
"RANDOM_INDEPENDENT-004","RANDOM_INDEPENDENT","natural/randomized","MARKET_ONLY",5,9,51629.25920099999,0,0,51629.25920099999,0,31,51629.25920099999,0,0,0,75.02278259189706,15,0,1,4781.04,7386.479980000001,2605.439980000001,0.5449525584391682,0.14957076974388256,0,"n/a",8164,"","MARKET_ONLY","MARKET:31"
"RANDOM_INDEPENDENT-004","RANDOM_INDEPENDENT","natural/randomized","BILATERAL_ONLY",5,9,51629.25920099999,4781.04,0.09260330428888659,46848.21920099999,0.043328000000021794,23,46848.175873,0,0,0,72.19578165990261,15,0,1,4781.04,7386.479980000001,2605.439980000001,0.5449525584391682,0.14957076974388256,0.97,"n/a",8164,7408,"CROSSED_BILATERAL","MARKET:23"
"RANDOM_INDEPENDENT-004","RANDOM_INDEPENDENT","natural/randomized","VENUE0_CROSSING",5,9,51629.25920099999,7386.479980000001,0.14306771188103615,44242.779221,0.04889000000016408,20,44242.730331,0,0,0,69.91480188983434,16,0,1,4781.04,7386.479980000001,2605.439980000001,0.5449525584391682,0.14957076974388256,1,"EXACT_PASS",8164,6997,"PARTIAL_CROSS","MARKET:20"
"RANDOM_INDEPENDENT-004","RANDOM_INDEPENDENT","natural/randomized","VENUE0_FULL",5,9,51629.25920099999,7386.479980000001,0.14306771188103615,44242.779221,0.04889000000016408,20,44242.730331,0,0,0,39.243783305492926,9,29.40868117140591,1,4781.04,7386.479980000001,2605.439980000001,0.5449525584391682,0.14957076974388256,1,"EXACT_PASS",8164,6997,"PARTIAL_CROSS","EXECUTE_NOW:14 LIMIT:6"
"RANDOM_INDEPENDENT-005","RANDOM_INDEPENDENT","natural/randomized","MARKET_ONLY",6,9,167964.65288100002,0,0,167964.65288100002,0,33,167964.65288100002,0,0,0,119.20055706141373,7,0,3,4602.84,7995.139986,3392.299986,0.7370015003780275,0.18404769347454117,0,"n/a",8737,"","MARKET_ONLY","MARKET:33"
"RANDOM_INDEPENDENT-005","RANDOM_INDEPENDENT","natural/randomized","BILATERAL_ONLY",6,9,167964.65288100002,4602.84,0.02740362285189272,163361.81288100002,0.012353999999959342,31,163361.800527,0,0,0,115.73457870969722,7,0,3,4602.84,7995.139986,3392.299986,0.7370015003780275,0.18404769347454117,0.67,"n/a",8737,8497,"CROSSED_BILATERAL","MARKET:31"
"RANDOM_INDEPENDENT-005","RANDOM_INDEPENDENT","natural/randomized","VENUE0_CROSSING",6,9,167964.65288100002,7995.139986,0.04760013400953125,159969.512895,0.02830200000005334,29,159969.484593,0,0,0,112.86029209435547,7,0,3,4602.84,7995.139986,3392.299986,0.7370015003780275,0.18404769347454117,1,"EXACT_PASS",8737,8321,"PARTIAL_CROSS","MARKET:29"
"RANDOM_INDEPENDENT-005","RANDOM_INDEPENDENT","natural/randomized","VENUE0_FULL",6,9,167964.65288100002,7995.139986,0.04760013400953125,159969.512895,0.02830200000005334,29,159969.484593,0,0,0,40.39676660808387,3,25.61455001870698,3,4602.84,7995.139986,3392.299986,0.7370015003780275,0.18404769347454117,1,"EXACT_PASS",8737,8321,"PARTIAL_CROSS","EXECUTE_NOW:15 LIMIT:14"
"RANDOM_INDEPENDENT-006","RANDOM_INDEPENDENT","natural/randomized","MARKET_ONLY",4,9,82944.61840200001,0,0,82944.61840200001,0,21,82944.61840200001,0,0,0,18.909152658732147,2,0,2,3399.56,4077.799987,678.2399869999999,0.1995081678217181,0.05258455680465016,0,"n/a",8981,"","MARKET_ONLY","MARKET:21"
"RANDOM_INDEPENDENT-006","RANDOM_INDEPENDENT","natural/randomized","BILATERAL_ONLY",4,9,82944.61840200001,3399.56,0.040985901984908375,79545.05840200001,0.01863900000003582,18,79545.03976300001,0,0,0,16.360271831021446,2,0,2,3399.56,4077.799987,678.2399869999999,0.1995081678217181,0.05258455680465016,0.57,"n/a",8981,8613,"CROSSED_BILATERAL","MARKET:18"
"RANDOM_INDEPENDENT-006","RANDOM_INDEPENDENT","natural/randomized","VENUE0_CROSSING",4,9,82944.61840200001,4077.799987,0.04916292419643797,78866.818415,0.017044000000026927,17,78866.80137100001,0,0,0,16.107995128979276,2,0,2,3399.56,4077.799987,678.2399869999999,0.1995081678217181,0.05258455680465016,1,"EXACT_PASS",8981,8539,"PARTIAL_CROSS","MARKET:17"
"RANDOM_INDEPENDENT-006","RANDOM_INDEPENDENT","natural/randomized","VENUE0_FULL",4,9,82944.61840200001,4077.799987,0.04916292419643797,78866.818415,0.017044000000026927,17,78866.80137100001,0,0,0,2.0391063560583067,0,-9.617280506367637,2,3399.56,4077.799987,678.2399869999999,0.1995081678217181,0.05258455680465016,1,"EXACT_PASS",8981,8539,"PARTIAL_CROSS","EXECUTE_NOW:13 LIMIT:4"
"RANDOM_INDEPENDENT-007","RANDOM_INDEPENDENT","natural/randomized","MARKET_ONLY",5,9,137461.621278,0,0,137461.621278,0,28,137461.621278,0,0,0,147.35262082121034,11,0,4,13682.960000000003,16256.919982,2573.9599819999967,0.18811426635757147,0.21197822684682333,0,"n/a",7317,"","MARKET_ONLY","MARKET:28"
"RANDOM_INDEPENDENT-007","RANDOM_INDEPENDENT","natural/randomized","BILATERAL_ONLY",5,9,137461.621278,13682.960000000003,0.09954021982854269,123778.661278,0.018381000000278647,22,123778.642897,0,0,0,138.72312947676232,11,0,4,13682.960000000003,16256.919982,2573.9599819999967,0.18811426635757147,0.21197822684682333,0.93,"n/a",7317,6589,"CROSSED_BILATERAL","MARKET:22"
"RANDOM_INDEPENDENT-007","RANDOM_INDEPENDENT","natural/randomized","VENUE0_CROSSING",5,9,137461.621278,16256.919982,0.1182651552546604,121204.70129599998,0.028265000000068596,20,121204.67303099997,0,0,0,138.074100641781,11,0,4,13682.960000000003,16256.919982,2573.9599819999967,0.18811426635757147,0.21197822684682333,1,"EXACT_PASS",7317,6452,"PARTIAL_CROSS","MARKET:20"
"RANDOM_INDEPENDENT-007","RANDOM_INDEPENDENT","natural/randomized","VENUE0_FULL",5,9,137461.621278,16256.919982,0.1182651552546604,121204.70129599998,0.028265000000068596,20,121204.67303099997,0,0,0,94.21249755014546,8,61.88392102305364,4,13682.960000000003,16256.919982,2573.9599819999967,0.18811426635757147,0.21197822684682333,1,"EXACT_PASS",7317,6452,"PARTIAL_CROSS","EXECUTE_NOW:13 LIMIT:7"
"RANDOM_INDEPENDENT-008","RANDOM_INDEPENDENT","natural/randomized","MARKET_ONLY",4,9,22505.253227999998,0,0,22505.253227999998,0,23,22505.253227999998,0,0,0,21.715502843686572,10,0,1,3723.7200000000007,3818.839981999999,95.11998199999834,0.025544343291117034,0.18832039964460517,0,"n/a",9166,"","MARKET_ONLY","MARKET:23"
"RANDOM_INDEPENDENT-008","RANDOM_INDEPENDENT","natural/randomized","BILATERAL_ONLY",4,9,22505.253227999998,3723.7200000000007,0.16546003558702996,18781.533228000008,0.03152999999996098,17,18781.501698000004,0,0,0,15.490665565053511,8,0,1,3723.7200000000007,3818.839981999999,95.11998199999834,0.025544343291117034,0.18832039964460517,0.94,"n/a",9166,7649,"CROSSED_BILATERAL","MARKET:17"
"RANDOM_INDEPENDENT-008","RANDOM_INDEPENDENT","natural/randomized","VENUE0_CROSSING",4,9,22505.253227999998,3818.839981999999,0.1696866035370255,18686.413246,0.04222100000005469,15,18686.371025,0,0,0,15.531888656690054,8,0,1,3723.7200000000007,3818.839981999999,95.11998199999834,0.025544343291117034,0.18832039964460517,1,"EXACT_PASS",9166,7610,"PARTIAL_CROSS","MARKET:15"
"RANDOM_INDEPENDENT-008","RANDOM_INDEPENDENT","natural/randomized","VENUE0_FULL",4,9,22505.253227999998,3818.839981999999,0.1696866035370255,18686.413246,0.04222100000005469,15,18686.371025,0,0,0,10.543136090862467,6,7.334309833310114,1,3723.7200000000007,3818.839981999999,95.11998199999834,0.025544343291117034,0.18832039964460517,1,"EXACT_PASS",9166,7610,"PARTIAL_CROSS","EXECUTE_NOW:12 LIMIT:3"
"RANDOM_INDEPENDENT-009","RANDOM_INDEPENDENT","natural/randomized","MARKET_ONLY",2,9,57990.13007200001,0,0,57990.13007200001,0,14,57990.13007200001,0,0,0,68.16479164112758,12,0,2,119.92,119.919996,-0.0000040000000041118255,-3.335557041454157e-8,0.04853728333606625,0,"n/a",6803,"","MARKET_ONLY","MARKET:14"
"RANDOM_INDEPENDENT-009","RANDOM_INDEPENDENT","natural/randomized","BILATERAL_ONLY",2,9,57990.13007200001,119.92,0.002067938110349269,57870.210072000016,0.0037130000000011876,13,57870.20635900002,0,0,0,67.92256302718232,12,0,2,119.92,119.919996,-0.0000040000000041118255,-3.335557041454157e-8,0.04853728333606625,0.58,"n/a",6803,6788,"CROSSED_BILATERAL","MARKET:13"
"RANDOM_INDEPENDENT-009","RANDOM_INDEPENDENT","natural/randomized","VENUE0_CROSSING",2,9,57990.13007200001,119.919996,0.0020679380413720135,57870.21007600001,0.0037140000000022155,13,57870.20636200001,0,0,0,67.92256303346693,12,0,2,119.92,119.919996,-0.0000040000000041118255,-3.335557041454157e-8,0.04853728333606625,1,"EXACT_PASS",6803,6788,"PARTIAL_CROSS","MARKET:13"
"RANDOM_INDEPENDENT-009","RANDOM_INDEPENDENT","natural/randomized","VENUE0_FULL",2,9,57990.13007200001,119.919996,0.0020679380413720135,57870.21007600001,0.0037140000000022155,13,57870.20636200001,0,0,0,43.293833451331366,7,34.97298021661516,2,119.92,119.919996,-0.0000040000000041118255,-3.335557041454157e-8,0.04853728333606625,1,"EXACT_PASS",6803,6788,"PARTIAL_CROSS","EXECUTE_NOW:7 LIMIT:6"
"RANDOM_INDEPENDENT-010","RANDOM_INDEPENDENT","natural/randomized","MARKET_ONLY",11,9,115849.04777399999,0,0,115849.04777399999,0,58,115849.04777399999,0,0,0,148.97021488172606,13,0,2,7793.280000000001,11851.639962999998,4058.359962999997,0.5207512065523113,0.22575226005327217,0,"n/a",6486,"","MARKET_ONLY","MARKET:58"
"RANDOM_INDEPENDENT-010","RANDOM_INDEPENDENT","natural/randomized","BILATERAL_ONLY",11,9,115849.04777399999,7793.280000000001,0.06727098884060959,108055.76777400002,0.07969700000002433,46,108055.68807700001,0,0,0,145.4859091948733,13,0,2,7793.280000000001,11851.639962999998,4058.359962999997,0.5207512065523113,0.22575226005327217,1.46,"n/a",6486,6050,"CROSSED_BILATERAL","MARKET:46"
"RANDOM_INDEPENDENT-010","RANDOM_INDEPENDENT","natural/randomized","VENUE0_CROSSING",11,9,115849.04777399999,11851.639962999998,0.10230243744532411,103997.40781100001,0.10334999999994032,40,103997.304461,0,0,0,143.10194280302022,14,0,2,7793.280000000001,11851.639962999998,4058.359962999997,0.5207512065523113,0.22575226005327217,2,"LP_PASS",6486,5822,"PARTIAL_CROSS","MARKET:40"
"RANDOM_INDEPENDENT-010","RANDOM_INDEPENDENT","natural/randomized","VENUE0_FULL",11,9,115849.04777399999,11851.639962999998,0.10230243744532411,103997.40781100001,0.10334999999994032,40,103997.304461,0,0,0,85.7905845588079,8,63.74356507926497,2,7793.280000000001,11851.639962999998,4058.359962999997,0.5207512065523113,0.22575226005327217,2,"LP_PASS",6486,5822,"PARTIAL_CROSS","EXECUTE_NOW:25 LIMIT:15"
"RANDOM_INDEPENDENT-011","RANDOM_INDEPENDENT","natural/randomized","MARKET_ONLY",3,9,100356.971285,0,0,100356.971285,0,18,100356.971285,0,0,0,88.57161348834202,9,0,4,112.64,112.639996,-0.0000040000000041118255,-3.551136367286777e-8,0.017465710648264507,0,"n/a",9912,"","MARKET_ONLY","MARKET:18"
"RANDOM_INDEPENDENT-011","RANDOM_INDEPENDENT","natural/randomized","BILATERAL_ONLY",3,9,100356.971285,112.64,0.0011223933779360268,100244.33128500001,0.0004199999999983106,17,100244.33086500001,0,0,0,88.4643612322121,9,0,4,112.64,112.639996,-0.0000040000000041118255,-3.551136367286777e-8,0.017465710648264507,0.43,"n/a",9912,9901,"CROSSED_BILATERAL","MARKET:17"
"RANDOM_INDEPENDENT-011","RANDOM_INDEPENDENT","natural/randomized","VENUE0_CROSSING",3,9,100356.971285,112.639996,0.0011223933380783073,100244.33128900002,0.00042099999999933857,17,100244.33086800002,0,0,0,88.46436123419147,9,0,4,112.64,112.639996,-0.0000040000000041118255,-3.551136367286777e-8,0.017465710648264507,1,"EXACT_PASS",9912,9901,"PARTIAL_CROSS","MARKET:17"
"RANDOM_INDEPENDENT-011","RANDOM_INDEPENDENT","natural/randomized","VENUE0_FULL",3,9,100356.971285,112.639996,0.0011223933380783073,100244.33128900002,0.00042099999999933857,17,100244.33086800002,0,0,0,72.7720896713142,7,15.049492052653232,4,112.64,112.639996,-0.0000040000000041118255,-3.551136367286777e-8,0.017465710648264507,1,"EXACT_PASS",9912,9901,"PARTIAL_CROSS","EXECUTE_NOW:14 LIMIT:3"
"RANDOM_INDEPENDENT-012","RANDOM_INDEPENDENT","natural/randomized","MARKET_ONLY",12,9,154659.681686,0,0,154659.681686,0,62,154659.681686,0,0,0,188.33988239295462,12,0,4,43154.04,48838.65995300001,5684.6199530000085,0.1317285693992963,0.3501640508089983,0,"n/a",7599,"","MARKET_ONLY","MARKET:62"
"RANDOM_INDEPENDENT-012","RANDOM_INDEPENDENT","natural/randomized","BILATERAL_ONLY",12,9,154659.681686,43154.04,0.27902579088203544,111505.64168599997,0.1381859999996955,38,111505.50349999996,0,0,0,121.64514752940485,11,0,4,43154.04,48838.65995300001,5684.6199530000085,0.1317285693992963,0.3501640508089983,1.9,"n/a",7599,5479,"CROSSED_BILATERAL","MARKET:38"
"RANDOM_INDEPENDENT-012","RANDOM_INDEPENDENT","natural/randomized","VENUE0_CROSSING",12,9,154659.681686,48838.65995300001,0.31578145914043315,105821.02173300002,0.18114299999955819,31,105820.84059,0,0,0,115.06933513167576,11,0,4,43154.04,48838.65995300001,5684.6199530000085,0.1317285693992963,0.3501640508089983,2,"LP_PASS",7599,5199,"PARTIAL_CROSS","MARKET:31"
"RANDOM_INDEPENDENT-012","RANDOM_INDEPENDENT","natural/randomized","VENUE0_FULL",12,9,154659.681686,48838.65995300001,0.31578145914043315,105821.02173300002,0.18114299999955819,31,105820.84059,0,0,0,77.22412604784517,7,43.44051562728369,4,43154.04,48838.65995300001,5684.6199530000085,0.1317285693992963,0.3501640508089983,2,"LP_PASS",7599,5199,"PARTIAL_CROSS","EXECUTE_NOW:25 LIMIT:6"
"RANDOM_INDEPENDENT-013","RANDOM_INDEPENDENT","natural/randomized","MARKET_ONLY",5,9,113755.772702,0,0,113755.772702,0,32,113755.772702,0,0,0,107.03324567477823,9,0,6,12783.640000000001,20312.159975,7528.519974999997,0.5889183342928929,0.34497189515649124,0,"n/a",8672,"","MARKET_ONLY","MARKET:32"
"RANDOM_INDEPENDENT-013","RANDOM_INDEPENDENT","natural/randomized","BILATERAL_ONLY",5,9,113755.772702,12783.640000000001,0.11237794528009254,100972.13270199999,0.0363759999998976,24,100972.096326,0,0,0,95.06890466044135,9,0,5,12783.640000000001,20312.159975,7528.519974999997,0.5889183342928929,0.34497189515649124,0.96,"n/a",8672,7698,"CROSSED_BILATERAL","MARKET:24"
"RANDOM_INDEPENDENT-013","RANDOM_INDEPENDENT","natural/randomized","VENUE0_CROSSING",5,9,113755.772702,20312.159975,0.1785593776257025,93443.61272700001,0.09362700000008317,18,93443.5191,0,0,0,88.52682588747592,9,0,5,12783.640000000001,20312.159975,7528.519974999997,0.5889183342928929,0.34497189515649124,1,"EXACT_PASS",8672,7124,"PARTIAL_CROSS","MARKET:18"
"RANDOM_INDEPENDENT-013","RANDOM_INDEPENDENT","natural/randomized","VENUE0_FULL",5,9,113755.772702,20312.159975,0.1785593776257025,93443.61272700001,0.09362700000008317,18,93443.5191,0,0,0,63.02915082251672,7,33.024293689639215,5,12783.640000000001,20312.159975,7528.519974999997,0.5889183342928929,0.34497189515649124,1,"EXACT_PASS",8672,7124,"PARTIAL_CROSS","EXECUTE_NOW:13 LIMIT:5"
"RANDOM_INDEPENDENT-014","RANDOM_INDEPENDENT","natural/randomized","MARKET_ONLY",11,9,203977.933994,0,0,203977.933994,0,62,203977.933994,0,0,0,226.2996225969588,11,0,4,45486.4,60694.87996599997,15208.47996599997,0.33435224519856416,0.4928261208732361,0,"n/a",7474,"","MARKET_ONLY","MARKET:62"
"RANDOM_INDEPENDENT-014","RANDOM_INDEPENDENT","natural/randomized","BILATERAL_ONLY",11,9,203977.933994,45486.4,0.22299666983262015,158491.53399400006,0.07320599999901156,46,158491.460788,0,0,0,168.9307382489667,11,0,3,45486.4,60694.87996599997,15208.47996599997,0.33435224519856416,0.4928261208732361,2.69,"n/a",7474,5808,"CROSSED_BILATERAL","MARKET:46"
"RANDOM_INDEPENDENT-014","RANDOM_INDEPENDENT","natural/randomized","VENUE0_CROSSING",11,9,203977.933994,60694.87996599997,0.2975561070629596,143283.05402799998,0.06989799999997715,45,143282.98412999997,0,0,0,156.74729055420414,11,0,2,45486.4,60694.87996599997,15208.47996599997,0.33435224519856416,0.4928261208732361,2,"LP_PASS",7474,5250,"PARTIAL_CROSS","MARKET:45"
"RANDOM_INDEPENDENT-014","RANDOM_INDEPENDENT","natural/randomized","VENUE0_FULL",11,9,203977.933994,60694.87996599997,0.2975561070629596,143283.05402799998,0.06989799999997715,45,143282.98412999997,0,0,0,88.32011566935466,6,59.9604626661495,2,45486.4,60694.87996599997,15208.47996599997,0.33435224519856416,0.4928261208732361,2,"LP_PASS",7474,5250,"PARTIAL_CROSS","LIMIT:21 EXECUTE_NOW:24"
"RANDOM_INDEPENDENT-015","RANDOM_INDEPENDENT","natural/randomized","MARKET_ONLY",5,9,60983.094023000005,0,0,60983.094023000005,0,28,60983.094023000005,0,0,0,79.87017629040425,13,0,2,0,0,0,"",0.05425288937868884,0,"n/a",8539,"","MARKET_ONLY","MARKET:28"
"RANDOM_INDEPENDENT-015","RANDOM_INDEPENDENT","natural/randomized","BILATERAL_ONLY",5,9,60983.094023000005,0,0,60983.094023000005,0,28,60983.094023000005,0,0,0,79.87017629040425,13,0,2,0,0,0,"",0.05425288937868884,0.46,"n/a",8539,8539,"NO_CROSS","MARKET:28"
"RANDOM_INDEPENDENT-015","RANDOM_INDEPENDENT","natural/randomized","VENUE0_CROSSING",5,9,60983.094023000005,0,0,60983.094023000005,0,28,60983.094023000005,0,0,0,79.87017629040425,13,0,2,0,0,0,"",0.05425288937868884,1,"EXACT_PASS",8539,8539,"NO_CROSS","MARKET:28"
"RANDOM_INDEPENDENT-015","RANDOM_INDEPENDENT","natural/randomized","VENUE0_FULL",5,9,60983.094023000005,0,0,60983.094023000005,0,28,60983.094023000005,0,0,0,45.95393837183483,8,28.800606922115115,2,0,0,0,"",0.05425288937868884,1,"EXACT_PASS",8539,8539,"NO_CROSS","EXECUTE_NOW:18 LIMIT:10"
"RANDOM_INDEPENDENT-016","RANDOM_INDEPENDENT","natural/randomized","MARKET_ONLY",12,9,138996.592308,0,0,138996.592308,0,63,138996.592308,0,0,0,155.32233804330565,11,0,4,41161.08000000001,46129.43995000001,4968.359949999998,0.12070528640162011,0.38836069663049655,0,"n/a",8328,"","MARKET_ONLY","MARKET:63"
"RANDOM_INDEPENDENT-016","RANDOM_INDEPENDENT","natural/randomized","BILATERAL_ONLY",12,9,138996.592308,41161.08000000001,0.2961301375561203,97835.51230799999,0.12596099999936428,42,97835.38634699999,0,0,0,120.0715190643532,12,0,3,41161.08000000001,46129.43995000001,4968.359949999998,0.12070528640162011,0.38836069663049655,1.71,"n/a",8328,5862,"CROSSED_BILATERAL","MARKET:42"
"RANDOM_INDEPENDENT-016","RANDOM_INDEPENDENT","natural/randomized","VENUE0_CROSSING",12,9,138996.592308,46129.43995000001,0.3318746106219829,92867.15235800002,0.20127099999935183,29,92866.95108700001,0,0,0,118.39781378967798,13,0,3,41161.08000000001,46129.43995000001,4968.359949999998,0.12070528640162011,0.38836069663049655,3,"LP_PASS",8328,5564,"PARTIAL_CROSS","MARKET:29"
"RANDOM_INDEPENDENT-016","RANDOM_INDEPENDENT","natural/randomized","VENUE0_FULL",12,9,138996.592308,46129.43995000001,0.3318746106219829,92867.15235800002,0.20127099999935183,29,92866.95108700001,0,0,0,68.77921689995019,7,58.31682909271527,3,41161.08000000001,46129.43995000001,4968.359949999998,0.12070528640162011,0.38836069663049655,3,"LP_PASS",8328,5564,"PARTIAL_CROSS","LIMIT:11 EXECUTE_NOW:18"
"RANDOM_INDEPENDENT-017","RANDOM_INDEPENDENT","natural/randomized","MARKET_ONLY",9,9,130569.34049,0,0,130569.34049,0,60,130569.34049,0,0,0,128.18235062777933,10,0,3,37417.48000000001,45176.879948,7759.399947999991,0.20737366460809198,0.34600089292371056,0,"n/a",8749,"","MARKET_ONLY","MARKET:60"
"RANDOM_INDEPENDENT-017","RANDOM_INDEPENDENT","natural/randomized","BILATERAL_ONLY",9,9,130569.34049,37417.48000000001,0.28657171629710215,93151.86049,0.1086319999991403,35,93151.75185800002,0,0,0,83.4031689483642,9,0,3,37417.48000000001,45176.879948,7759.399947999991,0.20737366460809198,0.34600089292371056,1.6,"n/a",8749,6241,"CROSSED_BILATERAL","MARKET:35"
"RANDOM_INDEPENDENT-017","RANDOM_INDEPENDENT","natural/randomized","VENUE0_CROSSING",9,9,130569.34049,45176.879948,0.34599914327866266,85392.460542,0.15324200000005028,28,85392.3073,0,0,0,72.72234469813152,9,0,2,37417.48000000001,45176.879948,7759.399947999991,0.20737366460809198,0.34600089292371056,2,"LP_PASS",8749,5721,"PARTIAL_CROSS","MARKET:28"
"RANDOM_INDEPENDENT-017","RANDOM_INDEPENDENT","natural/randomized","VENUE0_FULL",9,9,130569.34049,45176.879948,0.34599914327866266,85392.460542,0.15324200000005028,28,85392.3073,0,0,0,59.7313880907262,7,14.131000787463488,2,37417.48000000001,45176.879948,7759.399947999991,0.20737366460809198,0.34600089292371056,2,"LP_PASS",8749,5721,"PARTIAL_CROSS","EXECUTE_NOW:22 LIMIT:6"
"RANDOM_INDEPENDENT-018","RANDOM_INDEPENDENT","natural/randomized","MARKET_ONLY",9,9,135562.789474,0,0,135562.789474,0,49,135562.789474,0,0,0,90.64493013756744,7,0,6,39808.92,56107.779963,16298.859963000003,0.4094273334468758,0.5841969595881554,0,"n/a",5937,"","MARKET_ONLY","MARKET:49"
"RANDOM_INDEPENDENT-018","RANDOM_INDEPENDENT","natural/randomized","BILATERAL_ONLY",9,9,135562.789474,39808.92,0.2936566896746771,95753.86947399996,0.051628999999717706,37,95753.81784499997,0,0,0,59.3591043209181,6,0,6,39808.92,56107.779963,16298.859963000003,0.4094273334468758,0.5841969595881554,0.92,"n/a",5937,4194,"CROSSED_BILATERAL","MARKET:37"
"RANDOM_INDEPENDENT-018","RANDOM_INDEPENDENT","natural/randomized","VENUE0_CROSSING",9,9,135562.789474,56107.779963,0.41388776507701686,79455.009511,0.06724299999866012,30,79454.94226799998,0,0,0,46.02507261237444,6,0,5,39808.92,56107.779963,16298.859963000003,0.4094273334468758,0.5841969595881554,2,"LP_PASS",5937,3479,"PARTIAL_CROSS","MARKET:30"
"RANDOM_INDEPENDENT-018","RANDOM_INDEPENDENT","natural/randomized","VENUE0_FULL",9,9,135562.789474,56107.779963,0.41388776507701686,79455.009511,0.06724299999866012,30,79454.94226799998,0,0,0,33.846876653380136,4,25.655055899982685,5,39808.92,56107.779963,16298.859963000003,0.4094273334468758,0.5841969595881554,2,"LP_PASS",5937,3479,"PARTIAL_CROSS","EXECUTE_NOW:22 LIMIT:8"
"RANDOM_INDEPENDENT-019","RANDOM_INDEPENDENT","natural/randomized","MARKET_ONLY",12,9,314740.317172,0,0,314740.317172,0,66,314740.317172,0,0,0,315.08137731871284,10,0,12,50430.28000000001,83682.83995299999,33252.559952999974,0.6593768655061991,0.39971052792467565,0,"n/a",8001,"","MARKET_ONLY","MARKET:66"
"RANDOM_INDEPENDENT-019","RANDOM_INDEPENDENT","natural/randomized","BILATERAL_ONLY",12,9,314740.317172,50430.28000000001,0.16022821751317215,264310.03717200004,0.08734599999993264,47,264309.949826,0,0,0,247.27607549171478,9,0,10,50430.28000000001,83682.83995299999,33252.559952999974,0.6593768655061991,0.39971052792467565,1.5,"n/a",8001,6719,"CROSSED_BILATERAL","MARKET:47"
"RANDOM_INDEPENDENT-019","RANDOM_INDEPENDENT","natural/randomized","VENUE0_CROSSING",12,9,314740.317172,83682.83995299999,0.26587899734265313,231057.47721899996,0.139646999999961,38,231057.337572,0,0,0,222.301554682772,10,0,8,50430.28000000001,83682.83995299999,33252.559952999974,0.6593768655061991,0.39971052792467565,2,"LP_PASS",8001,5873,"PARTIAL_CROSS","MARKET:38"
"RANDOM_INDEPENDENT-019","RANDOM_INDEPENDENT","natural/randomized","VENUE0_FULL",12,9,314740.317172,83682.83995299999,0.26587899734265313,231057.47721899996,0.139646999999961,38,231057.337572,0,0,0,124.78792325205718,5,95.0516346146574,8,50430.28000000001,83682.83995299999,33252.559952999974,0.6593768655061991,0.39971052792467565,2,"LP_PASS",8001,5873,"PARTIAL_CROSS","EXECUTE_NOW:26 LIMIT:12"
"RANDOM_INDEPENDENT-020","RANDOM_INDEPENDENT","natural/randomized","MARKET_ONLY",2,7,31662.380506,0,0,31662.380506,0,10,31662.380506,0,0,0,33.11802314325991,10,0,1,0,0,0,"",0,0,"n/a",9130,"","MARKET_ONLY","MARKET:10"
"RANDOM_INDEPENDENT-020","RANDOM_INDEPENDENT","natural/randomized","BILATERAL_ONLY",2,7,31662.380506,0,0,31662.380506,0,10,31662.380506,0,0,0,33.11802314325991,10,0,1,0,0,0,"",0,0,"n/a",9130,9130,"NO_CROSS","MARKET:10"
"RANDOM_INDEPENDENT-020","RANDOM_INDEPENDENT","natural/randomized","VENUE0_CROSSING",2,7,31662.380506,0,0,31662.380506,0,10,31662.380506,0,0,0,33.11802314325991,10,0,1,0,0,0,"",0,0,"EXACT_PASS",9130,9130,"NO_CROSS","MARKET:10"
"RANDOM_INDEPENDENT-020","RANDOM_INDEPENDENT","natural/randomized","VENUE0_FULL",2,7,31662.380506,0,0,31662.380506,0,10,31662.380506,0,0,0,21.35604547368958,7,15.006658152626201,1,0,0,0,"",0,0,"EXACT_PASS",9130,9130,"NO_CROSS","LIMIT:2 EXECUTE_NOW:8"
"RANDOM_INDEPENDENT-021","RANDOM_INDEPENDENT","natural/randomized","MARKET_ONLY",11,9,145885.771029,0,0,145885.771029,0,63,145885.771029,0,0,0,175.36759910100957,12,0,7,27884.48,31547.159963999995,3662.6799639999954,0.13135191920380065,0.2728489737500676,0,"n/a",5678,"","MARKET_ONLY","MARKET:63"
"RANDOM_INDEPENDENT-021","RANDOM_INDEPENDENT","natural/randomized","BILATERAL_ONLY",11,9,145885.771029,27884.48,0.1911391344290662,118001.29102899997,0.0576880000001978,51,118001.23334099997,0,0,0,147.15664094527676,12,0,6,27884.48,31547.159963999995,3662.6799639999954,0.13135191920380065,0.2728489737500676,1.41,"n/a",5678,4593,"CROSSED_BILATERAL","MARKET:51"
"RANDOM_INDEPENDENT-021","RANDOM_INDEPENDENT","natural/randomized","VENUE0_CROSSING",11,9,145885.771029,31547.159963999995,0.21624562657127727,114338.61106500002,0.09185100000032165,44,114338.519214,0,0,0,141.89678168840683,12,0,7,27884.48,31547.159963999995,3662.6799639999954,0.13135191920380065,0.2728489737500676,2,"LP_PASS",5678,4450,"PARTIAL_CROSS","MARKET:44"
"RANDOM_INDEPENDENT-021","RANDOM_INDEPENDENT","natural/randomized","VENUE0_FULL",11,9,145885.771029,31547.159963999995,0.21624562657127727,114338.61106500002,0.09185100000032165,44,114338.519214,0,0,0,83.0990320879375,7,62.05218006314658,7,27884.48,31547.159963999995,3662.6799639999954,0.13135191920380065,0.2728489737500676,2,"LP_PASS",5678,4450,"PARTIAL_CROSS","LIMIT:10 EXECUTE_NOW:34"
"RANDOM_INDEPENDENT-022","RANDOM_INDEPENDENT","natural/randomized","MARKET_ONLY",6,9,178125.26737100002,0,0,178125.26737100002,0,33,178125.26737100002,0,0,0,100.68113893120777,6,0,5,24288.200000000004,24460.079979000002,171.87997899999755,0.007076686580314619,0.22912111680930736,0,"n/a",8923,"","MARKET_ONLY","MARKET:33"
"RANDOM_INDEPENDENT-022","RANDOM_INDEPENDENT","natural/randomized","BILATERAL_ONLY",6,9,178125.26737100002,24288.200000000004,0.1363546023451712,153837.06737100004,0.04323199999983984,25,153837.02413900002,0,0,0,82.17611095963116,5,0,5,24288.200000000004,24460.079979000002,171.87997899999755,0.007076686580314619,0.22912111680930736,0.93,"n/a",8923,7707,"CROSSED_BILATERAL","MARKET:25"
"RANDOM_INDEPENDENT-022","RANDOM_INDEPENDENT","natural/randomized","VENUE0_CROSSING",6,9,178125.26737100002,24460.079979000002,0.1373195411297514,153665.18739200002,0.06446399999935792,22,153665.12292800003,0,0,0,87.30525714045079,6,0,5,24288.200000000004,24460.079979000002,171.87997899999755,0.007076686580314619,0.22912111680930736,1,"EXACT_PASS",8923,7698,"PARTIAL_CROSS","MARKET:22"
"RANDOM_INDEPENDENT-022","RANDOM_INDEPENDENT","natural/randomized","VENUE0_FULL",6,9,178125.26737100002,24460.079979000002,0.1373195411297514,153665.18739200002,0.06446399999935792,22,153665.12292800003,0,0,0,62.505816745909286,4,19.678202498575377,5,24288.200000000004,24460.079979000002,171.87997899999755,0.007076686580314619,0.22912111680930736,1,"EXACT_PASS",8923,7698,"PARTIAL_CROSS","EXECUTE_NOW:13 LIMIT:9"
"RANDOM_INDEPENDENT-023","RANDOM_INDEPENDENT","natural/randomized","MARKET_ONLY",3,9,91670.64532600001,0,0,91670.64532600001,0,19,91670.64532600001,0,0,0,55.61040888129336,6,0,4,1304.3200000000002,1432.37999,128.05998999999974,0.0981814202036308,0.05414619441532607,0,"n/a",10000,"","MARKET_ONLY","MARKET:19"
"RANDOM_INDEPENDENT-023","RANDOM_INDEPENDENT","natural/randomized","BILATERAL_ONLY",3,9,91670.64532600001,1304.3200000000002,0.014228327894513724,90366.325326,0.013819999999984844,16,90366.311506,0,0,0,54.9393916661613,6,0,4,1304.3200000000002,1432.37999,128.05998999999974,0.0981814202036308,0.05414619441532607,0.48,"n/a",10000,9858,"CROSSED_BILATERAL","MARKET:16"
"RANDOM_INDEPENDENT-023","RANDOM_INDEPENDENT","natural/randomized","VENUE0_CROSSING",3,9,91670.64532600001,1432.37999,0.01562528533432002,90238.265336,0.013823000000007468,16,90238.25151300001,0,0,0,54.90166499691374,6,0,4,1304.3200000000002,1432.37999,128.05998999999974,0.0981814202036308,0.05414619441532607,1,"EXACT_PASS",10000,9844,"PARTIAL_CROSS","MARKET:16"
"RANDOM_INDEPENDENT-023","RANDOM_INDEPENDENT","natural/randomized","VENUE0_FULL",3,9,91670.64532600001,1432.37999,0.01562528533432002,90238.265336,0.013823000000007468,16,90238.25151300001,0,0,0,34.83972690074422,4,20.36766605903915,4,1304.3200000000002,1432.37999,128.05998999999974,0.0981814202036308,0.05414619441532607,1,"EXACT_PASS",10000,9844,"PARTIAL_CROSS","EXECUTE_NOW:13 LIMIT:3"
"RANDOM_INDEPENDENT-024","RANDOM_INDEPENDENT","natural/randomized","MARKET_ONLY",2,9,22120.279304,0,0,22120.279304,0,14,22120.279304,0,0,0,43.202619324264276,20,0,0,708,707.999996,-0.000003999999989900971,-5.649717499860128e-9,0.0699830951827117,0,"n/a",9932,"","MARKET_ONLY","MARKET:14"
"RANDOM_INDEPENDENT-024","RANDOM_INDEPENDENT","natural/randomized","BILATERAL_ONLY",2,9,22120.279304,708,0.032006829130406714,21412.279304,0.0017180000000109885,13,21412.277586,0,0,0,42.209665400362624,20,0,0,708,707.999996,-0.000003999999989900971,-5.649717499860128e-9,0.0699830951827117,0.35,"n/a",9932,9615,"CROSSED_BILATERAL","MARKET:13"
"RANDOM_INDEPENDENT-024","RANDOM_INDEPENDENT","natural/randomized","VENUE0_CROSSING",2,9,22120.279304,707.999996,0.032006828949577175,21412.279308,0.0017190000000084638,13,21412.277589,0,0,0,42.20966540228708,20,0,0,708,707.999996,-0.000003999999989900971,-5.649717499860128e-9,0.0699830951827117,0,"EXACT_PASS",9932,9615,"PARTIAL_CROSS","MARKET:13"
"RANDOM_INDEPENDENT-024","RANDOM_INDEPENDENT","natural/randomized","VENUE0_FULL",2,9,22120.279304,707.999996,0.032006828949577175,21412.279308,0.0017190000000084638,13,21412.277589,0,0,0,19.716928971870875,9,17.301275945572026,0,708,707.999996,-0.000003999999989900971,-5.649717499860128e-9,0.0699830951827117,0,"EXACT_PASS",9932,9615,"PARTIAL_CROSS","EXECUTE_NOW:8 LIMIT:5"
"RANDOM_INDEPENDENT-025","RANDOM_INDEPENDENT","natural/randomized","MARKET_ONLY",7,9,63766.56001000001,0,0,63766.56001000001,0,42,63766.56001000001,0,0,0,99.47149609384802,16,0,1,13361.480000000003,16318.359964999998,2956.8799649999946,0.221298835533189,0.2731357320399382,0,"n/a",7574,"","MARKET_ONLY","MARKET:42"
"RANDOM_INDEPENDENT-025","RANDOM_INDEPENDENT","natural/randomized","BILATERAL_ONLY",7,9,63766.56001000001,13361.480000000003,0.20953741268001014,50405.08000999999,0.0655010000000118,30,50405.01450899999,0,0,0,86.35722182048175,17,0,1,13361.480000000003,16318.359964999998,2956.8799649999946,0.221298835533189,0.2731357320399382,0.95,"n/a",7574,5986,"CROSSED_BILATERAL","MARKET:30"
"RANDOM_INDEPENDENT-025","RANDOM_INDEPENDENT","natural/randomized","VENUE0_CROSSING",7,9,63766.56001000001,16318.359964999998,0.25590779810673364,47448.20004499998,0.09824600000026251,25,47448.10179899999,0,0,0,83.39354561226028,18,0,1,13361.480000000003,16318.359964999998,2956.8799649999946,0.221298835533189,0.2731357320399382,1,"LP_PASS",7574,5635,"PARTIAL_CROSS","MARKET:25"
"RANDOM_INDEPENDENT-025","RANDOM_INDEPENDENT","natural/randomized","VENUE0_FULL",7,9,63766.56001000001,16318.359964999998,0.25590779810673364,47448.20004499998,0.09824600000026251,25,47448.10179899999,0,0,0,39.29730276224381,8,34.1516751629207,1,13361.480000000003,16318.359964999998,2956.8799649999946,0.221298835533189,0.2731357320399382,1,"LP_PASS",7574,5635,"PARTIAL_CROSS","EXECUTE_NOW:17 LIMIT:8"
"RANDOM_INDEPENDENT-026","RANDOM_INDEPENDENT","natural/randomized","MARKET_ONLY",8,9,128327.86104199999,0,0,128327.86104199999,0,42,128327.86104199999,0,0,0,112.72775700091917,9,0,6,47560.96000000001,55032.299967,7471.339966999993,0.15708976368433253,0.5088045055050845,0,"n/a",7462,"","MARKET_ONLY","MARKET:42"
"RANDOM_INDEPENDENT-026","RANDOM_INDEPENDENT","natural/randomized","BILATERAL_ONLY",8,9,128327.86104199999,47560.96000000001,0.3706206868392667,80766.90104200004,0.06161399999992234,30,80766.83942800002,0,0,0,74.32349362603914,9,0,2,47560.96000000001,55032.299967,7471.339966999993,0.15708976368433253,0.5088045055050845,0.9,"n/a",7462,4696,"CROSSED_BILATERAL","MARKET:30"
"RANDOM_INDEPENDENT-026","RANDOM_INDEPENDENT","natural/randomized","VENUE0_CROSSING",8,9,128327.86104199999,55032.299967,0.4288414029513721,73295.56107499999,0.0908060000007147,25,73295.470269,0,0,0,75.81374985704117,10,0,3,47560.96000000001,55032.299967,7471.339966999993,0.15708976368433253,0.5088045055050845,1,"LP_PASS",7462,4262,"PARTIAL_CROSS","MARKET:25"
"RANDOM_INDEPENDENT-026","RANDOM_INDEPENDENT","natural/randomized","VENUE0_FULL",8,9,128327.86104199999,55032.299967,0.4288414029513721,73295.56107499999,0.0908060000007147,25,73295.470269,0,0,0,51.796159213952,7,28.719255589078784,3,47560.96000000001,55032.299967,7471.339966999993,0.15708976368433253,0.5088045055050845,1,"LP_PASS",7462,4262,"PARTIAL_CROSS","EXECUTE_NOW:17 LIMIT:8"
"RANDOM_INDEPENDENT-027","RANDOM_INDEPENDENT","natural/randomized","MARKET_ONLY",11,9,225238.51984499997,0,0,225238.51984499997,0,66,225238.51984499997,0,0,0,302.77051261653713,13,0,6,58030.159999999996,70209.63995900001,12179.479959000011,0.2098818951903633,0.4030223012585435,0,"n/a",8248,"","MARKET_ONLY","MARKET:66"
"RANDOM_INDEPENDENT-027","RANDOM_INDEPENDENT","natural/randomized","BILATERAL_ONLY",11,9,225238.51984499997,58030.159999999996,0.2576387024738664,167208.35984500003,0.08784000000047953,47,167208.27200500004,0,0,0,212.80840199879114,13,0,4,58030.159999999996,70209.63995900001,12179.479959000011,0.2098818951903633,0.4030223012585435,1.9,"n/a",8248,6123,"CROSSED_BILATERAL","MARKET:47"
"RANDOM_INDEPENDENT-027","RANDOM_INDEPENDENT","natural/randomized","VENUE0_CROSSING",11,9,225238.51984499997,70209.63995900001,0.3117124016234676,155028.879886,0.09019600000062766,44,155028.78969,0,0,0,194.1167808859252,13,0,5,58030.159999999996,70209.63995900001,12179.479959000011,0.2098818951903633,0.4030223012585435,2,"LP_PASS",8248,5677,"PARTIAL_CROSS","MARKET:44"
"RANDOM_INDEPENDENT-027","RANDOM_INDEPENDENT","natural/randomized","VENUE0_FULL",11,9,225238.51984499997,70209.63995900001,0.3117124016234676,155028.879886,0.09019600000062766,44,155028.78969,0,0,0,128.60999966354555,8,62.94235913266704,5,58030.159999999996,70209.63995900001,12179.479959000011,0.2098818951903633,0.4030223012585435,2,"LP_PASS",8248,5677,"PARTIAL_CROSS","EXECUTE_NOW:25 LIMIT:19"
"RANDOM_INDEPENDENT-028","RANDOM_INDEPENDENT","natural/randomized","MARKET_ONLY",12,9,129376.74282400002,0,0,129376.74282400002,0,69,129376.74282400002,0,0,0,94.74620947136751,7,0,2,31070.239999999994,34515.079948999984,3444.83994899999,0.11087265334931404,0.3383756639441304,0,"n/a",7530,"","MARKET_ONLY","MARKET:69"
"RANDOM_INDEPENDENT-028","RANDOM_INDEPENDENT","natural/randomized","BILATERAL_ONLY",12,9,129376.74282400002,31070.239999999994,0.24015320931573425,98306.50282400001,0.11242100000016464,48,98306.39040300001,0,0,0,65.11359034815074,7,0,2,31070.239999999994,34515.079948999984,3444.83994899999,0.11087265334931404,0.3383756639441304,1.75,"n/a",7530,5721,"CROSSED_BILATERAL","MARKET:48"
"RANDOM_INDEPENDENT-028","RANDOM_INDEPENDENT","natural/randomized","VENUE0_CROSSING",12,9,129376.74282400002,34515.079948999984,0.2667796328429229,94861.66287500001,0.15484900000000135,39,94861.50802600001,0,0,0,62.56281301183006,7,0,2,31070.239999999994,34515.079948999984,3444.83994899999,0.11087265334931404,0.3383756639441304,2,"LP_PASS",7530,5521,"PARTIAL_CROSS","MARKET:39"
"RANDOM_INDEPENDENT-028","RANDOM_INDEPENDENT","natural/randomized","VENUE0_FULL",12,9,129376.74282400002,34515.079948999984,0.2667796328429229,94861.66287500001,0.15484900000000135,39,94861.50802600001,0,0,0,30.848039862829072,3,3.01067625211792,2,31070.239999999994,34515.079948999984,3444.83994899999,0.11087265334931404,0.3383756639441304,2,"LP_PASS",7530,5521,"PARTIAL_CROSS","EXECUTE_NOW:26 LIMIT:13"
"RANDOM_INDEPENDENT-029","RANDOM_INDEPENDENT","natural/randomized","MARKET_ONLY",9,9,243239.99995299993,0,0,243239.99995299993,0,57,243239.99995299993,0,0,0,195.0372396428048,8,0,5,67911.04,91328.35995700001,23417.319957000014,0.344823462532749,0.4017745509738671,0,"n/a",8209,"","MARKET_ONLY","MARKET:57"
"RANDOM_INDEPENDENT-029","RANDOM_INDEPENDENT","natural/randomized","BILATERAL_ONLY",9,9,243239.99995299993,67911.04,0.27919355374577415,175328.95995299998,0.079562999999645,42,175328.88038999998,0,0,0,121.81953311844674,7,0,5,67911.04,91328.35995700001,23417.319957000014,0.344823462532749,0.4017745509738671,1.3,"n/a",8209,5917,"CROSSED_BILATERAL","MARKET:42"
"RANDOM_INDEPENDENT-029","RANDOM_INDEPENDENT","natural/randomized","VENUE0_CROSSING",9,9,243239.99995299993,91328.35995700001,0.3754660416652152,151911.63999599998,0.10275799999955382,34,151911.53723799996,0,0,0,107.84658607711195,7,0,5,67911.04,91328.35995700001,23417.319957000014,0.344823462532749,0.4017745509738671,2,"LP_PASS",8209,5127,"PARTIAL_CROSS","MARKET:34"
"RANDOM_INDEPENDENT-029","RANDOM_INDEPENDENT","natural/randomized","VENUE0_FULL",9,9,243239.99995299993,91328.35995700001,0.3754660416652152,151911.63999599998,0.10275799999955382,34,151911.53723799996,0,0,0,61.084633557471896,4,11.452675306001336,5,67911.04,91328.35995700001,23417.319957000014,0.344823462532749,0.4017745509738671,2,"LP_PASS",8209,5127,"PARTIAL_CROSS","EXECUTE_NOW:24 LIMIT:10"
"RANDOM_INDEPENDENT-030","RANDOM_INDEPENDENT","natural/randomized","MARKET_ONLY",3,7,7254.421990999999,0,0,7254.421990999999,0,14,7254.421990999999,0,0,0,3.3909708714446265,5,0,0,1675.1199999999997,2118.25999,443.13999000000035,0.2645422357801235,0.31245150982560205,0,"n/a",8338,"","MARKET_ONLY","MARKET:14"
"RANDOM_INDEPENDENT-030","RANDOM_INDEPENDENT","natural/randomized","BILATERAL_ONLY",3,7,7254.421990999999,1675.1199999999997,0.23091019547500705,5579.301991,0.007677000000001044,11,5579.294314,0,0,0,2.2845260067759043,4,0,0,1675.1199999999997,2118.25999,443.13999000000035,0.2645422357801235,0.31245150982560205,0.56,"n/a",8338,6413,"CROSSED_BILATERAL","MARKET:11"
"RANDOM_INDEPENDENT-030","RANDOM_INDEPENDENT","natural/randomized","VENUE0_CROSSING",3,7,7254.421990999999,2118.25999,0.2919956948503908,5136.162001,0.011674999999996771,10,5136.150326,0,0,0,1.7296670726879122,3,0,0,1675.1199999999997,2118.25999,443.13999000000035,0.2645422357801235,0.31245150982560205,1,"EXACT_PASS",8338,5903,"PARTIAL_CROSS","MARKET:10"
"RANDOM_INDEPENDENT-030","RANDOM_INDEPENDENT","natural/randomized","VENUE0_FULL",3,7,7254.421990999999,2118.25999,0.2919956948503908,5136.162001,0.011674999999996771,10,5136.150326,0,0,0,1.7296670726879122,3,0,0,1675.1199999999997,2118.25999,443.13999000000035,0.2645422357801235,0.31245150982560205,1,"EXACT_PASS",8338,5903,"PARTIAL_CROSS","EXECUTE_NOW:10"
"RANDOM_INDEPENDENT-031","RANDOM_INDEPENDENT","natural/randomized","MARKET_ONLY",7,9,61205.471752,0,0,61205.471752,0,40,61205.471752,0,0,0,50.715501402512245,8,0,1,19010.75999999999,19701.419968000002,690.6599680000108,0.03632995040703323,0.445983000810839,0,"n/a",6711,"","MARKET_ONLY","MARKET:40"
"RANDOM_INDEPENDENT-031","RANDOM_INDEPENDENT","natural/randomized","BILATERAL_ONLY",7,9,61205.471752,19010.75999999999,0.31060556280049884,42194.711752,0.08203500000029162,25,42194.629716999996,0,0,0,33.76876904365231,8,0,1,19010.75999999999,19701.419968000002,690.6599680000108,0.03632995040703323,0.445983000810839,0.78,"n/a",6711,4626,"CROSSED_BILATERAL","MARKET:25"
"RANDOM_INDEPENDENT-031","RANDOM_INDEPENDENT","natural/randomized","VENUE0_CROSSING",7,9,61205.471752,19701.419968000002,0.32188984749318955,41504.051784,0.11425300000033722,22,41503.937531,0,0,0,36.181821191997706,9,0,1,19010.75999999999,19701.419968000002,690.6599680000108,0.03632995040703323,0.445983000810839,1,"LP_PASS",6711,4551,"PARTIAL_CROSS","MARKET:22"
"RANDOM_INDEPENDENT-031","RANDOM_INDEPENDENT","natural/randomized","VENUE0_FULL",7,9,61205.471752,19701.419968000002,0.32188984749318955,41504.051784,0.11425300000033722,22,41503.937531,0,0,0,20.409977415158245,5,12.588838881132377,1,19010.75999999999,19701.419968000002,690.6599680000108,0.03632995040703323,0.445983000810839,1,"LP_PASS",6711,4551,"PARTIAL_CROSS","LIMIT:8 EXECUTE_NOW:14"
"RANDOM_INDEPENDENT-032","RANDOM_INDEPENDENT","natural/randomized","MARKET_ONLY",6,9,68328.951531,0,0,68328.951531,0,36,68328.951531,0,0,0,77.04593243924495,11,0,0,16782.600000000002,21887.919979000006,5105.3199790000035,0.30420316154827043,0.3524867932310202,0,"n/a",8929,"","MARKET_ONLY","MARKET:36"
"RANDOM_INDEPENDENT-032","RANDOM_INDEPENDENT","natural/randomized","BILATERAL_ONLY",6,9,68328.951531,16782.600000000002,0.24561477417644767,51546.351531,0.02689099999957989,29,51546.32464,0,0,0,57.950995620369966,11,0,0,16782.600000000002,21887.919979000006,5105.3199790000035,0.30420316154827043,0.3524867932310202,0.79,"n/a",8929,6736,"CROSSED_BILATERAL","MARKET:29"
"RANDOM_INDEPENDENT-032","RANDOM_INDEPENDENT","natural/randomized","VENUE0_CROSSING",6,9,68328.951531,21887.919979000006,0.32033156500388754,46441.031552000015,0.036566000000535226,27,46440.99498600001,0,0,0,49.131890874489045,11,0,0,16782.600000000002,21887.919979000006,5105.3199790000035,0.30420316154827043,0.3524867932310202,1,"EXACT_PASS",8929,6069,"PARTIAL_CROSS","MARKET:27"
"RANDOM_INDEPENDENT-032","RANDOM_INDEPENDENT","natural/randomized","VENUE0_FULL",6,9,68328.951531,21887.919979000006,0.32033156500388754,46441.031552000015,0.036566000000535226,27,46440.99498600001,0,0,0,23.15668068576492,5,16.152845902329357,0,16782.600000000002,21887.919979000006,5105.3199790000035,0.30420316154827043,0.3524867932310202,1,"EXACT_PASS",8929,6069,"PARTIAL_CROSS","EXECUTE_NOW:16 LIMIT:11"
"RANDOM_INDEPENDENT-033","RANDOM_INDEPENDENT","natural/randomized","MARKET_ONLY",7,9,89866.08826900001,0,0,89866.08826900001,0,38,89866.08826900001,0,0,0,42.748820791610086,5,0,3,4890.76,5947.739979,1056.9799789999997,0.21611773609827506,0.12660133161626264,0,"n/a",8276,"","MARKET_ONLY","MARKET:38"
"RANDOM_INDEPENDENT-033","RANDOM_INDEPENDENT","natural/randomized","BILATERAL_ONLY",7,9,89866.08826900001,4890.76,0.05442275383524293,84975.32826900002,0.05382400000003251,29,84975.27444500002,0,0,0,38.312309076859776,5,0,3,4890.76,5947.739979,1056.9799789999997,0.21611773609827506,0.12660133161626264,0.67,"n/a",8276,7825,"CROSSED_BILATERAL","MARKET:29"
"RANDOM_INDEPENDENT-033","RANDOM_INDEPENDENT","natural/randomized","VENUE0_CROSSING",7,9,89866.08826900001,5947.739979,0.06618447618634934,83918.34829000001,0.06189399999999701,28,83918.28639600001,0,0,0,37.390565083017975,4,0,3,4890.76,5947.739979,1056.9799789999997,0.21611773609827506,0.12660133161626264,1,"LP_PASS",8276,7728,"PARTIAL_CROSS","MARKET:28"
"RANDOM_INDEPENDENT-033","RANDOM_INDEPENDENT","natural/randomized","VENUE0_FULL",7,9,89866.08826900001,5947.739979,0.06618447618634934,83918.34829000001,0.06189399999999701,28,83918.28639600001,0,0,0,21.986287843012665,3,-11.780542726104219,3,4890.76,5947.739979,1056.9799789999997,0.21611773609827506,0.12660133161626264,1,"LP_PASS",8276,7728,"PARTIAL_CROSS","EXECUTE_NOW:23 LIMIT:5"
"RANDOM_INDEPENDENT-034","RANDOM_INDEPENDENT","natural/randomized","MARKET_ONLY",8,9,109844.23298100005,0,0,109844.23298100005,0,48,109844.23298100005,0,0,0,185.45814407818435,17,0,3,15564.399999999996,17405.959969,1841.5599690000035,0.11831872536043818,0.1853555564771593,0,"n/a",8548,"","MARKET_ONLY","MARKET:48"
"RANDOM_INDEPENDENT-034","RANDOM_INDEPENDENT","natural/randomized","BILATERAL_ONLY",8,9,109844.23298100005,15564.399999999996,0.14169519489195392,94279.83298099999,0.06260200000014837,33,94279.770379,0,0,0,164.62433132534596,17,0,3,15564.399999999996,17405.959969,1841.5599690000035,0.11831872536043818,0.1853555564771593,0.94,"n/a",8548,7337,"CROSSED_BILATERAL","MARKET:33"
"RANDOM_INDEPENDENT-034","RANDOM_INDEPENDENT","natural/randomized","VENUE0_CROSSING",8,9,109844.23298100005,17405.959969,0.1584603897412688,92438.273012,0.07594900000017546,32,92438.19706300003,0,0,0,163.3605760386626,18,0,3,15564.399999999996,17405.959969,1841.5599690000035,0.11831872536043818,0.1853555564771593,1,"LP_PASS",8548,7194,"PARTIAL_CROSS","MARKET:32"
"RANDOM_INDEPENDENT-034","RANDOM_INDEPENDENT","natural/randomized","VENUE0_FULL",8,9,109844.23298100005,17405.959969,0.1584603897412688,92438.273012,0.07594900000017546,32,92438.19706300003,0,0,0,79.30129132833959,9,58.02691148168379,3,15564.399999999996,17405.959969,1841.5599690000035,0.11831872536043818,0.1853555564771593,1,"LP_PASS",8548,7194,"PARTIAL_CROSS","LIMIT:16 EXECUTE_NOW:16"
"RANDOM_INDEPENDENT-035","RANDOM_INDEPENDENT","natural/randomized","MARKET_ONLY",3,8,12732.174603999998,0,0,12732.174603999998,0,14,12732.174603999998,0,0,0,19.16199765669321,15,0,0,0,0,0,"",0.007946442390777004,0,"n/a",3145,"","MARKET_ONLY","MARKET:14"
"RANDOM_INDEPENDENT-035","RANDOM_INDEPENDENT","natural/randomized","BILATERAL_ONLY",3,8,12732.174603999998,0,0,12732.174603999998,0,14,12732.174603999998,0,0,0,19.16199765669321,15,0,0,0,0,0,"",0.007946442390777004,0.65,"n/a",3145,3145,"NO_CROSS","MARKET:14"
"RANDOM_INDEPENDENT-035","RANDOM_INDEPENDENT","natural/randomized","VENUE0_CROSSING",3,8,12732.174603999998,0,0,12732.174603999998,0,14,12732.174603999998,0,0,0,19.16199765669321,15,0,0,0,0,0,"",0.007946442390777004,1,"EXACT_PASS",3145,3145,"NO_CROSS","MARKET:14"
"RANDOM_INDEPENDENT-035","RANDOM_INDEPENDENT","natural/randomized","VENUE0_FULL",3,8,12732.174603999998,0,0,12732.174603999998,0,14,12732.174603999998,0,0,0,9.71545306851995,8,7.5527401104553595,0,0,0,0,"",0.007946442390777004,1,"EXACT_PASS",3145,3145,"NO_CROSS","LIMIT:5 EXECUTE_NOW:9"
"RANDOM_INDEPENDENT-036","RANDOM_INDEPENDENT","natural/randomized","MARKET_ONLY",2,4,17094.519142,0,0,17094.519142,0,7,17094.519142,0,0,0,7.212588315200835,4,0,0,1678.3600000000001,1678.3599940000001,-0.000005999999984851456,-3.574918363671355e-9,0.09818209521181277,0,"n/a",8395,"","MARKET_ONLY","MARKET:7"
"RANDOM_INDEPENDENT-036","RANDOM_INDEPENDENT","natural/randomized","BILATERAL_ONLY",2,4,17094.519142,1678.3600000000001,0.09818117643779699,15416.159142,0.007853000000004329,4,15416.151289000001,0,0,0,5.551345922160345,4,0,0,1678.3600000000001,1678.3599940000001,-0.000005999999984851456,-3.574918363671355e-9,0.09818209521181277,0.35,"n/a",8395,7571,"CROSSED_BILATERAL","MARKET:4"
"RANDOM_INDEPENDENT-036","RANDOM_INDEPENDENT","natural/randomized","VENUE0_CROSSING",2,4,17094.519142,1678.3599940000001,0.0981811760868073,15416.159148,0.007856000000053598,4,15416.151292,0,0,0,5.551345924544573,4,0,0,1678.3600000000001,1678.3599940000001,-0.000005999999984851456,-3.574918363671355e-9,0.09818209521181277,0,"EXACT_PASS",8395,7571,"PARTIAL_CROSS","MARKET:4"
"RANDOM_INDEPENDENT-036","RANDOM_INDEPENDENT","natural/randomized","VENUE0_FULL",2,4,17094.519142,1678.3599940000001,0.0981811760868073,15416.159148,0.007856000000053598,4,15416.151292,0,0,0,4.769449201884839,3,-0.10379164476723468,0,1678.3600000000001,1678.3599940000001,-0.000005999999984851456,-3.574918363671355e-9,0.09818209521181277,0,"EXACT_PASS",8395,7571,"PARTIAL_CROSS","EXECUTE_NOW:2 LIMIT:2"
"RANDOM_INDEPENDENT-037","RANDOM_INDEPENDENT","natural/randomized","MARKET_ONLY",4,9,13839.893682999998,0,0,13839.893682999998,0,22,13839.893682999998,0,0,0,16.68265322485609,12,0,0,0,0,0,"",0.08409535915941474,0,"n/a",6892,"","MARKET_ONLY","MARKET:22"
"RANDOM_INDEPENDENT-037","RANDOM_INDEPENDENT","natural/randomized","BILATERAL_ONLY",4,9,13839.893682999998,0,0,13839.893682999998,0,22,13839.893682999998,0,0,0,16.68265322485609,12,0,0,0,0,0,"",0.08409535915941474,0.43,"n/a",6892,6892,"NO_CROSS","MARKET:22"
"RANDOM_INDEPENDENT-037","RANDOM_INDEPENDENT","natural/randomized","VENUE0_CROSSING",4,9,13839.893682999998,0,0,13839.893682999998,0,22,13839.893682999998,0,0,0,16.68265322485609,12,0,0,0,0,0,"",0.08409535915941474,1,"EXACT_PASS",6892,6892,"NO_CROSS","MARKET:22"
"RANDOM_INDEPENDENT-037","RANDOM_INDEPENDENT","natural/randomized","VENUE0_FULL",4,9,13839.893682999998,0,0,13839.893682999998,0,22,13839.893682999998,0,0,0,10.089038305105582,7,7.810205220384568,0,0,0,0,"",0.08409535915941474,1,"EXACT_PASS",6892,6892,"NO_CROSS","EXECUTE_NOW:15 LIMIT:7"
"RANDOM_INDEPENDENT-038","RANDOM_INDEPENDENT","natural/randomized","MARKET_ONLY",4,9,214410.69715700002,0,0,214410.69715700002,0,24,214410.69715700002,0,0,0,240.57736334823377,11,0,7,104352.16,126389.09998100002,22036.939981000018,0.21117857053462064,0.6558516293197408,0,"n/a",9327,"","MARKET_ONLY","MARKET:24"
"RANDOM_INDEPENDENT-038","RANDOM_INDEPENDENT","natural/randomized","BILATERAL_ONLY",4,9,214410.69715700002,104352.16,0.48669288138916506,110058.537157,0.037812999997527186,18,110058.499344,0,0,0,138.1384453079846,13,0,5,104352.16,126389.09998100002,22036.939981000018,0.21117857053462064,0.6558516293197408,0.62,"n/a",9327,4787,"CROSSED_BILATERAL","MARKET:18"
"RANDOM_INDEPENDENT-038","RANDOM_INDEPENDENT","natural/randomized","VENUE0_CROSSING",4,9,214410.69715700002,126389.09998100002,0.5894719883703047,88021.597176,0.04430899999641724,16,88021.55286699999,0,0,0,102.10875686557068,12,0,4,104352.16,126389.09998100002,22036.939981000018,0.21117857053462064,0.6558516293197408,1,"EXACT_PASS",9327,3828,"PARTIAL_CROSS","MARKET:16"
"RANDOM_INDEPENDENT-038","RANDOM_INDEPENDENT","natural/randomized","VENUE0_FULL",4,9,214410.69715700002,126389.09998100002,0.5894719883703047,88021.597176,0.04430899999641724,16,88021.55286699999,0,0,0,60.886160116546684,7,46.38887859131472,4,104352.16,126389.09998100002,22036.939981000018,0.21117857053462064,0.6558516293197408,1,"EXACT_PASS",9327,3828,"PARTIAL_CROSS","EXECUTE_NOW:8 LIMIT:8"
"RANDOM_INDEPENDENT-039","RANDOM_INDEPENDENT","natural/randomized","MARKET_ONLY",2,8,5262.292897000001,0,0,5262.292897000001,0,12,5262.292897000001,0,0,0,6.602506811948814,13,0,0,11.88,11.879996,-0.000004000000000559112,-3.3670033674739995e-7,0.07042506474910872,0,"n/a",5030,"","MARKET_ONLY","MARKET:12"
"RANDOM_INDEPENDENT-039","RANDOM_INDEPENDENT","natural/randomized","BILATERAL_ONLY",2,8,5262.292897000001,11.88,0.0022575710308281607,5250.412897000002,0.005553999999999615,11,5250.407343000002,0,0,0,6.5851203301928365,13,0,0,11.88,11.879996,-0.000004000000000559112,-3.3670033674739995e-7,0.07042506474910872,0.36,"n/a",5030,5020,"CROSSED_BILATERAL","MARKET:11"
"RANDOM_INDEPENDENT-039","RANDOM_INDEPENDENT","natural/randomized","VENUE0_CROSSING",2,8,5262.292897000001,11.879996,0.0022575702707032345,5250.412901000001,0.005554999999999755,11,5250.407346000001,0,0,0,6.5851203327842605,13,0,0,11.88,11.879996,-0.000004000000000559112,-3.3670033674739995e-7,0.07042506474910872,1,"EXACT_PASS",5030,5020,"PARTIAL_CROSS","MARKET:11"
"RANDOM_INDEPENDENT-039","RANDOM_INDEPENDENT","natural/randomized","VENUE0_FULL",2,8,5262.292897000001,11.879996,0.0022575702707032345,5250.412901000001,0.005554999999999755,11,5250.407346000001,0,0,0,4.936589303094829,9,2.315615842241716,0,11.88,11.879996,-0.000004000000000559112,-3.3670033674739995e-7,0.07042506474910872,1,"EXACT_PASS",5030,5020,"PARTIAL_CROSS","EXECUTE_NOW:9 LIMIT:2"
"THEME_CIRCLE-000","THEME_CIRCLE","natural/randomized","MARKET_ONLY",12,5,65330.27063299999,0,0,65330.27063299999,0,56,65330.27063299999,0,0,0,70.28609840474911,11,0,0,30591.039999999997,38050.519963000006,7459.479963000009,0.24384525544080912,0.6511118088421527,0,"n/a",4938,"","MARKET_ONLY","MARKET:56"
"THEME_CIRCLE-000","THEME_CIRCLE","natural/randomized","BILATERAL_ONLY",12,5,65330.27063299999,30591.039999999997,0.46825215483720467,34739.230633,0.15005000000006774,31,34739.080582999995,0,0,0,32.954587445062366,9,0,0,30591.039999999997,38050.519963000006,7459.479963000009,0.24384525544080912,0.6511118088421527,1.83,"n/a",4938,2626,"CROSSED_BILATERAL","MARKET:31"
"THEME_CIRCLE-000","THEME_CIRCLE","natural/randomized","VENUE0_CROSSING",12,5,65330.27063299999,38050.519963000006,0.5824332211441922,27279.75067000001,0.1326489999995708,35,27279.618021000002,0,0,0,24.963513444134755,9,0,0,30591.039999999997,38050.519963000006,7459.479963000009,0.24384525544080912,0.6511118088421527,2,"LP_PASS",4938,2062,"PARTIAL_CROSS","MARKET:35"
"THEME_CIRCLE-000","THEME_CIRCLE","natural/randomized","VENUE0_FULL",12,5,65330.27063299999,38050.519963000006,0.5824332211441922,27279.75067000001,0.1326489999995708,35,27279.618021000002,0,0,0,4.110320516903944,2,-0.6635773575409689,0,30591.039999999997,38050.519963000006,7459.479963000009,0.24384525544080912,0.6511118088421527,2,"LP_PASS",4938,2062,"PARTIAL_CROSS","EXECUTE_NOW:27 LIMIT:8"
"THEME_CIRCLE-001","THEME_CIRCLE","natural/randomized","MARKET_ONLY",7,5,214677.520694,0,0,214677.520694,0,33,214677.520694,0,0,0,287.7101242543969,13,0,10,127840.19999999998,176366.03997200003,48525.839972000045,0.37958200919585583,0.8423045657199719,0,"n/a",7792,"","MARKET_ONLY","MARKET:33"
"THEME_CIRCLE-001","THEME_CIRCLE","natural/randomized","BILATERAL_ONLY",7,5,214677.520694,127840.19999999998,0.5954987722362538,86837.32069399998,0.09618700000076874,17,86837.22450699998,0,0,0,85.10902534453594,10,0,4,127840.19999999998,176366.03997200003,48525.839972000045,0.37958200919585583,0.8423045657199719,0.88,"n/a",7792,3152,"CROSSED_BILATERAL","MARKET:17"
"THEME_CIRCLE-001","THEME_CIRCLE","natural/randomized","VENUE0_CROSSING",7,5,214677.520694,176366.03997200003,0.8215393926753565,38311.48072200001,0.11725399999940933,16,38311.36346800001,0,0,0,49.01674080537588,13,0,1,127840.19999999998,176366.03997200003,48525.839972000045,0.37958200919585583,0.8423045657199719,1,"LP_PASS",7792,1390,"PARTIAL_CROSS","MARKET:16"
"THEME_CIRCLE-001","THEME_CIRCLE","natural/randomized","VENUE0_FULL",7,5,214677.520694,176366.03997200003,0.8215393926753565,38311.48072200001,0.11725399999940933,16,38311.36346800001,0,0,0,35.07137503309387,9,11.63599041534904,1,127840.19999999998,176366.03997200003,48525.839972000045,0.37958200919585583,0.8423045657199719,1,"LP_PASS",7792,1390,"PARTIAL_CROSS","EXECUTE_NOW:13 LIMIT:3"
"THEME_CIRCLE-002","THEME_CIRCLE","natural/randomized","MARKET_ONLY",11,5,124130.138388,0,0,124130.138388,0,52,124130.138388,0,0,0,177.62874249506558,14,0,3,35494.600000000006,40571.23995799999,5076.639957999985,0.14302569850061655,0.37907021523589024,0,"n/a",7547,"","MARKET_ONLY","MARKET:52"
"THEME_CIRCLE-002","THEME_CIRCLE","natural/randomized","BILATERAL_ONLY",11,5,124130.138388,35494.600000000006,0.28594667226626863,88635.53838799999,0.14037299999862185,24,88635.39801500001,0,0,0,151.6331184546753,17,0,3,35494.600000000006,40571.23995799999,5076.639957999985,0.14302569850061655,0.37907021523589024,1.9,"n/a",7547,5389,"CROSSED_BILATERAL","MARKET:24"
"THEME_CIRCLE-002","THEME_CIRCLE","natural/randomized","VENUE0_CROSSING",11,5,124130.138388,40571.23995799999,0.3268443948010786,83558.89843000004,0.13775500000051188,22,83558.760675,0,0,0,149.0743776768075,18,0,3,35494.600000000006,40571.23995799999,5076.639957999985,0.14302569850061655,0.37907021523589024,2,"LP_PASS",7547,5080,"PARTIAL_CROSS","MARKET:22"
"THEME_CIRCLE-002","THEME_CIRCLE","natural/randomized","VENUE0_FULL",11,5,124130.138388,40571.23995799999,0.3268443948010786,83558.89843000004,0.13775500000051188,22,83558.760675,0,0,0,80.9650376923607,10,63.77933259849689,3,35494.600000000006,40571.23995799999,5076.639957999985,0.14302569850061655,0.37907021523589024,2,"LP_PASS",7547,5080,"PARTIAL_CROSS","LIMIT:10 EXECUTE_NOW:12"
"THEME_CIRCLE-003","THEME_CIRCLE","natural/randomized","MARKET_ONLY",12,5,137428.595111,0,0,137428.595111,0,57,137428.595111,0,0,0,170.52543426875462,12,0,5,36283.16,37977.73995999999,1694.5799599999882,0.04670431020892304,0.3790660588353077,0,"n/a",6963,"","MARKET_ONLY","MARKET:57"
"THEME_CIRCLE-003","THEME_CIRCLE","natural/randomized","BILATERAL_ONLY",12,5,137428.595111,36283.16,0.2640146322582602,101145.43511100001,0.12038499999932739,35,101145.314726,0,0,0,126.8044372159206,13,0,4,36283.16,37977.73995999999,1694.5799599999882,0.04670431020892304,0.3790660588353077,1.77,"n/a",6963,5124,"CROSSED_BILATERAL","MARKET:35"
"THEME_CIRCLE-003","THEME_CIRCLE","natural/randomized","VENUE0_CROSSING",12,5,137428.595111,37977.73995999999,0.27634525354294476,99450.855151,0.13727800000006363,30,99450.717873,0,0,0,124.19202695233108,12,0,4,36283.16,37977.73995999999,1694.5799599999882,0.04670431020892304,0.3790660588353077,2,"LP_PASS",6963,5038,"PARTIAL_CROSS","MARKET:30"
"THEME_CIRCLE-003","THEME_CIRCLE","natural/randomized","VENUE0_FULL",12,5,137428.595111,37977.73995999999,0.27634525354294476,99450.855151,0.13727800000006363,30,99450.717873,0,0,0,49.72183823799995,5,34.60246000357779,4,36283.16,37977.73995999999,1694.5799599999882,0.04670431020892304,0.3790660588353077,2,"LP_PASS",6963,5038,"PARTIAL_CROSS","LIMIT:15 EXECUTE_NOW:15"
"THEME_CIRCLE-004","THEME_CIRCLE","natural/randomized","MARKET_ONLY",12,5,201255.7364299999,0,0,201255.7364299999,0,55,201255.7364299999,0,0,0,291.14040899857355,14,0,7,105797.04000000002,111257.33995999998,5460.29995999996,0.05161108439328699,0.6605243959753504,0,"n/a",6885,"","MARKET_ONLY","MARKET:55"
"THEME_CIRCLE-004","THEME_CIRCLE","natural/randomized","BILATERAL_ONLY",12,5,201255.7364299999,105797.04000000002,0.5256845935260981,95458.69643,0.09411299999954914,33,95458.60231699998,0,0,0,133.33670502866076,14,0,3,105797.04000000002,111257.33995999998,5460.29995999996,0.05161108439328699,0.6605243959753504,1.8,"n/a",6885,3265,"CROSSED_BILATERAL","MARKET:33"
"THEME_CIRCLE-004","THEME_CIRCLE","natural/randomized","VENUE0_CROSSING",12,5,201255.7364299999,111257.33995999998,0.5528157454468242,89998.39647000002,0.15129900000091756,28,89998.245171,0,0,0,130.03955675673183,14,0,3,105797.04000000002,111257.33995999998,5460.29995999996,0.05161108439328699,0.6605243959753504,2,"LP_PASS",6885,3079,"PARTIAL_CROSS","MARKET:28"
"THEME_CIRCLE-004","THEME_CIRCLE","natural/randomized","VENUE0_FULL",12,5,201255.7364299999,111257.33995999998,0.5528157454468242,89998.39647000002,0.15129900000091756,28,89998.245171,0,0,0,68.52525865415423,8,54.35007471105043,3,105797.04000000002,111257.33995999998,5460.29995999996,0.05161108439328699,0.6605243959753504,2,"LP_PASS",6885,3079,"PARTIAL_CROSS","EXECUTE_NOW:17 LIMIT:11"
"THEME_CIRCLE-005","THEME_CIRCLE","natural/randomized","MARKET_ONLY",6,5,70398.444714,0,0,70398.444714,0,24,70398.444714,0,0,0,87.1087270379366,12,0,3,5866.64,7205.959988999999,1339.3199889999987,0.22829421764417088,0.12939966354382265,0,"n/a",7582,"","MARKET_ONLY","MARKET:24"
"THEME_CIRCLE-005","THEME_CIRCLE","natural/randomized","BILATERAL_ONLY",6,5,70398.444714,5866.64,0.08333479558864904,64531.804714,0.016118999999989114,19,64531.78859499999,0,0,0,75.43208820377126,12,0,3,5866.64,7205.959988999999,1339.3199889999987,0.22829421764417088,0.12939966354382265,0.52,"n/a",7582,6950,"CROSSED_BILATERAL","MARKET:19"
"THEME_CIRCLE-005","THEME_CIRCLE","natural/randomized","VENUE0_CROSSING",6,5,70398.444714,7205.959988999999,0.10235964755009658,63192.484725,0.01756100000001748,19,63192.467164,0,0,0,72.72351764088515,12,0,3,5866.64,7205.959988999999,1339.3199889999987,0.22829421764417088,0.12939966354382265,1,"EXACT_PASS",7582,6806,"PARTIAL_CROSS","MARKET:19"
"THEME_CIRCLE-005","THEME_CIRCLE","natural/randomized","VENUE0_FULL",6,5,70398.444714,7205.959988999999,0.10235964755009658,63192.484725,0.01756100000001748,19,63192.467164,0,0,0,47.736662387308755,8,25.799371253967493,3,5866.64,7205.959988999999,1339.3199889999987,0.22829421764417088,0.12939966354382265,1,"EXACT_PASS",7582,6806,"PARTIAL_CROSS","LIMIT:9 EXECUTE_NOW:10"
"THEME_CIRCLE-006","THEME_CIRCLE","natural/randomized","MARKET_ONLY",7,5,48008.25424600001,0,0,48008.25424600001,0,33,48008.25424600001,0,0,0,62.34664078964397,13,0,0,24903.520000000004,31400.079970000003,6496.559969999998,0.2608691450044009,0.6540592924521148,0,"n/a",7133,"","MARKET_ONLY","MARKET:33"
"THEME_CIRCLE-006","THEME_CIRCLE","natural/randomized","BILATERAL_ONLY",7,5,48008.25424600001,24903.520000000004,0.5187341300183798,23104.734246,0.07754500000018538,18,23104.656700999996,0,0,0,27.045387752773273,12,0,0,24903.520000000004,31400.079970000003,6496.559969999998,0.2608691450044009,0.6540592924521148,0.83,"n/a",7133,3432,"CROSSED_BILATERAL","MARKET:18"
"THEME_CIRCLE-006","THEME_CIRCLE","natural/randomized","VENUE0_CROSSING",7,5,48008.25424600001,31400.079970000003,0.6540558590008763,16608.174275999994,0.10058300000060427,12,16608.073693,0,0,0,19.293170841216064,12,0,0,24903.520000000004,31400.079970000003,6496.559969999998,0.2608691450044009,0.6540592924521148,1,"LP_PASS",7133,2467,"PARTIAL_CROSS","MARKET:12"
"THEME_CIRCLE-006","THEME_CIRCLE","natural/randomized","VENUE0_FULL",7,5,48008.25424600001,31400.079970000003,0.6540558590008763,16608.174275999994,0.10058300000060427,12,16608.073693,0,0,0,12.051450770720278,7,4.839312492652898,0,24903.520000000004,31400.079970000003,6496.559969999998,0.2608691450044009,0.6540592924521148,1,"LP_PASS",7133,2467,"PARTIAL_CROSS","EXECUTE_NOW:8 LIMIT:4"
"THEME_CIRCLE-007","THEME_CIRCLE","natural/randomized","MARKET_ONLY",10,5,65917.229998,0,0,65917.229998,0,44,65917.229998,0,0,0,86.73610512570214,13,0,0,28650.440000000002,34482.07996200001,5831.639962000008,0.2035445166636187,0.5456289053573893,0,"n/a",5863,"","MARKET_ONLY","MARKET:44"
"THEME_CIRCLE-007","THEME_CIRCLE","natural/randomized","BILATERAL_ONLY",10,5,65917.229998,28650.440000000002,0.43464265717581413,37266.78999800001,0.13602599999970266,23,37266.653972,0,0,0,53.305798819148094,14,0,0,28650.440000000002,34482.07996200001,5831.639962000008,0.2035445166636187,0.5456289053573893,1.35,"n/a",5863,3314,"CROSSED_BILATERAL","MARKET:23"
"THEME_CIRCLE-007","THEME_CIRCLE","natural/randomized","VENUE0_CROSSING",10,5,65917.229998,34482.07996200001,0.5231117867520562,31435.150036,0.1771979999998976,16,31434.972838,0,0,0,41.347552328868545,13,0,0,28650.440000000002,34482.07996200001,5831.639962000008,0.2035445166636187,0.5456289053573893,2,"LP_PASS",5863,2796,"PARTIAL_CROSS","MARKET:16"
"THEME_CIRCLE-007","THEME_CIRCLE","natural/randomized","VENUE0_FULL",10,5,65917.229998,34482.07996200001,0.5231117867520562,31435.150036,0.1771979999998976,16,31434.972838,0,0,0,23.34212460751439,7,14.798512922377158,0,28650.440000000002,34482.07996200001,5831.639962000008,0.2035445166636187,0.5456289053573893,2,"LP_PASS",5863,2796,"PARTIAL_CROSS","LIMIT:6 EXECUTE_NOW:10"
"THEME_CIRCLE-008","THEME_CIRCLE","natural/randomized","MARKET_ONLY",8,5,88711.745114,0,0,88711.745114,0,37,88711.745114,0,0,0,120.73338964635884,14,0,2,17102.76,21583.379972999996,4480.619972999997,0.2619822749661457,0.24329946423964338,0,"n/a",5674,"","MARKET_ONLY","MARKET:37"
"THEME_CIRCLE-008","THEME_CIRCLE","natural/randomized","BILATERAL_ONLY",8,5,88711.745114,17102.76,0.19279025542809364,71608.98511400001,0.06951399999987018,26,71608.91560000001,0,0,0,99.46307677671336,14,0,2,17102.76,21583.379972999996,4480.619972999997,0.2619822749661457,0.24329946423964338,0.87,"n/a",5674,4580,"CROSSED_BILATERAL","MARKET:26"
"THEME_CIRCLE-008","THEME_CIRCLE","natural/randomized","VENUE0_CROSSING",8,5,88711.745114,21583.379972999996,0.24329788513644993,67128.36514099999,0.09040000000067039,20,67128.27474099999,0,0,0,99.16496247328453,15,0,2,17102.76,21583.379972999996,4480.619972999997,0.2619822749661457,0.24329946423964338,1,"LP_PASS",5674,4293,"PARTIAL_CROSS","MARKET:20"
"THEME_CIRCLE-008","THEME_CIRCLE","natural/randomized","VENUE0_FULL",8,5,88711.745114,21583.379972999996,0.24329788513644993,67128.36514099999,0.09040000000067039,20,67128.27474099999,0,0,0,57.07037873513783,9,41.21967737465037,2,17102.76,21583.379972999996,4480.619972999997,0.2619822749661457,0.24329946423964338,1,"LP_PASS",5674,4293,"PARTIAL_CROSS","LIMIT:10 EXECUTE_NOW:10"
"THEME_CIRCLE-009","THEME_CIRCLE","natural/randomized","MARKET_ONLY",6,5,10412.835913000003,0,0,10412.835913000003,0,28,10412.835913000003,0,0,0,3.6409417049168624,3,0,0,4037.919999999999,4933.419979,895.4999790000011,0.22177259059119578,0.6169661638458587,0,"n/a",5663,"","MARKET_ONLY","MARKET:28"
"THEME_CIRCLE-009","THEME_CIRCLE","natural/randomized","BILATERAL_ONLY",6,5,10412.835913000003,4037.919999999999,0.3877829280838681,6374.915913000001,0.07453599999993799,17,6374.841377000001,0,0,0,0.9926984159226423,2,0,0,4037.919999999999,4933.419979,895.4999790000011,0.22177259059119578,0.6169661638458587,0.8,"n/a",5663,3467,"CROSSED_BILATERAL","MARKET:17"
"THEME_CIRCLE-009","THEME_CIRCLE","natural/randomized","VENUE0_CROSSING",6,5,10412.835913000003,4933.419979,0.4737825526320669,5479.415934000001,0.08598300000003078,16,5479.329951000001,0,0,0,0.5839375566019475,1,0,0,4037.919999999999,4933.419979,895.4999790000011,0.22177259059119578,0.6169661638458587,1,"EXACT_PASS",5663,2980,"PARTIAL_CROSS","MARKET:16"
"THEME_CIRCLE-009","THEME_CIRCLE","natural/randomized","VENUE0_FULL",6,5,10412.835913000003,4933.419979,0.4737825526320669,5479.415934000001,0.08598300000003078,16,5479.329951000001,0,0,0,0.47064036047531455,1,-1.4290357259193232,0,4037.919999999999,4933.419979,895.4999790000011,0.22177259059119578,0.6169661638458587,1,"EXACT_PASS",5663,2980,"PARTIAL_CROSS","EXECUTE_NOW:14 LIMIT:2"
"THEME_CIRCLE-010","THEME_CIRCLE","natural/randomized","MARKET_ONLY",12,5,316338.888191,0,0,316338.888191,0,53,316338.888191,0,0,0,435.8886565759969,14,0,8,139975.92,211616.51995700004,71640.59995700003,0.5118066018569482,0.7530856375209888,0,"n/a",7890,"","MARKET_ONLY","MARKET:53"
"THEME_CIRCLE-010","THEME_CIRCLE","natural/randomized","BILATERAL_ONLY",12,5,316338.888191,139975.92,0.4424872351308416,176362.968191,0.19947099999804152,21,176362.76871999996,0,0,0,236.95629651685604,13,0,7,139975.92,211616.51995700004,71640.59995700003,0.5118066018569482,0.7530856375209888,1.9,"n/a",7890,4399,"CROSSED_BILATERAL","MARKET:21"
"THEME_CIRCLE-010","THEME_CIRCLE","natural/randomized","VENUE0_CROSSING",12,5,316338.888191,211616.51995700004,0.668955123308234,104722.36823400001,0.16081200000152052,24,104722.207422,0,0,0,149.40885816238657,14,0,3,139975.92,211616.51995700004,71640.59995700003,0.5118066018569482,0.7530856375209888,2,"LP_PASS",7890,2612,"PARTIAL_CROSS","MARKET:24"
"THEME_CIRCLE-010","THEME_CIRCLE","natural/randomized","VENUE0_FULL",12,5,316338.888191,211616.51995700004,0.668955123308234,104722.36823400001,0.16081200000152052,24,104722.207422,0,0,0,87.47432331096653,8,71.53279233931761,3,139975.92,211616.51995700004,71640.59995700003,0.5118066018569482,0.7530856375209888,2,"LP_PASS",7890,2612,"PARTIAL_CROSS","LIMIT:12 EXECUTE_NOW:12"
"THEME_CIRCLE-011","THEME_CIRCLE","natural/randomized","MARKET_ONLY",4,5,99177.10194000001,0,0,99177.10194000001,0,17,99177.10194000001,0,0,0,144.93881672515707,15,0,4,5605.04,5687.859990999999,82.81999099999939,0.014775985719994753,0.060558532247025246,0,"n/a",9560,"","MARKET_ONLY","MARKET:17"
"THEME_CIRCLE-011","THEME_CIRCLE","natural/randomized","BILATERAL_ONLY",4,5,99177.10194000001,5605.04,0.0565154646623061,93572.06193999999,0.01417199999997365,15,93572.04776799999,0,0,0,140.99172091033716,15,0,4,5605.04,5687.859990999999,82.81999099999939,0.014775985719994753,0.060558532247025246,0.44,"n/a",9560,9020,"CROSSED_BILATERAL","MARKET:15"
"THEME_CIRCLE-011","THEME_CIRCLE","natural/randomized","VENUE0_CROSSING",4,5,99177.10194000001,5687.859990999999,0.0573505363611152,93489.24194900002,0.021911000000130798,14,93489.22003800001,0,0,0,140.82474503973287,15,0,4,5605.04,5687.859990999999,82.81999099999939,0.014775985719994753,0.060558532247025246,1,"EXACT_PASS",9560,9012,"PARTIAL_CROSS","MARKET:14"
"THEME_CIRCLE-011","THEME_CIRCLE","natural/randomized","VENUE0_FULL",4,5,99177.10194000001,5687.859990999999,0.0573505363611152,93489.24194900002,0.021911000000130798,14,93489.22003800001,0,0,0,85.93540187406138,9,60.853724975684216,4,5605.04,5687.859990999999,82.81999099999939,0.014775985719994753,0.060558532247025246,1,"EXACT_PASS",9560,9012,"PARTIAL_CROSS","LIMIT:7 EXECUTE_NOW:7"
"THEME_CIRCLE-012","THEME_CIRCLE","natural/randomized","MARKET_ONLY",10,5,121122.979304,0,0,121122.979304,0,47,121122.979304,0,0,0,153.72139104607245,13,0,4,14331.599999999999,17088.899969000002,2757.2999690000033,0.19239303141310138,0.193946793473765,0,"n/a",5648,"","MARKET_ONLY","MARKET:47"
"THEME_CIRCLE-012","THEME_CIRCLE","natural/randomized","BILATERAL_ONLY",10,5,121122.979304,14331.599999999999,0.11832271698031711,106791.37930400002,0.12007600000001872,30,106791.259228,0,0,0,136.5220654538514,13,0,4,14331.599999999999,17088.899969000002,2757.2999690000033,0.19239303141310138,0.193946793473765,1.23,"n/a",5648,4980,"CROSSED_BILATERAL","MARKET:30"
"THEME_CIRCLE-012","THEME_CIRCLE","natural/randomized","VENUE0_CROSSING",10,5,121122.979304,17088.899969000002,0.14108718318519478,104034.079335,0.11038699999999935,31,104033.968948,0,0,0,136.29119547677126,13,0,4,14331.599999999999,17088.899969000002,2757.2999690000033,0.19239303141310138,0.193946793473765,1,"LP_PASS",5648,4851,"PARTIAL_CROSS","MARKET:31"
"THEME_CIRCLE-012","THEME_CIRCLE","natural/randomized","VENUE0_FULL",10,5,121122.979304,17088.899969000002,0.14108718318519478,104034.079335,0.11038699999999935,31,104033.968948,0,0,0,88.99521316131695,9,59.10649737357804,4,14331.599999999999,17088.899969000002,2757.2999690000033,0.19239303141310138,0.193946793473765,1,"LP_PASS",5648,4851,"PARTIAL_CROSS","LIMIT:14 EXECUTE_NOW:17"
"THEME_CIRCLE-013","THEME_CIRCLE","natural/randomized","MARKET_ONLY",11,5,98346.65740999993,0,0,98346.65740999993,0,49,98346.65740999993,0,0,0,83.16633994897356,8,0,2,34792.12000000001,40423.759968,5631.639967999989,0.16186538698992722,0.531730950407296,0,"n/a",5750,"","MARKET_ONLY","MARKET:49"
"THEME_CIRCLE-013","THEME_CIRCLE","natural/randomized","BILATERAL_ONLY",11,5,98346.65740999993,34792.12000000001,0.35377023394861545,63554.53741000001,0.11038399999927861,29,63554.42702600001,0,0,0,39.69622409579143,6,0,2,34792.12000000001,40423.759968,5631.639967999989,0.16186538698992722,0.531730950407296,1.43,"n/a",5750,3716,"CROSSED_BILATERAL","MARKET:29"
"THEME_CIRCLE-013","THEME_CIRCLE","natural/randomized","VENUE0_CROSSING",11,5,98346.65740999993,40423.759968,0.4110333897722252,57922.897442,0.08920499999997844,32,57922.808237000005,0,0,0,29.23328236295695,5,0,2,34792.12000000001,40423.759968,5631.639967999989,0.16186538698992722,0.531730950407296,2,"LP_PASS",5750,3386,"PARTIAL_CROSS","MARKET:32"
"THEME_CIRCLE-013","THEME_CIRCLE","natural/randomized","VENUE0_FULL",11,5,98346.65740999993,40423.759968,0.4110333897722252,57922.897442,0.08920499999997844,32,57922.808237000005,0,0,0,20.421222130935135,4,-4.68907907528699,2,34792.12000000001,40423.759968,5631.639967999989,0.16186538698992722,0.531730950407296,2,"LP_PASS",5750,3386,"PARTIAL_CROSS","EXECUTE_NOW:26 LIMIT:6"
"THEME_CIRCLE-014","THEME_CIRCLE","natural/randomized","MARKET_ONLY",7,5,82572.60430999998,0,0,82572.60430999998,0,30,82572.60430999998,0,0,0,59.29199875302403,7,0,2,3884.8000000000006,5045.679983000001,1160.8799830000003,0.2988261900226524,0.1292097726013942,0,"n/a",6017,"","MARKET_ONLY","MARKET:30"
"THEME_CIRCLE-014","THEME_CIRCLE","natural/randomized","BILATERAL_ONLY",7,5,82572.60430999998,3884.8000000000006,0.04704708095938705,78687.80430999998,0.0357189999999985,23,78687.76859099999,0,0,0,56.806838801010464,7,0,2,3884.8000000000006,5045.679983000001,1160.8799830000003,0.2988261900226524,0.1292097726013942,0.53,"n/a",6017,5734,"CROSSED_BILATERAL","MARKET:23"
"THEME_CIRCLE-014","THEME_CIRCLE","natural/randomized","VENUE0_CROSSING",7,5,82572.60430999998,5045.679983000001,0.06110598091416795,77526.92432699999,0.0431470000000056,22,77526.88118,0,0,0,54.67575542049122,7,0,2,3884.8000000000006,5045.679983000001,1160.8799830000003,0.2988261900226524,0.1292097726013942,1,"LP_PASS",6017,5650,"PARTIAL_CROSS","MARKET:22"
"THEME_CIRCLE-014","THEME_CIRCLE","natural/randomized","VENUE0_FULL",7,5,82572.60430999998,5045.679983000001,0.06110598091416795,77526.92432699999,0.0431470000000056,22,77526.88118,0,0,0,37.88503793252096,5,4.324806300757547,2,3884.8000000000006,5045.679983000001,1160.8799830000003,0.2988261900226524,0.1292097726013942,1,"LP_PASS",6017,5650,"PARTIAL_CROSS","EXECUTE_NOW:17 LIMIT:5"
"THEME_CIRCLE-015","THEME_CIRCLE","natural/randomized","MARKET_ONLY",12,5,142920.845415,0,0,142920.845415,0,54,142920.845415,0,0,0,179.22500687791762,13,0,4,34174.15999999999,59040.47995799998,24866.319957999993,0.7276351476671263,0.5342514825201715,0,"n/a",6189,"","MARKET_ONLY","MARKET:54"
"THEME_CIRCLE-015","THEME_CIRCLE","natural/randomized","BILATERAL_ONLY",12,5,142920.845415,34174.15999999999,0.23911249545696645,108746.68541499996,0.1512209999993659,29,108746.53419399998,0,0,0,148.79086194410368,14,0,4,34174.15999999999,59040.47995799998,24866.319957999993,0.7276351476671263,0.5342514825201715,1.66,"n/a",6189,4709,"CROSSED_BILATERAL","MARKET:29"
"THEME_CIRCLE-015","THEME_CIRCLE","natural/randomized","VENUE0_CROSSING",12,5,142920.845415,59040.47995799998,0.4130991513978513,83880.365457,0.13295900000059757,27,83880.23249800001,0,0,0,118.50402777564032,14,0,1,34174.15999999999,59040.47995799998,24866.319957999993,0.7276351476671263,0.5342514825201715,2,"LP_PASS",6189,3632,"PARTIAL_CROSS","MARKET:27"
"THEME_CIRCLE-015","THEME_CIRCLE","natural/randomized","VENUE0_FULL",12,5,142920.845415,59040.47995799998,0.4130991513978513,83880.365457,0.13295900000059757,27,83880.23249800001,0,0,0,74.41426100870854,9,51.95088461652872,1,34174.15999999999,59040.47995799998,24866.319957999993,0.7276351476671263,0.5342514825201715,2,"LP_PASS",6189,3632,"PARTIAL_CROSS","EXECUTE_NOW:20 LIMIT:7"
"THEME_CIRCLE-016","THEME_CIRCLE","natural/randomized","MARKET_ONLY",12,5,232748.51788199996,0,0,232748.51788199996,0,54,232748.51788199996,0,0,0,217.8262109807098,9,0,7,100330.12000000002,164142.95996,63812.83995999998,0.6360287415184988,0.7052386890954045,0,"n/a",6228,"","MARKET_ONLY","MARKET:54"
"THEME_CIRCLE-016","THEME_CIRCLE","natural/randomized","BILATERAL_ONLY",12,5,232748.51788199996,100330.12000000002,0.4310666332615098,132418.39788200002,0.14044100000029047,28,132418.25744099997,0,0,0,142.06941989216912,11,0,5,100330.12000000002,164142.95996,63812.83995999998,0.6360287415184988,0.7052386890954045,1.95,"n/a",6228,3543,"CROSSED_BILATERAL","MARKET:28"
"THEME_CIRCLE-016","THEME_CIRCLE","natural/randomized","VENUE0_CROSSING",12,5,232748.51788199996,164142.95996,0.7052374015254441,68605.55792199998,0.176636999995063,25,68605.381285,0,0,0,60.304547817461255,9,0,1,100330.12000000002,164142.95996,63812.83995999998,0.6360287415184988,0.7052386890954045,2,"LP_PASS",6228,1836,"PARTIAL_CROSS","MARKET:25"
"THEME_CIRCLE-016","THEME_CIRCLE","natural/randomized","VENUE0_FULL",12,5,232748.51788199996,164142.95996,0.7052374015254441,68605.55792199998,0.176636999995063,25,68605.381285,0,0,0,19.831575801578417,3,9.19328650076494,1,100330.12000000002,164142.95996,63812.83995999998,0.6360287415184988,0.7052386890954045,2,"LP_PASS",6228,1836,"PARTIAL_CROSS","EXECUTE_NOW:14 LIMIT:11"
"THEME_CIRCLE-017","THEME_CIRCLE","natural/randomized","MARKET_ONLY",10,5,128521.33796300001,0,0,128521.33796300001,0,45,128521.33796300001,0,0,0,167.51183592077217,13,0,6,23095.32,27674.959966,4579.639965999999,0.19829298602487425,0.3494299335331298,0,"n/a",6589,"","MARKET_ONLY","MARKET:45"
"THEME_CIRCLE-017","THEME_CIRCLE","natural/randomized","BILATERAL_ONLY",10,5,128521.33796300001,23095.32,0.17970027674819963,105426.01796299996,0.12464399999968734,21,105425.893319,0,0,0,147.2035712090904,14,0,4,23095.32,27674.959966,4579.639965999999,0.19829298602487425,0.3494299335331298,1.33,"n/a",6589,5405,"CROSSED_BILATERAL","MARKET:21"
"THEME_CIRCLE-017","THEME_CIRCLE","natural/randomized","VENUE0_CROSSING",10,5,128521.33796300001,27674.959966,0.21533358121409643,100846.37799699997,0.09960300000002675,23,100846.27839399996,0,0,0,145.39733135071802,14,0,5,23095.32,27674.959966,4579.639965999999,0.19829298602487425,0.3494299335331298,2,"LP_PASS",6589,5170,"PARTIAL_CROSS","MARKET:23"
"THEME_CIRCLE-017","THEME_CIRCLE","natural/randomized","VENUE0_FULL",10,5,128521.33796300001,27674.959966,0.21533358121409643,100846.37799699997,0.09960300000002675,23,100846.27839399996,0,0,0,88.01686819671329,9,51.60259926067582,5,23095.32,27674.959966,4579.639965999999,0.19829298602487425,0.3494299335331298,2,"LP_PASS",6589,5170,"PARTIAL_CROSS","LIMIT:7 EXECUTE_NOW:16"
"THEME_CIRCLE-018","THEME_CIRCLE","natural/randomized","MARKET_ONLY",9,5,126030.96705400001,0,0,126030.96705400001,0,43,126030.96705400001,0,0,0,141.76445479431388,11,0,4,33380.31999999999,36590.59996899999,3210.2799689999956,0.09617283384341421,0.3476507136315701,0,"n/a",7730,"","MARKET_ONLY","MARKET:43"
"THEME_CIRCLE-018","THEME_CIRCLE","natural/randomized","BILATERAL_ONLY",9,5,126030.96705400001,33380.31999999999,0.2648580803612945,92650.64705399997,0.06699800000005496,26,92650.58005599999,0,0,0,100.65080952320565,11,0,4,33380.31999999999,36590.59996899999,3210.2799689999956,0.09617283384341421,0.3476507136315701,1.18,"n/a",7730,5682,"CROSSED_BILATERAL","MARKET:26"
"THEME_CIRCLE-018","THEME_CIRCLE","natural/randomized","VENUE0_CROSSING",9,5,126030.96705400001,36590.59996899999,0.2903302325159669,89440.36708499999,0.10815899999960621,22,89440.25892600001,0,0,0,98.45367611940358,11,0,4,33380.31999999999,36590.59996899999,3210.2799689999956,0.09617283384341421,0.3476507136315701,2,"LP_PASS",7730,5485,"PARTIAL_CROSS","MARKET:22"
"THEME_CIRCLE-018","THEME_CIRCLE","natural/randomized","VENUE0_FULL",9,5,126030.96705400001,36590.59996899999,0.2903302325159669,89440.36708499999,0.10815899999960621,22,89440.25892600001,0,0,0,37.19625851430742,4,25.374309563660248,4,33380.31999999999,36590.59996899999,3210.2799689999956,0.09617283384341421,0.3476507136315701,2,"LP_PASS",7730,5485,"PARTIAL_CROSS","LIMIT:8 EXECUTE_NOW:14"
"THEME_CIRCLE-019","THEME_CIRCLE","natural/randomized","MARKET_ONLY",11,5,71623.90904899998,0,0,71623.90904899998,0,51,71623.90904899998,0,0,0,106.81960998764056,15,0,1,24361.400000000005,25901.879964999993,1540.4799649999877,0.06323445963696615,0.4157948249044332,0,"n/a",6115,"","MARKET_ONLY","MARKET:51"
"THEME_CIRCLE-019","THEME_CIRCLE","natural/randomized","BILATERAL_ONLY",11,5,71623.90904899998,24361.400000000005,0.3401294389466186,47262.509049000015,0.16374099999957004,30,47262.345308,0,0,0,77.13918771773473,16,0,0,24361.400000000005,25901.879964999993,1540.4799649999877,0.06323445963696615,0.4157948249044332,1.68,"n/a",6115,4035,"CROSSED_BILATERAL","MARKET:30"
"THEME_CIRCLE-019","THEME_CIRCLE","natural/randomized","VENUE0_CROSSING",11,5,71623.90904899998,25901.879964999993,0.3616373402250325,45722.029084000016,0.1561200000003229,29,45721.872964,0,0,0,78.67590345487696,17,0,0,24361.400000000005,25901.879964999993,1540.4799649999877,0.06323445963696615,0.4157948249044332,2,"LP_PASS",6115,3903,"PARTIAL_CROSS","MARKET:29"
"THEME_CIRCLE-019","THEME_CIRCLE","natural/randomized","VENUE0_FULL",11,5,71623.90904899998,25901.879964999993,0.3616373402250325,45722.029084000016,0.1561200000003229,28,45717.802228,0,4.070736,0,43.810271998006165,10,40.389259122939905,0,24361.400000000005,25901.879964999993,1540.4799649999877,0.06323445963696615,0.4157948249044332,2,"LP_PASS",6115,3903,"PARTIAL_CROSS","EXECUTE_NOW:16 LIMIT:12 AGGREGATE:1"
"THEME_CIRCLE-020","THEME_CIRCLE","natural/randomized","MARKET_ONLY",8,5,75667.34748699999,0,0,75667.34748699999,0,36,75667.34748699999,0,0,0,105.34668113266879,14,0,4,14106.440000000002,16375.999971000003,2269.5599710000006,0.1608882163749323,0.2357714037361364,0,"n/a",5250,"","MARKET_ONLY","MARKET:36"
"THEME_CIRCLE-020","THEME_CIRCLE","natural/randomized","BILATERAL_ONLY",8,5,75667.34748699999,14106.440000000002,0.18642704506621638,61560.907487000004,0.10269800000016627,19,61560.804789,0,0,0,90.53846666213416,15,0,3,14106.440000000002,16375.999971000003,2269.5599710000006,0.1608882163749323,0.2357714037361364,0.92,"n/a",5250,4271,"CROSSED_BILATERAL","MARKET:19"
"THEME_CIRCLE-020","THEME_CIRCLE","natural/randomized","VENUE0_CROSSING",8,5,75667.34748699999,16375.999971000003,0.21642095983096907,59291.34751600001,0.10740900000021725,17,59291.240107,0,0,0,87.73817684164406,15,0,4,14106.440000000002,16375.999971000003,2269.5599710000006,0.1608882163749323,0.2357714037361364,1,"LP_PASS",5250,4114,"PARTIAL_CROSS","MARKET:17"
"THEME_CIRCLE-020","THEME_CIRCLE","natural/randomized","VENUE0_FULL",8,5,75667.34748699999,16375.999971000003,0.21642095983096907,59291.34751600001,0.10740900000021725,17,59291.240107,0,0,0,48.51155197113113,8,30.025589396517205,4,14106.440000000002,16375.999971000003,2269.5599710000006,0.1608882163749323,0.2357714037361364,1,"LP_PASS",5250,4114,"PARTIAL_CROSS","EXECUTE_NOW:14 LIMIT:3"
"THEME_CIRCLE-021","THEME_CIRCLE","natural/randomized","MARKET_ONLY",10,5,168138.22471100005,0,0,168138.22471100005,0,48,168138.22471100005,0,0,0,219.02373356740807,13,0,4,70623.24,76320.63995799996,5697.399957999951,0.08067316025149725,0.4539172130976288,0,"n/a",7142,"","MARKET_ONLY","MARKET:48"
"THEME_CIRCLE-021","THEME_CIRCLE","natural/randomized","BILATERAL_ONLY",10,5,168138.22471100005,70623.24,0.4200308414186536,97514.98471100001,0.14705699999974797,22,97514.83765400002,0,0,0,134.16470810392806,14,0,4,70623.24,76320.63995799996,5697.399957999951,0.08067316025149725,0.4539172130976288,1.34,"n/a",7142,4142,"CROSSED_BILATERAL","MARKET:22"
"THEME_CIRCLE-021","THEME_CIRCLE","natural/randomized","VENUE0_CROSSING",10,5,168138.22471100005,76320.63995799996,0.4539160567989919,91817.584753,0.14952199999990512,20,91817.43523100002,0,0,0,126.25397382092257,14,0,3,70623.24,76320.63995799996,5697.399957999951,0.08067316025149725,0.4539172130976288,2,"LP_PASS",7142,3900,"PARTIAL_CROSS","MARKET:20"
"THEME_CIRCLE-021","THEME_CIRCLE","natural/randomized","VENUE0_FULL",10,5,168138.22471100005,76320.63995799996,0.4539160567989919,91817.584753,0.14952199999990512,19,91814.10587800002,0,3.329353,0,75.08796971016287,8,55.866372205887146,3,70623.24,76320.63995799996,5697.399957999951,0.08067316025149725,0.4539172130976288,2,"LP_PASS",7142,3900,"PARTIAL_CROSS","LIMIT:8 EXECUTE_NOW:11 AGGREGATE:1"
"THEME_CIRCLE-022","THEME_CIRCLE","natural/randomized","MARKET_ONLY",6,5,42426.66001,0,0,42426.66001,0,25,42426.66001,0,0,0,68.70944922512817,16,0,2,17601.28,22705.839979,5104.5599790000015,0.29001072529952376,0.5706667555799427,0,"n/a",4015,"","MARKET_ONLY","MARKET:25"
"THEME_CIRCLE-022","THEME_CIRCLE","natural/randomized","BILATERAL_ONLY",6,5,42426.66001,17601.28,0.41486367288519443,24825.380010000004,0.047033999999520404,16,24825.332976,0,0,0,43.86390677385325,18,0,0,17601.28,22705.839979,5104.5599790000015,0.29001072529952376,0.5706667555799427,0.64,"n/a",4015,2349,"CROSSED_BILATERAL","MARKET:16"
"THEME_CIRCLE-022","THEME_CIRCLE","natural/randomized","VENUE0_CROSSING",6,5,42426.66001,22705.839979,0.535178587559054,19720.820031000003,0.06566399999995909,12,19720.754367,0,0,0,32.8899336074072,17,0,0,17601.28,22705.839979,5104.5599790000015,0.29001072529952376,0.5706667555799427,1,"EXACT_PASS",4015,1866,"PARTIAL_CROSS","MARKET:12"
"THEME_CIRCLE-022","THEME_CIRCLE","natural/randomized","VENUE0_FULL",6,5,42426.66001,22705.839979,0.535178587559054,19720.820031000003,0.06566399999995909,12,19720.754367,0,0,0,18.48951094273943,9,10.278358590583732,0,17601.28,22705.839979,5104.5599790000015,0.29001072529952376,0.5706667555799427,1,"EXACT_PASS",4015,1866,"PARTIAL_CROSS","LIMIT:3 EXECUTE_NOW:9"
"THEME_CIRCLE-023","THEME_CIRCLE","natural/randomized","MARKET_ONLY",4,5,11987.592302999998,0,0,11987.592302999998,0,20,11987.592302999998,0,0,0,8.022377127962336,7,0,0,1863.0400000000002,2062.679988,199.63998799999968,0.10715818661971813,0.21776034670003916,0,"n/a",5763,"","MARKET_ONLY","MARKET:20"
"THEME_CIRCLE-023","THEME_CIRCLE","natural/randomized","BILATERAL_ONLY",4,5,11987.592302999998,1863.0400000000002,0.15541402751357822,10124.552302999999,0.028896999999975748,15,10124.523405999998,0,0,0,6.505304295271428,6,0,0,1863.0400000000002,2062.679988,199.63998799999968,0.10715818661971813,0.21776034670003916,0.5,"n/a",5763,4867,"CROSSED_BILATERAL","MARKET:15"
"THEME_CIRCLE-023","THEME_CIRCLE","natural/randomized","VENUE0_CROSSING",4,5,11987.592302999998,2062.679988,0.17206791287720025,9924.912315,0.033632000000018536,15,9924.878682999999,0,0,0,6.185855289105852,6,0,0,1863.0400000000002,2062.679988,199.63998799999968,0.10715818661971813,0.21776034670003916,1,"EXACT_PASS",5763,4771,"PARTIAL_CROSS","MARKET:15"
"THEME_CIRCLE-023","THEME_CIRCLE","natural/randomized","VENUE0_FULL",4,5,11987.592302999998,2062.679988,0.17206791287720025,9924.912315,0.033632000000018536,15,9924.878682999999,0,0,0,3.3206066090606647,3,1.6382501531660838,0,1863.0400000000002,2062.679988,199.63998799999968,0.10715818661971813,0.21776034670003916,1,"EXACT_PASS",5763,4771,"PARTIAL_CROSS","EXECUTE_NOW:12 LIMIT:3"
"THEME_CIRCLE-024","THEME_CIRCLE","natural/randomized","MARKET_ONLY",6,5,59631.954633999994,0,0,59631.954633999994,0,26,59631.954633999994,0,0,0,63.662652301316506,11,0,1,32434.96,34858.05998,2423.099979999999,0.07470642726243532,0.6839040093572123,0,"n/a",3717,"","MARKET_ONLY","MARKET:26"
"THEME_CIRCLE-024","THEME_CIRCLE","natural/randomized","BILATERAL_ONLY",6,5,59631.954633999994,32434.96,0.5439191151635796,27196.994634000002,0.06222200000070488,13,27196.932412000002,0,0,0,21.414715759105054,8,0,0,32434.96,34858.05998,2423.099979999999,0.07470642726243532,0.6839040093572123,0.71,"n/a",3717,1695,"CROSSED_BILATERAL","MARKET:13"
"THEME_CIRCLE-024","THEME_CIRCLE","natural/randomized","VENUE0_CROSSING",6,5,59631.954633999994,34858.05998,0.5845533689771958,24773.894654,0.05614899999975459,15,24773.838505000003,0,0,0,13.866442446334545,6,0,0,32434.96,34858.05998,2423.099979999999,0.07470642726243532,0.6839040093572123,1,"EXACT_PASS",3717,1544,"PARTIAL_CROSS","MARKET:15"
"THEME_CIRCLE-024","THEME_CIRCLE","natural/randomized","VENUE0_FULL",6,5,59631.954633999994,34858.05998,0.5845533689771958,24773.894654,0.05614899999975459,15,24773.838505000003,0,0,0,9.830095540217282,4,0.6228751362769742,0,32434.96,34858.05998,2423.099979999999,0.07470642726243532,0.6839040093572123,1,"EXACT_PASS",3717,1544,"PARTIAL_CROSS","EXECUTE_NOW:11 LIMIT:4"
"THEME_CIRCLE-025","THEME_CIRCLE","natural/randomized","MARKET_ONLY",4,5,10319.043180999997,0,0,10319.043180999997,0,19,10319.043180999997,0,0,0,7.491224618694319,7,0,0,1685.3600000000001,1838.9399879999999,153.57998799999973,0.09112592443157529,0.23305855512147802,0,"n/a",7635,"","MARKET_ONLY","MARKET:19"
"THEME_CIRCLE-025","THEME_CIRCLE","natural/randomized","BILATERAL_ONLY",4,5,10319.043180999997,1685.3600000000001,0.16332522022033785,8633.683180999999,0.013242999999974359,16,8633.669938,0,0,0,7.176305025187279,8,0,0,1685.3600000000001,1838.9399879999999,153.57998799999973,0.09112592443157529,0.23305855512147802,0.44,"n/a",7635,6388,"CROSSED_BILATERAL","MARKET:16"
"THEME_CIRCLE-025","THEME_CIRCLE","natural/randomized","VENUE0_CROSSING",4,5,10319.043180999997,1838.9399879999999,0.17820838189590674,8480.103193,0.02735899999995084,14,8480.075834000001,0,0,0,7.0264041330142115,8,0,0,1685.3600000000001,1838.9399879999999,153.57998799999973,0.09112592443157529,0.23305855512147802,1,"EXACT_PASS",7635,6274,"PARTIAL_CROSS","MARKET:14"
"THEME_CIRCLE-025","THEME_CIRCLE","natural/randomized","VENUE0_FULL",4,5,10319.043180999997,1838.9399879999999,0.17820838189590674,8480.103193,0.02735899999995084,14,8480.075834000001,0,0,0,5.609147877866857,7,1.5412112159570455,0,1685.3600000000001,1838.9399879999999,153.57998799999973,0.09112592443157529,0.23305855512147802,1,"EXACT_PASS",7635,6274,"PARTIAL_CROSS","EXECUTE_NOW:12 LIMIT:2"
"THEME_CIRCLE-026","THEME_CIRCLE","natural/randomized","MARKET_ONLY",8,5,108099.44597300002,0,0,108099.44597300002,0,35,108099.44597300002,0,0,0,173.3736423826662,16,0,3,45480.16,68229.69997500001,22749.539975000007,0.5002080022365798,0.6589996804589819,0,"n/a",4693,"","MARKET_ONLY","MARKET:35"
"THEME_CIRCLE-026","THEME_CIRCLE","natural/randomized","BILATERAL_ONLY",8,5,108099.44597300002,45480.16,0.4207251905006023,62619.285973,0.05407100000013543,22,62619.23190200001,0,0,0,93.94982604504445,15,0,0,45480.16,68229.69997500001,22749.539975000007,0.5002080022365798,0.6589996804589819,0.72,"n/a",4693,2718,"CROSSED_BILATERAL","MARKET:22"
"THEME_CIRCLE-026","THEME_CIRCLE","natural/randomized","VENUE0_CROSSING",8,5,108099.44597300002,68229.69997500001,0.631175297531513,39869.74599799999,0.06879600000064556,21,39869.67720199999,0,0,0,62.15801143617519,16,0,1,45480.16,68229.69997500001,22749.539975000007,0.5002080022365798,0.6589996804589819,1,"LP_PASS",4693,1730,"PARTIAL_CROSS","MARKET:21"
"THEME_CIRCLE-026","THEME_CIRCLE","natural/randomized","VENUE0_FULL",8,5,108099.44597300002,68229.69997500001,0.631175297531513,39869.74599799999,0.06879600000064556,21,39869.67720199999,0,0,0,33.62651675877705,8,25.7977185395836,1,45480.16,68229.69997500001,22749.539975000007,0.5002080022365798,0.6589996804589819,1,"LP_PASS",4693,1730,"PARTIAL_CROSS","LIMIT:12 EXECUTE_NOW:9"
"THEME_CIRCLE-027","THEME_CIRCLE","natural/randomized","MARKET_ONLY",11,5,230800.79082300002,0,0,230800.79082300002,0,54,230800.79082300002,0,0,0,307.80413641595123,13,0,7,96673.19999999997,102532.339965,5859.1399650000385,0.06060769649706475,0.5016791348466271,0,"n/a",7236,"","MARKET_ONLY","MARKET:54"
"THEME_CIRCLE-027","THEME_CIRCLE","natural/randomized","BILATERAL_ONLY",11,5,230800.79082300002,96673.19999999997,0.4188599166202085,134127.590823,0.15501499999995083,32,134127.435808,0,0,0,204.51690463535436,15,0,5,96673.19999999997,102532.339965,5859.1399650000385,0.06060769649706475,0.5016791348466271,1.45,"n/a",7236,4205,"CROSSED_BILATERAL","MARKET:32"
"THEME_CIRCLE-027","THEME_CIRCLE","natural/randomized","VENUE0_CROSSING",11,5,230800.79082300002,102532.339965,0.44424605132151196,128268.45085800003,0.15354799999927238,32,128268.29731000002,0,0,0,202.30484347656704,16,0,5,96673.19999999997,102532.339965,5859.1399650000385,0.06060769649706475,0.5016791348466271,2,"LP_PASS",7236,4021,"PARTIAL_CROSS","MARKET:32"
"THEME_CIRCLE-027","THEME_CIRCLE","natural/randomized","VENUE0_FULL",11,5,230800.79082300002,102532.339965,0.44424605132151196,128268.45085800003,0.15354799999927238,32,128268.29731000002,0,0,0,115.68000547318191,9,82.69174095897765,5,96673.19999999997,102532.339965,5859.1399650000385,0.06060769649706475,0.5016791348466271,2,"LP_PASS",7236,4021,"PARTIAL_CROSS","LIMIT:12 EXECUTE_NOW:20"
"THEME_CIRCLE-028","THEME_CIRCLE","natural/randomized","MARKET_ONLY",7,5,65057.343738999996,0,0,65057.343738999996,0,33,65057.343738999996,0,0,0,42.842002564891565,7,0,2,10788.8,12025.279973,1236.4799730000013,0.11460773885881669,0.26926585684589877,0,"n/a",6755,"","MARKET_ONLY","MARKET:33"
"THEME_CIRCLE-028","THEME_CIRCLE","natural/randomized","BILATERAL_ONLY",7,5,65057.343738999996,10788.8,0.16583523673027595,54268.543739,0.06945599999994866,23,54268.474282999996,0,0,0,29.16754286554089,5,0,2,10788.8,12025.279973,1236.4799730000013,0.11460773885881669,0.26926585684589877,0.72,"n/a",6755,5635,"CROSSED_BILATERAL","MARKET:23"
"THEME_CIRCLE-028","THEME_CIRCLE","natural/randomized","VENUE0_CROSSING",7,5,65057.343738999996,12025.279973,0.18484123823504944,53032.063766,0.1133829999999761,18,53031.95038299999,0,0,0,30.75574199301826,6,0,2,10788.8,12025.279973,1236.4799730000013,0.11460773885881669,0.26926585684589877,1,"LP_PASS",6755,5506,"PARTIAL_CROSS","MARKET:18"
"THEME_CIRCLE-028","THEME_CIRCLE","natural/randomized","VENUE0_FULL",7,5,65057.343738999996,12025.279973,0.18484123823504944,53032.063766,0.1133829999999761,18,53031.95038299999,0,0,0,7.79899572304957,1,-2.7416635381660432,2,10788.8,12025.279973,1236.4799730000013,0.11460773885881669,0.26926585684589877,1,"LP_PASS",6755,5506,"PARTIAL_CROSS","EXECUTE_NOW:12 LIMIT:6"
"THEME_CIRCLE-029","THEME_CIRCLE","natural/randomized","MARKET_ONLY",4,5,18654.086446000005,0,0,18654.086446000005,0,18,18654.086446000005,0,0,0,22.37300228327818,12,0,0,9165.880000000001,10580.139985,1414.2599849999988,0.15429614886950282,0.592005241530765,0,"n/a",8323,"","MARKET_ONLY","MARKET:18"
"THEME_CIRCLE-029","THEME_CIRCLE","natural/randomized","BILATERAL_ONLY",4,5,18654.086446000005,9165.880000000001,0.49136043335777724,9488.206446,0.04714800000008523,11,9488.159298,0,0,0,10.906868429223348,11,0,0,9165.880000000001,10580.139985,1414.2599849999988,0.15429614886950282,0.592005241530765,0.51,"n/a",8323,4233,"CROSSED_BILATERAL","MARKET:11"
"THEME_CIRCLE-029","THEME_CIRCLE","natural/randomized","VENUE0_CROSSING",4,5,18654.086446000005,10580.139985,0.5671754559317322,8073.9464609999995,0.050512000000205504,10,8073.895949,0,0,0,8.359640555568088,10,0,0,9165.880000000001,10580.139985,1414.2599849999988,0.15429614886950282,0.592005241530765,1,"EXACT_PASS",8323,3602,"PARTIAL_CROSS","MARKET:10"
"THEME_CIRCLE-029","THEME_CIRCLE","natural/randomized","VENUE0_FULL",4,5,18654.086446000005,10580.139985,0.5671754559317322,8073.9464609999995,0.050512000000205504,10,8073.895949,0,0,0,2.8102176353924855,3,1.7603965865422229,0,9165.880000000001,10580.139985,1414.2599849999988,0.15429614886950282,0.592005241530765,1,"EXACT_PASS",8323,3602,"PARTIAL_CROSS","LIMIT:3 EXECUTE_NOW:7"
"THEME_CIRCLE-030","THEME_CIRCLE","natural/randomized","MARKET_ONLY",12,5,196319.96130599995,0,0,196319.96130599995,0,57,196319.96130599995,0,0,0,213.83837556649945,11,0,5,100259.07999999999,107191.919954,6932.83995400001,0.06914924766913891,0.5460078376488757,0,"n/a",6300,"","MARKET_ONLY","MARKET:57"
"THEME_CIRCLE-030","THEME_CIRCLE","natural/randomized","BILATERAL_ONLY",12,5,196319.96130599995,100259.07999999999,0.5106922359450152,96060.881306,0.21533999999999298,21,96060.665966,0,0,0,105.77251319114568,11,0,4,100259.07999999999,107191.919954,6932.83995400001,0.06914924766913891,0.5460078376488757,2.09,"n/a",6300,3082,"CROSSED_BILATERAL","MARKET:21"
"THEME_CIRCLE-030","THEME_CIRCLE","natural/randomized","VENUE0_CROSSING",12,5,196319.96130599995,107191.919954,0.5460062198510834,89128.04135200001,0.18753899999989077,23,89127.85381300001,0,0,0,101.06998067044586,11,0,4,100259.07999999999,107191.919954,6932.83995400001,0.06914924766913891,0.5460078376488757,2,"LP_PASS",6300,2860,"PARTIAL_CROSS","MARKET:23"
"THEME_CIRCLE-030","THEME_CIRCLE","natural/randomized","VENUE0_FULL",12,5,196319.96130599995,107191.919954,0.5460062198510834,89128.04135200001,0.18753899999989077,23,89127.85381300001,0,0,0,45.98900747375551,5,19.393555668091434,4,100259.07999999999,107191.919954,6932.83995400001,0.06914924766913891,0.5460078376488757,2,"LP_PASS",6300,2860,"PARTIAL_CROSS","LIMIT:8 EXECUTE_NOW:15"
"THEME_CIRCLE-031","THEME_CIRCLE","natural/randomized","MARKET_ONLY",8,5,102864.450575,0,0,102864.450575,0,38,102864.450575,0,0,0,130.2882186443997,13,0,4,37717.759999999995,49106.099969,11388.339969000008,0.30193574509727006,0.48392950254184547,0,"n/a",5633,"","MARKET_ONLY","MARKET:38"
"THEME_CIRCLE-031","THEME_CIRCLE","natural/randomized","BILATERAL_ONLY",8,5,102864.450575,37717.759999999995,0.3666743932346133,65146.69057500001,0.08798200000049405,24,65146.602593,0,0,0,93.89876687291003,14,0,4,37717.759999999995,49106.099969,11388.339969000008,0.30193574509727006,0.48392950254184547,0.94,"n/a",5633,3568,"CROSSED_BILATERAL","MARKET:24"
"THEME_CIRCLE-031","THEME_CIRCLE","natural/randomized","VENUE0_CROSSING",8,5,102864.450575,49106.099969,0.4773864993639957,53758.35060600001,0.12360800000041294,19,53758.226998,0,0,0,81.4722607991923,15,0,4,37717.759999999995,49106.099969,11388.339969000008,0.30193574509727006,0.48392950254184547,1,"LP_PASS",5633,2943,"PARTIAL_CROSS","MARKET:19"
"THEME_CIRCLE-031","THEME_CIRCLE","natural/randomized","VENUE0_FULL",8,5,102864.450575,49106.099969,0.4773864993639957,53758.35060600001,0.12360800000041294,19,53758.226998,0,0,0,51.14280746086863,10,23.945237947990247,4,37717.759999999995,49106.099969,11388.339969000008,0.30193574509727006,0.48392950254184547,1,"LP_PASS",5633,2943,"PARTIAL_CROSS","EXECUTE_NOW:17 LIMIT:2"
"THEME_CIRCLE-032","THEME_CIRCLE","natural/randomized","MARKET_ONLY",4,5,56895.978511,0,0,56895.978511,0,19,56895.978511,0,0,0,61.07668653588122,11,0,2,18079.96,18856.099984,776.1399840000013,0.04292819143405192,0.3601911225419543,0,"n/a",6724,"","MARKET_ONLY","MARKET:19"
"THEME_CIRCLE-032","THEME_CIRCLE","natural/randomized","BILATERAL_ONLY",4,5,56895.978511,18079.96,0.31777219538467916,38816.018510999995,0.03356899999973029,12,38815.984941999995,0,0,0,43.25874023710157,11,0,2,18079.96,18856.099984,776.1399840000013,0.04292819143405192,0.3601911225419543,0.44,"n/a",6724,4587,"CROSSED_BILATERAL","MARKET:12"
"THEME_CIRCLE-032","THEME_CIRCLE","natural/randomized","VENUE0_CROSSING",4,5,56895.978511,18856.099984,0.3314135810205716,38039.87852699999,0.03866399999949466,11,38039.839862999994,0,0,0,43.11002008138249,11,0,2,18079.96,18856.099984,776.1399840000013,0.04292819143405192,0.3601911225419543,1,"EXACT_PASS",6724,4495,"PARTIAL_CROSS","MARKET:11"
"THEME_CIRCLE-032","THEME_CIRCLE","natural/randomized","VENUE0_FULL",4,5,56895.978511,18856.099984,0.3314135810205716,38039.87852699999,0.03866399999949466,11,38039.839862999994,0,0,0,29.77315022013324,8,20.96788231221329,2,18079.96,18856.099984,776.1399840000013,0.04292819143405192,0.3601911225419543,1,"EXACT_PASS",6724,4495,"PARTIAL_CROSS","EXECUTE_NOW:7 LIMIT:4"
"THEME_CIRCLE-033","THEME_CIRCLE","natural/randomized","MARKET_ONLY",10,5,152301.59603800005,0,0,152301.59603800005,0,46,152301.59603800005,0,0,0,215.26883147777642,14,0,6,42831.200000000004,53188.73996299999,10357.539962999988,0.24182231557836315,0.4322900680802646,0,"n/a",7566,"","MARKET_ONLY","MARKET:46"
"THEME_CIRCLE-033","THEME_CIRCLE","natural/randomized","BILATERAL_ONLY",10,5,152301.59603800005,42831.200000000004,0.281226205858758,109470.39603799999,0.14441499999929164,20,109470.25162299999,0,0,0,171.28633152207183,16,0,4,42831.200000000004,53188.73996299999,10357.539962999988,0.24182231557836315,0.4322900680802646,1.26,"n/a",7566,5438,"CROSSED_BILATERAL","MARKET:20"
"THEME_CIRCLE-033","THEME_CIRCLE","natural/randomized","VENUE0_CROSSING",10,5,152301.59603800005,53188.73996299999,0.3492329781608403,99112.85607499997,0.13963200000033282,18,99112.716443,0,0,0,159.9034278550036,16,0,4,42831.200000000004,53188.73996299999,10357.539962999988,0.24182231557836315,0.4322900680802646,1,"LP_PASS",7566,4924,"PARTIAL_CROSS","MARKET:18"
"THEME_CIRCLE-033","THEME_CIRCLE","natural/randomized","VENUE0_FULL",10,5,152301.59603800005,53188.73996299999,0.3492329781608403,99112.85607499997,0.13963200000033282,18,99112.716443,0,0,0,86.08691895183101,9,62.21807872593032,4,42831.200000000004,53188.73996299999,10357.539962999988,0.24182231557836315,0.4322900680802646,1,"LP_PASS",7566,4924,"PARTIAL_CROSS","LIMIT:8 EXECUTE_NOW:10"
"THEME_CIRCLE-034","THEME_CIRCLE","natural/randomized","MARKET_ONLY",4,5,77120.84404200001,0,0,77120.84404200001,0,19,77120.84404200001,0,0,0,58.95314433449549,8,0,3,26777.840000000007,32674.239984,5896.399983999992,0.2201969981148588,0.617926574559364,0,"n/a",5133,"","MARKET_ONLY","MARKET:19"
"THEME_CIRCLE-034","THEME_CIRCLE","natural/randomized","BILATERAL_ONLY",4,5,77120.84404200001,26777.840000000007,0.3472192288950675,50343.004041999986,0.03151099999985263,13,50342.97253099999,0,0,0,29.646744358735045,6,0,0,26777.840000000007,32674.239984,5896.399983999992,0.2201969981148588,0.617926574559364,0.41,"n/a",5133,3350,"CROSSED_BILATERAL","MARKET:13"
"THEME_CIRCLE-034","THEME_CIRCLE","natural/randomized","VENUE0_CROSSING",4,5,77120.84404200001,32674.239984,0.42367586078551744,44446.604058000004,0.043732999999235744,11,44446.560325000006,0,0,0,20.125555196832458,5,0,0,26777.840000000007,32674.239984,5896.399983999992,0.2201969981148588,0.617926574559364,1,"EXACT_PASS",5133,2958,"PARTIAL_CROSS","MARKET:11"
"THEME_CIRCLE-034","THEME_CIRCLE","natural/randomized","VENUE0_FULL",4,5,77120.84404200001,32674.239984,0.42367586078551744,44446.604058000004,0.043732999999235744,11,44446.560325000006,0,0,0,18.421413168879237,4,-5.843723201765033,0,26777.840000000007,32674.239984,5896.399983999992,0.2201969981148588,0.617926574559364,1,"EXACT_PASS",5133,2958,"PARTIAL_CROSS","EXECUTE_NOW:10 LIMIT:1"
"THEME_CIRCLE-035","THEME_CIRCLE","natural/randomized","MARKET_ONLY",9,5,30702.508839000002,0,0,30702.508839000002,0,41,30702.508839000002,0,0,0,22.02647554285971,7,0,0,6482.5199999999995,7220.439971999998,737.9199719999988,0.11383227078358397,0.3772585516948672,0,"n/a",4690,"","MARKET_ONLY","MARKET:41"
"THEME_CIRCLE-035","THEME_CIRCLE","natural/randomized","BILATERAL_ONLY",9,5,30702.508839000002,6482.5199999999995,0.21113974867635407,24219.988839,0.04848199999997149,31,24219.940356999996,0,0,0,14.987944096526444,6,0,0,6482.5199999999995,7220.439971999998,737.9199719999988,0.11383227078358397,0.3772585516948672,0.97,"n/a",4690,3700,"CROSSED_BILATERAL","MARKET:31"
"THEME_CIRCLE-035","THEME_CIRCLE","natural/randomized","VENUE0_CROSSING",9,5,30702.508839000002,7220.439971999998,0.23517426572085867,23482.068867000005,0.07352800000002802,25,23481.995339000005,0,0,0,14.426734563133897,6,0,0,6482.5199999999995,7220.439971999998,737.9199719999988,0.11383227078358397,0.3772585516948672,1,"LP_PASS",4690,3587,"PARTIAL_CROSS","MARKET:25"
"THEME_CIRCLE-035","THEME_CIRCLE","natural/randomized","VENUE0_FULL",9,5,30702.508839000002,7220.439971999998,0.23517426572085867,23482.068867000005,0.07352800000002802,25,23481.995339000005,0,0,0,12.47844779850181,5,2.1189654395433606,0,6482.5199999999995,7220.439971999998,737.9199719999988,0.11383227078358397,0.3772585516948672,1,"LP_PASS",4690,3587,"PARTIAL_CROSS","EXECUTE_NOW:21 LIMIT:4"
"THEME_CIRCLE-036","THEME_CIRCLE","natural/randomized","MARKET_ONLY",4,5,46657.026038,0,0,46657.026038,0,19,46657.026038,0,0,0,27.572408946212946,6,0,1,1807.08,2538.119991,731.0399910000001,0.40454212929145367,0.44607705765577665,0,"n/a",3975,"","MARKET_ONLY","MARKET:19"
"THEME_CIRCLE-036","THEME_CIRCLE","natural/randomized","BILATERAL_ONLY",4,5,46657.026038,1807.08,0.03873114412667915,44849.946038,0.0028700000000156933,17,44849.943168000005,0,0,0,25.610616605867023,6,0,0,1807.08,2538.119991,731.0399910000001,0.40454212929145367,0.44607705765577665,0.56,"n/a",3975,3821,"CROSSED_BILATERAL","MARKET:17"
"THEME_CIRCLE-036","THEME_CIRCLE","natural/randomized","VENUE0_CROSSING",4,5,46657.026038,2538.119991,0.054399523641580114,44118.906047000004,0.012843000000017923,16,44118.893204,0,0,0,24.999545212075727,6,0,1,1807.08,2538.119991,731.0399910000001,0.40454212929145367,0.44607705765577665,1,"EXACT_PASS",3975,3759,"PARTIAL_CROSS","MARKET:16"
"THEME_CIRCLE-036","THEME_CIRCLE","natural/randomized","VENUE0_FULL",4,5,46657.026038,2538.119991,0.054399523641580114,44118.906047000004,0.012843000000017923,16,44118.893204,0,0,0,23.711024267435985,5,-1.0249425337269555,1,1807.08,2538.119991,731.0399910000001,0.40454212929145367,0.44607705765577665,1,"EXACT_PASS",3975,3759,"PARTIAL_CROSS","EXECUTE_NOW:13 LIMIT:3"
"THEME_CIRCLE-037","THEME_CIRCLE","natural/randomized","MARKET_ONLY",6,5,93756.10933900002,0,0,93756.10933900002,0,29,93756.10933900002,0,0,0,81.66020595560276,9,0,4,14372.960000000005,14742.119978000002,369.15997799999786,0.02568433906446534,0.16272475207814252,0,"n/a",6091,"","MARKET_ONLY","MARKET:29"
"THEME_CIRCLE-037","THEME_CIRCLE","natural/randomized","BILATERAL_ONLY",6,5,93756.10933900002,14372.960000000005,0.15330158323902676,79383.14933900001,0.07248199999992977,19,79383.07685700001,0,0,0,65.331703015011,8,0,4,14372.960000000005,14742.119978000002,369.15997799999786,0.02568433906446534,0.16272475207814252,0.65,"n/a",6091,5158,"CROSSED_BILATERAL","MARKET:19"
"THEME_CIRCLE-037","THEME_CIRCLE","natural/randomized","VENUE0_CROSSING",6,5,93756.10933900002,14742.119978000002,0.15723903308205728,79013.989361,0.09006899999970841,16,79013.899292,0,0,0,65.05169967855407,8,0,4,14372.960000000005,14742.119978000002,369.15997799999786,0.02568433906446534,0.16272475207814252,1,"EXACT_PASS",6091,5134,"PARTIAL_CROSS","MARKET:16"
"THEME_CIRCLE-037","THEME_CIRCLE","natural/randomized","VENUE0_FULL",6,5,93756.10933900002,14742.119978000002,0.15723903308205728,79013.989361,0.09006899999970841,16,79013.899292,0,0,0,43.579296006712596,6,17.444304959010697,4,14372.960000000005,14742.119978000002,369.15997799999786,0.02568433906446534,0.16272475207814252,1,"EXACT_PASS",6091,5134,"PARTIAL_CROSS","LIMIT:6 EXECUTE_NOW:10"
"THEME_CIRCLE-038","THEME_CIRCLE","natural/randomized","MARKET_ONLY",7,5,81949.32457399998,0,0,81949.32457399998,0,33,81949.32457399998,0,0,0,99.19534186520197,12,0,2,27508.76,32351.559974999996,4842.799974999998,0.17604573870287132,0.39796737292874723,0,"n/a",5542,"","MARKET_ONLY","MARKET:33"
"THEME_CIRCLE-038","THEME_CIRCLE","natural/randomized","BILATERAL_ONLY",7,5,81949.32457399998,27508.76,0.33568013089796334,54440.564574,0.062209999999403465,19,54440.502364,0,0,0,70.59985386695726,13,0,2,27508.76,32351.559974999996,4842.799974999998,0.17604573870287132,0.39796737292874723,0.71,"n/a",5542,3681,"CROSSED_BILATERAL","MARKET:19"
"THEME_CIRCLE-038","THEME_CIRCLE","natural/randomized","VENUE0_CROSSING",7,5,81949.32457399998,32351.559974999996,0.3947751875097718,49597.764598999995,0.07296800000018067,17,49597.691630999994,0,0,0,66.41266574954668,13,0,0,27508.76,32351.559974999996,4842.799974999998,0.17604573870287132,0.39796737292874723,1,"LP_PASS",5542,3354,"PARTIAL_CROSS","MARKET:17"
"THEME_CIRCLE-038","THEME_CIRCLE","natural/randomized","VENUE0_FULL",7,5,81949.32457399998,32351.559974999996,0.3947751875097718,49597.764598999995,0.07296800000018067,17,49597.691630999994,0,0,0,40.92108631477395,8,21.816443869768545,0,27508.76,32351.559974999996,4842.799974999998,0.17604573870287132,0.39796737292874723,1,"LP_PASS",5542,3354,"PARTIAL_CROSS","LIMIT:5 EXECUTE_NOW:12"
"THEME_CIRCLE-039","THEME_CIRCLE","natural/randomized","MARKET_ONLY",6,5,55691.45591800001,0,0,55691.45591800001,0,26,55691.45591800001,0,0,0,62.975320265856915,11,0,1,15807.6,27921.959976000002,12114.359976000002,0.7663630137402263,0.5467043318247912,0,"n/a",5657,"","MARKET_ONLY","MARKET:26"
"THEME_CIRCLE-039","THEME_CIRCLE","natural/randomized","BILATERAL_ONLY",6,5,55691.45591800001,15807.6,0.28384246271591607,39883.85591799999,0.060336999999924146,17,39883.79558099999,0,0,0,43.08525076074662,11,0,1,15807.6,27921.959976000002,12114.359976000002,0.7663630137402263,0.5467043318247912,0.89,"n/a",5657,4051,"CROSSED_BILATERAL","MARKET:17"
"THEME_CIRCLE-039","THEME_CIRCLE","natural/randomized","VENUE0_CROSSING",6,5,55691.45591800001,27921.959976000002,0.5013688278703333,27769.495942,0.08147200000025379,11,27769.41447,0,0,0,29.101975482865306,10,0,1,15807.6,27921.959976000002,12114.359976000002,0.7663630137402263,0.5467043318247912,1,"EXACT_PASS",5657,2820,"PARTIAL_CROSS","MARKET:11"
"THEME_CIRCLE-039","THEME_CIRCLE","natural/randomized","VENUE0_FULL",6,5,55691.45591800001,27921.959976000002,0.5013688278703333,27769.495942,0.08147200000025379,11,27769.41447,0,0,0,19.962246226920918,7,15.696822797866991,1,15807.6,27921.959976000002,12114.359976000002,0.7663630137402263,0.5467043318247912,1,"EXACT_PASS",5657,2820,"PARTIAL_CROSS","EXECUTE_NOW:7 LIMIT:4"
"INDEX_REBALANCE-000","INDEX_REBALANCE","natural/randomized","MARKET_ONLY",9,6,13114.110352999998,0,0,13114.110352999998,0,54,13114.110352999998,0,0,0,8.18594648245836,6,0,0,7393.2,7408.139952999999,14.93995299999915,0.0020207694908834,0.5649152311963925,0,"n/a",618,"","MARKET_ONLY","MARKET:54"
"INDEX_REBALANCE-000","INDEX_REBALANCE","natural/randomized","BILATERAL_ONLY",9,6,13114.110352999998,7393.2,0.563759172448074,5720.910352999998,0.13675699999982704,26,5720.773596,0,0,0,4.474815340939269,8,0,0,7393.2,7408.139952999999,14.93995299999915,0.0020207694908834,0.5649152311963925,1.49,"n/a",618,270,"CROSSED_BILATERAL","MARKET:26"
"INDEX_REBALANCE-000","INDEX_REBALANCE","natural/randomized","VENUE0_CROSSING",9,6,13114.110352999998,7408.139952999999,0.5648983997839628,5705.9704,0.16292800000005547,22,5705.8074719999995,0,0,0,4.397844449803847,8,0,0,7393.2,7408.139952999999,14.93995299999915,0.0020207694908834,0.5649152311963925,2,"LP_PASS",618,269,"PARTIAL_CROSS","MARKET:22"
"INDEX_REBALANCE-000","INDEX_REBALANCE","natural/randomized","VENUE0_FULL",9,6,13114.110352999998,7408.139952999999,0.5648983997839628,5705.9704,0.16292800000005547,20,5700.307775,0,5.499696999999999,0,4.359639697006029,8,0,0,7393.2,7408.139952999999,14.93995299999915,0.0020207694908834,0.5649152311963925,2,"LP_PASS",618,269,"PARTIAL_CROSS","EXECUTE_NOW:20 AGGREGATE:2"
"INDEX_REBALANCE-001","INDEX_REBALANCE","natural/randomized","MARKET_ONLY",4,6,9503.353740999997,0,0,9503.353740999997,0,24,9503.353740999997,0,0,0,6.1953293052372365,7,0,0,1525.4800000000005,1872.4799829999997,346.99998299999925,0.2274693755408128,0.25387770062593956,0,"n/a",735,"","MARKET_ONLY","MARKET:24"
"INDEX_REBALANCE-001","INDEX_REBALANCE","natural/randomized","BILATERAL_ONLY",4,6,9503.353740999997,1525.4800000000005,0.1605201744115526,7977.873740999999,0.04160999999999859,17,7977.832130999999,0,0,0,5.407921374298104,7,0,0,1525.4800000000005,1872.4799829999997,346.99998299999925,0.2274693755408128,0.25387770062593956,0.57,"n/a",735,618,"CROSSED_BILATERAL","MARKET:17"
"INDEX_REBALANCE-001","INDEX_REBALANCE","natural/randomized","VENUE0_CROSSING",4,6,9503.353740999997,1872.4799829999997,0.19703359824665084,7630.873758000001,0.05248600000000181,16,7630.821272000001,0,0,0,5.3568186875246635,7,0,0,1525.4800000000005,1872.4799829999997,346.99998299999925,0.2274693755408128,0.25387770062593956,1,"EXACT_PASS",735,591,"PARTIAL_CROSS","MARKET:16"
"INDEX_REBALANCE-001","INDEX_REBALANCE","natural/randomized","VENUE0_FULL",4,6,9503.353740999997,1872.4799829999997,0.19703359824665084,7630.873758000001,0.05248600000000181,16,7630.821272000001,0,0,0,4.153352496070843,5,2.6372489876412395,0,1525.4800000000005,1872.4799829999997,346.99998299999925,0.2274693755408128,0.25387770062593956,1,"EXACT_PASS",735,591,"PARTIAL_CROSS","EXECUTE_NOW:12 LIMIT:4"
"INDEX_REBALANCE-002","INDEX_REBALANCE","natural/randomized","MARKET_ONLY",8,6,12175.937073999996,0,0,12175.937073999996,0,48,12175.937073999996,0,0,0,6.959565537040458,6,0,0,6387.6799999999985,6852.919962,465.23996200000147,0.07283394941512436,0.6678450251984279,0,"n/a",639,"","MARKET_ONLY","MARKET:48"
"INDEX_REBALANCE-002","INDEX_REBALANCE","natural/randomized","BILATERAL_ONLY",8,6,12175.937073999996,6387.6799999999985,0.5246150633974606,5788.257074000001,0.12844900000003356,26,5788.128625,0,0,0,3.55837612636551,6,0,0,6387.6799999999985,6852.919962,465.23996200000147,0.07283394941512436,0.6678450251984279,1.23,"n/a",639,303,"CROSSED_BILATERAL","MARKET:26"
"INDEX_REBALANCE-002","INDEX_REBALANCE","natural/randomized","VENUE0_CROSSING",8,6,12175.937073999996,6852.919962,0.5628248503873635,5323.017112000001,0.13146500000005013,24,5322.885646999999,0,0,0,3.2326570539674724,6,0,0,6387.6799999999985,6852.919962,465.23996200000147,0.07283394941512436,0.6678450251984279,1,"LP_PASS",639,279,"PARTIAL_CROSS","MARKET:24"
"INDEX_REBALANCE-002","INDEX_REBALANCE","natural/randomized","VENUE0_FULL",8,6,12175.937073999996,6852.919962,0.5628248503873635,5323.017112000001,0.13146500000005013,24,5322.885646999999,0,0,0,3.2326570539674724,6,0,0,6387.6799999999985,6852.919962,465.23996200000147,0.07283394941512436,0.6678450251984279,1,"LP_PASS",639,279,"PARTIAL_CROSS","EXECUTE_NOW:24"
"INDEX_REBALANCE-003","INDEX_REBALANCE","natural/randomized","MARKET_ONLY",6,6,8964.09813,0,0,8964.09813,0,35,8964.09813,0,0,0,2.2352683189810074,2,0,0,1296.28,1403.5199719999998,107.23997199999985,0.08272901842194576,0.37321893708452736,0,"n/a",572,"","MARKET_ONLY","MARKET:35"
"INDEX_REBALANCE-003","INDEX_REBALANCE","natural/randomized","BILATERAL_ONLY",6,6,8964.09813,1296.28,0.14460796626732153,7667.818129999998,0.042597999999994585,23,7667.775532,0,0,0,1.2265412163637368,2,0,0,1296.28,1403.5199719999998,107.23997199999985,0.08272901842194576,0.37321893708452736,0.97,"n/a",572,490,"CROSSED_BILATERAL","MARKET:23"
"INDEX_REBALANCE-003","INDEX_REBALANCE","natural/randomized","VENUE0_CROSSING",6,6,8964.09813,1403.5199719999998,0.1565712413726109,7560.578157999998,0.06677900000000303,17,7560.511378999999,0,0,0,0.80474256820834,1,0,0,1296.28,1403.5199719999998,107.23997199999985,0.08272901842194576,0.37321893708452736,1,"EXACT_PASS",572,483,"PARTIAL_CROSS","MARKET:17"
"INDEX_REBALANCE-003","INDEX_REBALANCE","natural/randomized","VENUE0_FULL",6,6,8964.09813,1403.5199719999998,0.1565712413726109,7560.578157999998,0.06677900000000303,17,7560.511378999999,0,0,0,-0.3303611830174803,0,-0.808915376219888,0,1296.28,1403.5199719999998,107.23997199999985,0.08272901842194576,0.37321893708452736,1,"EXACT_PASS",572,483,"PARTIAL_CROSS","EXECUTE_NOW:14 LIMIT:3"
"INDEX_REBALANCE-004","INDEX_REBALANCE","natural/randomized","MARKET_ONLY",10,6,14925.325455999993,0,0,14925.325455999993,0,60,14925.325455999993,0,0,0,12.088431805862593,8,0,0,8605.740000000002,8605.739945000001,-0.00005500000042957254,-6.391083210691065e-9,0.5766039717774047,0,"n/a",596,"","MARKET_ONLY","MARKET:60"
"INDEX_REBALANCE-004","INDEX_REBALANCE","natural/randomized","BILATERAL_ONLY",10,6,14925.325455999993,8605.740000000002,0.5765864218753426,6319.585456000001,0.1860929999998504,28,6319.399363000001,0,0,0,8.126330457747924,13,0,0,8605.740000000002,8605.739945000001,-0.00005500000042957254,-6.391083210691065e-9,0.5766039717774047,1.98,"n/a",596,252,"CROSSED_BILATERAL","MARKET:28"
"INDEX_REBALANCE-004","INDEX_REBALANCE","natural/randomized","VENUE0_CROSSING",10,6,14925.325455999993,8605.739945000001,0.5765864181903307,6319.585510999999,0.24887499999986584,20,6319.336636000001,0,0,0,8.052957166223788,13,0,0,8605.740000000002,8605.739945000001,-0.00005500000042957254,-6.391083210691065e-9,0.5766039717774047,2,"LP_PASS",596,252,"PARTIAL_CROSS","MARKET:20"
"INDEX_REBALANCE-004","INDEX_REBALANCE","natural/randomized","VENUE0_FULL",10,6,14925.325455999993,8605.739945000001,0.5765864181903307,6319.585510999999,0.24887499999986584,20,6319.336636000001,0,0,0,7.155888559996584,11,2.721303091850011,0,8605.740000000002,8605.739945000001,-0.00005500000042957254,-6.391083210691065e-9,0.5766039717774047,2,"LP_PASS",596,252,"PARTIAL_CROSS","EXECUTE_NOW:14 LIMIT:6"
"INDEX_REBALANCE-005","INDEX_REBALANCE","natural/randomized","MARKET_ONLY",8,6,11097.791616999997,0,0,11097.791616999997,0,48,11097.791616999997,0,0,0,7.748581726335067,7,0,0,3221.8000000000006,3749.979961,528.1799609999994,0.1639394006456016,0.34643162141472034,0,"n/a",761,"","MARKET_ONLY","MARKET:48"
"INDEX_REBALANCE-005","INDEX_REBALANCE","natural/randomized","BILATERAL_ONLY",8,6,11097.791616999997,3221.8000000000006,0.29031001042268006,7875.991617000001,0.12162399999989404,27,7875.869993,0,0,0,5.659861083942703,7,0,0,3221.8000000000006,3749.979961,528.1799609999994,0.1639394006456016,0.34643162141472034,1.22,"n/a",761,540,"CROSSED_BILATERAL","MARKET:27"
"INDEX_REBALANCE-005","INDEX_REBALANCE","natural/randomized","VENUE0_CROSSING",8,6,11097.791616999997,3749.979961,0.3379032595327926,7347.811656,0.17798500000005646,21,7347.6336710000005,0,0,0,4.66688401036105,6,0,0,3221.8000000000006,3749.979961,528.1799609999994,0.1639394006456016,0.34643162141472034,1,"LP_PASS",761,503,"PARTIAL_CROSS","MARKET:21"
"INDEX_REBALANCE-005","INDEX_REBALANCE","natural/randomized","VENUE0_FULL",8,6,11097.791616999997,3749.979961,0.3379032595327926,7347.811656,0.17798500000005646,21,7347.6336710000005,0,0,0,2.0963113792954076,3,1.8108931574386968,0,3221.8000000000006,3749.979961,528.1799609999994,0.1639394006456016,0.34643162141472034,1,"LP_PASS",761,503,"PARTIAL_CROSS","EXECUTE_NOW:16 LIMIT:5"
"INDEX_REBALANCE-006","INDEX_REBALANCE","natural/randomized","MARKET_ONLY",8,6,9662.009371,0,0,9662.009371,0,48,9662.009371,0,0,0,5.8713727159237346,6,0,0,5153.04,5328.459963,175.41996300000028,0.03404203402263524,0.6681409880822605,0,"n/a",823,"","MARKET_ONLY","MARKET:48"
"INDEX_REBALANCE-006","INDEX_REBALANCE","natural/randomized","BILATERAL_ONLY",8,6,9662.009371,5153.04,0.5333300561130246,4508.969371,0.10469399999984363,25,4508.864676999999,0,0,0,3.134178135378169,7,0,0,5153.04,5328.459963,175.41996300000028,0.03404203402263524,0.6681409880822605,1.17,"n/a",823,384,"CROSSED_BILATERAL","MARKET:25"
"INDEX_REBALANCE-006","INDEX_REBALANCE","natural/randomized","VENUE0_CROSSING",8,6,9662.009371,5328.459963,0.5514856960285182,4333.549408000002,0.12572600000002584,24,4333.423682000001,0,0,0,2.6201638244875713,6,0,0,5153.04,5328.459963,175.41996300000028,0.03404203402263524,0.6681409880822605,1,"LP_PASS",823,369,"PARTIAL_CROSS","MARKET:24"
"INDEX_REBALANCE-006","INDEX_REBALANCE","natural/randomized","VENUE0_FULL",8,6,9662.009371,5328.459963,0.5514856960285182,4333.549408000002,0.12572600000002584,23,4332.073603000001,0,1.350079,0,2.594102949777279,6,0.6074118158014423,0,5153.04,5328.459963,175.41996300000028,0.03404203402263524,0.6681409880822605,1,"LP_PASS",823,369,"PARTIAL_CROSS","EXECUTE_NOW:22 LIMIT:1 AGGREGATE:1"
"INDEX_REBALANCE-007","INDEX_REBALANCE","natural/randomized","MARKET_ONLY",7,6,9463.200267999997,0,0,9463.200267999997,0,42,9463.200267999997,0,0,0,7.400358752887091,8,0,0,3136.079999999999,3429.8799690000005,293.7999690000015,0.09368382471110481,0.3892313284814867,0,"n/a",595,"","MARKET_ONLY","MARKET:42"
"INDEX_REBALANCE-007","INDEX_REBALANCE","natural/randomized","BILATERAL_ONLY",7,6,9463.200267999997,3136.079999999999,0.3313974037519545,6327.120268,0.07628899999991479,25,6327.043979,0,0,0,5.93836279179826,9,0,0,3136.079999999999,3429.8799690000005,293.7999690000015,0.09368382471110481,0.3892313284814867,0.87,"n/a",595,398,"CROSSED_BILATERAL","MARKET:25"
"INDEX_REBALANCE-007","INDEX_REBALANCE","natural/randomized","VENUE0_CROSSING",7,6,9463.200267999997,3429.8799690000005,0.36244398003476785,6033.320298999999,0.08700099999994482,23,6033.233297999999,0,0,0,6.027461019437062,10,0,0,3136.079999999999,3429.8799690000005,293.7999690000015,0.09368382471110481,0.3892313284814867,1,"LP_PASS",595,379,"PARTIAL_CROSS","MARKET:23"
"INDEX_REBALANCE-007","INDEX_REBALANCE","natural/randomized","VENUE0_FULL",7,6,9463.200267999997,3429.8799690000005,0.36244398003476785,6033.320298999999,0.08700099999994482,23,6033.233297999999,0,0,0,5.357403346863685,9,1.2084368321042147,0,3136.079999999999,3429.8799690000005,293.7999690000015,0.09368382471110481,0.3892313284814867,1,"LP_PASS",595,379,"PARTIAL_CROSS","EXECUTE_NOW:21 LIMIT:2"
"INDEX_REBALANCE-008","INDEX_REBALANCE","natural/randomized","MARKET_ONLY",11,6,33271.437464,0,0,33271.437464,0,66,33271.437464,0,0,0,14.84228466144354,4,0,0,22874.719999999998,24105.959945000013,1231.2399450000157,0.05382535589506739,0.7686306982579489,0,"n/a",875,"","MARKET_ONLY","MARKET:66"
"INDEX_REBALANCE-008","INDEX_REBALANCE","natural/randomized","BILATERAL_ONLY",11,6,33271.437464,22874.719999999998,0.6875182361673028,10396.717464,0.18162699999998466,31,10396.535837000003,0,0,0,2.222482478278658,2,0,0,22874.719999999998,24105.959945000013,1231.2399450000157,0.05382535589506739,0.7686306982579489,2.34,"n/a",875,273,"CROSSED_BILATERAL","MARKET:31"
"INDEX_REBALANCE-008","INDEX_REBALANCE","natural/randomized","VENUE0_CROSSING",11,6,33271.437464,24105.959945000013,0.7245241499133568,9165.477519000002,0.21952900000012043,26,9165.257990000002,0,0,0,0.6558578514672898,1,0,0,22874.719999999998,24105.959945000013,1231.2399450000157,0.05382535589506739,0.7686306982579489,2,"LP_PASS",875,241,"PARTIAL_CROSS","MARKET:26"
"INDEX_REBALANCE-008","INDEX_REBALANCE","natural/randomized","VENUE0_FULL",11,6,33271.437464,24105.959945000013,0.7245241499133568,9165.477519000002,0.21952900000012043,25,9158.281489,0,6.976501000000013,0,-0.1952565748698185,0,0.25177737353255525,0,22874.719999999998,24105.959945000013,1231.2399450000157,0.05382535589506739,0.7686306982579489,2,"LP_PASS",875,241,"PARTIAL_CROSS","EXECUTE_NOW:20 LIMIT:5 AGGREGATE:1"
"INDEX_REBALANCE-009","INDEX_REBALANCE","natural/randomized","MARKET_ONLY",7,6,16007.384584000003,0,0,16007.384584000003,0,42,16007.384584000003,0,0,0,9.914928569143271,6,0,0,7316.040000000003,7531.039963999999,214.999963999996,0.029387477925215816,0.47048454371039167,0,"n/a",819,"","MARKET_ONLY","MARKET:42"
"INDEX_REBALANCE-009","INDEX_REBALANCE","natural/randomized","BILATERAL_ONLY",7,6,16007.384584000003,7316.040000000003,0.45704155863867146,8691.344584000002,0.1368099999998508,19,8691.207774000002,0,0,0,5.572374259731682,6,0,0,7316.040000000003,7531.039963999999,214.999963999996,0.029387477925215816,0.47048454371039167,1,"n/a",819,445,"CROSSED_BILATERAL","MARKET:19"
"INDEX_REBALANCE-009","INDEX_REBALANCE","natural/randomized","VENUE0_CROSSING",7,6,16007.384584000003,7531.039963999999,0.4704728573540716,8476.34462,0.16066999999999304,14,8476.18395,0,0,0,4.746965279458791,6,0,0,7316.040000000003,7531.039963999999,214.999963999996,0.029387477925215816,0.47048454371039167,1,"LP_PASS",819,434,"PARTIAL_CROSS","MARKET:14"
"INDEX_REBALANCE-009","INDEX_REBALANCE","natural/randomized","VENUE0_FULL",7,6,16007.384584000003,7531.039963999999,0.4704728573540716,8476.34462,0.16066999999999304,14,8476.18395,0,0,0,2.544906315636064,3,2.1019593559407004,0,7316.040000000003,7531.039963999999,214.999963999996,0.029387477925215816,0.47048454371039167,1,"LP_PASS",819,434,"PARTIAL_CROSS","EXECUTE_NOW:12 LIMIT:2"
"INDEX_REBALANCE-010","INDEX_REBALANCE","natural/randomized","MARKET_ONLY",10,6,12891.048827000002,0,0,12891.048827000002,0,60,12891.048827000002,0,0,0,8.268058421799394,6,0,0,6851.119999999999,7464.659951999998,613.5399519999992,0.0895532339237963,0.5790790397415038,0,"n/a",550,"","MARKET_ONLY","MARKET:60"
"INDEX_REBALANCE-010","INDEX_REBALANCE","natural/randomized","BILATERAL_ONLY",10,6,12891.048827000002,6851.119999999999,0.5314633504180426,6039.928826999999,0.19455699999989703,26,6039.734269999998,0,0,0,4.8438025487278,8,0,0,6851.119999999999,7464.659951999998,613.5399519999992,0.0895532339237963,0.5790790397415038,1.79,"n/a",550,258,"CROSSED_BILATERAL","MARKET:26"
"INDEX_REBALANCE-010","INDEX_REBALANCE","natural/randomized","VENUE0_CROSSING",10,6,12891.048827000002,7464.659951999998,0.5790576121599541,5426.388875000001,0.17800199999990796,27,5426.210872999999,0,0,0,4.667653880515787,9,0,0,6851.119999999999,7464.659951999998,613.5399519999992,0.0895532339237963,0.5790790397415038,2,"LP_PASS",550,231,"PARTIAL_CROSS","MARKET:27"
"INDEX_REBALANCE-010","INDEX_REBALANCE","natural/randomized","VENUE0_FULL",10,6,12891.048827000002,7464.659951999998,0.5790576121599541,5426.388875000001,0.17800199999990796,27,5426.210872999999,0,0,0,4.667653880515787,9,0,0,6851.119999999999,7464.659951999998,613.5399519999992,0.0895532339237963,0.5790790397415038,2,"LP_PASS",550,231,"PARTIAL_CROSS","EXECUTE_NOW:27"
"INDEX_REBALANCE-011","INDEX_REBALANCE","natural/randomized","MARKET_ONLY",11,6,12684.784285999996,0,0,12684.784285999996,0,66,12684.784285999996,0,0,0,10.49029301902348,8,0,0,3671.4,3882.2399490000003,210.83994900000016,0.057427670370975695,0.306075413382083,0,"n/a",806,"","MARKET_ONLY","MARKET:66"
"INDEX_REBALANCE-011","INDEX_REBALANCE","natural/randomized","BILATERAL_ONLY",11,6,12684.784285999996,3671.4,0.2894333807514621,9013.384285999997,0.17472899999994662,32,9013.209556999998,0,0,0,7.648616538537834,8,0,0,3671.4,3882.2399490000003,210.83994900000016,0.057427670370975695,0.306075413382083,2.08,"n/a",806,572,"CROSSED_BILATERAL","MARKET:32"
"INDEX_REBALANCE-011","INDEX_REBALANCE","natural/randomized","VENUE0_CROSSING",11,6,12684.784285999996,3882.2399490000003,0.3060548655356142,8802.544337,0.19192900000000312,32,8802.352407999999,0,0,0,7.48043569843581,8,0,0,3671.4,3882.2399490000003,210.83994900000016,0.057427670370975695,0.306075413382083,2,"LP_PASS",806,559,"PARTIAL_CROSS","MARKET:32"
"INDEX_REBALANCE-011","INDEX_REBALANCE","natural/randomized","VENUE0_FULL",11,6,12684.784285999996,3882.2399490000003,0.3060548655356142,8802.544337,0.19192900000000312,31,8800.409378999999,0,1.943029000000001,0,6.991741731383786,8,1.477007729400136,0,3671.4,3882.2399490000003,210.83994900000016,0.057427670370975695,0.306075413382083,2,"LP_PASS",806,559,"PARTIAL_CROSS","EXECUTE_NOW:30 LIMIT:1 AGGREGATE:1"
"INDEX_REBALANCE-012","INDEX_REBALANCE","natural/randomized","MARKET_ONLY",10,6,13814.359881999999,0,0,13814.359881999999,0,60,13814.359881999999,0,0,0,6.42817911476439,5,0,0,3357.08,3963.2799560000003,606.1999560000004,0.1805735806117222,0.28792458224449785,0,"n/a",614,"","MARKET_ONLY","MARKET:60"
"INDEX_REBALANCE-012","INDEX_REBALANCE","natural/randomized","BILATERAL_ONLY",10,6,13814.359881999999,3357.08,0.2430137935217866,10457.279882000004,0.10714299999995303,41,10457.172739000001,0,0,0,4.530388789439224,4,0,0,3357.08,3963.2799560000003,606.1999560000004,0.1805735806117222,0.28792458224449785,1.58,"n/a",614,464,"CROSSED_BILATERAL","MARKET:41"
"INDEX_REBALANCE-012","INDEX_REBALANCE","natural/randomized","VENUE0_CROSSING",10,6,13814.359881999999,3963.2799560000003,0.28689566435605335,9851.079926000002,0.15126599999998852,34,9850.928659999998,0,0,0,4.293567265833782,4,0,0,3357.08,3963.2799560000003,606.1999560000004,0.1805735806117222,0.28792458224449785,2,"LP_PASS",614,437,"PARTIAL_CROSS","MARKET:34"
"INDEX_REBALANCE-012","INDEX_REBALANCE","natural/randomized","VENUE0_FULL",10,6,13814.359881999999,3963.2799560000003,0.28689566435605335,9851.079926000002,0.15126599999998852,33,9849.161536,0,1.767124,0,4.269482727848541,4,0,0,3357.08,3963.2799560000003,606.1999560000004,0.1805735806117222,0.28792458224449785,2,"LP_PASS",614,437,"PARTIAL_CROSS","EXECUTE_NOW:33 AGGREGATE:1"
"INDEX_REBALANCE-013","INDEX_REBALANCE","natural/randomized","MARKET_ONLY",11,6,40729.10219399999,0,0,40729.10219399999,0,66,40729.10219399999,0,0,0,23.975760689845256,6,0,1,31032.539999999994,31632.979939999997,600.4399400000038,0.019348720407675424,0.795336864773121,0,"n/a",977,"","MARKET_ONLY","MARKET:66"
"INDEX_REBALANCE-013","INDEX_REBALANCE","natural/randomized","BILATERAL_ONLY",11,6,40729.10219399999,31032.539999999994,0.7619254618524725,9696.562194,0.2384420000000178,22,9696.323751999998,0,0,0,7.425292691695545,8,0,0,31032.539999999994,31632.979939999997,600.4399400000038,0.019348720407675424,0.795336864773121,2.52,"n/a",977,232,"CROSSED_BILATERAL","MARKET:22"
"INDEX_REBALANCE-013","INDEX_REBALANCE","natural/randomized","VENUE0_CROSSING",11,6,40729.10219399999,31632.979939999997,0.7766677445853449,9096.122253999998,0.2660560000003631,19,9095.856198,0,0,0,7.651846867600647,8,0,1,31032.539999999994,31632.979939999997,600.4399400000038,0.019348720407675424,0.795336864773121,2,"LP_PASS",977,218,"PARTIAL_CROSS","MARKET:19"
"INDEX_REBALANCE-013","INDEX_REBALANCE","natural/randomized","VENUE0_FULL",11,6,40729.10219399999,31632.979939999997,0.7766677445853449,9096.122253999998,0.2660560000003631,19,9095.856198,0,0,0,7.213093677271674,8,1.4530405007043572,1,31032.539999999994,31632.979939999997,600.4399400000038,0.019348720407675424,0.795336864773121,2,"LP_PASS",977,218,"PARTIAL_CROSS","EXECUTE_NOW:18 LIMIT:1"
"INDEX_REBALANCE-014","INDEX_REBALANCE","natural/randomized","MARKET_ONLY",10,6,11489.455667000002,0,0,11489.455667000002,0,60,11489.455667000002,0,0,0,7.431785220680918,6,0,0,6256.759999999999,6941.199957000002,684.4399570000023,0.10939207465205672,0.6443849724982798,0,"n/a",479,"","MARKET_ONLY","MARKET:60"
"INDEX_REBALANCE-014","INDEX_REBALANCE","natural/randomized","BILATERAL_ONLY",10,6,11489.455667000002,6256.759999999999,0.5445653981650894,5232.695667000001,0.13438699999994586,29,5232.56128,0,0,0,2.8359047518893954,5,0,0,6256.759999999999,6941.199957000002,684.4399570000023,0.10939207465205672,0.6443849724982798,1.8,"n/a",479,218,"CROSSED_BILATERAL","MARKET:29"
"INDEX_REBALANCE-014","INDEX_REBALANCE","natural/randomized","VENUE0_CROSSING",10,6,11489.455667000002,6941.199957000002,0.6041365368540919,4548.255709999999,0.11576600000005544,31,4548.139944,0,0,0,2.662855287463555,6,0,0,6256.759999999999,6941.199957000002,684.4399570000023,0.10939207465205672,0.6443849724982798,2,"LP_PASS",479,189,"PARTIAL_CROSS","MARKET:31"
"INDEX_REBALANCE-014","INDEX_REBALANCE","natural/randomized","VENUE0_FULL",10,6,11489.455667000002,6941.199957000002,0.6041365368540919,4548.255709999999,0.11576600000005544,26,4534.862424999999,0,13.277518999999995,0,2.0982834927700313,5,0.8499518648740856,0,6256.759999999999,6941.199957000002,684.4399570000023,0.10939207465205672,0.6443849724982798,2,"LP_PASS",479,189,"PARTIAL_CROSS","EXECUTE_NOW:21 LIMIT:5 AGGREGATE:5"
"INDEX_REBALANCE-015","INDEX_REBALANCE","natural/randomized","MARKET_ONLY",5,6,13657.022315000002,0,0,13657.022315000002,0,30,13657.022315000002,0,0,0,3.824040114225447,3,0,0,2782.480000000001,3630.539983,848.0599829999992,0.30478565272706326,0.29221729890685905,0,"n/a",621,"","MARKET_ONLY","MARKET:30"
"INDEX_REBALANCE-015","INDEX_REBALANCE","natural/randomized","BILATERAL_ONLY",5,6,13657.022315000002,2782.480000000001,0.20373987358458823,10874.542314999999,0.029691999999947427,25,10874.512622999999,0,0,0,2.43579582843259,2,0,0,2782.480000000001,3630.539983,848.0599829999992,0.30478565272706326,0.29221729890685905,0.56,"n/a",621,494,"CROSSED_BILATERAL","MARKET:25"
"INDEX_REBALANCE-015","INDEX_REBALANCE","natural/randomized","VENUE0_CROSSING",5,6,13657.022315000002,3630.539983,0.2658368639415963,10026.482332000003,0.03797499999998877,23,10026.444357000004,0,0,0,2.025790651753423,2,0,0,2782.480000000001,3630.539983,848.0599829999992,0.30478565272706326,0.29221729890685905,1,"EXACT_PASS",621,456,"PARTIAL_CROSS","MARKET:23"
"INDEX_REBALANCE-015","INDEX_REBALANCE","natural/randomized","VENUE0_FULL",5,6,13657.022315000002,3630.539983,0.2658368639415963,10026.482332000003,0.03797499999998877,23,10026.444357000004,0,0,0,0.06704851188638494,0,1.2945849995961118,0,2782.480000000001,3630.539983,848.0599829999992,0.30478565272706326,0.29221729890685905,1,"EXACT_PASS",621,456,"PARTIAL_CROSS","EXECUTE_NOW:19 LIMIT:4"
"INDEX_REBALANCE-016","INDEX_REBALANCE","natural/randomized","MARKET_ONLY",8,6,18925.742087,0,0,18925.742087,0,48,18925.742087,0,0,0,14.976667942928007,8,0,0,7857.239999999999,8533.399967000001,676.1599670000023,0.08605565911185128,0.4864925734312106,0,"n/a",694,"","MARKET_ONLY","MARKET:48"
"INDEX_REBALANCE-016","INDEX_REBALANCE","natural/randomized","BILATERAL_ONLY",8,6,18925.742087,7857.239999999999,0.4151615278217861,11068.502086999999,0.08054299999984327,29,11068.421543999999,0,0,0,9.639670011735799,9,0,0,7857.239999999999,8533.399967000001,676.1599670000023,0.08605565911185128,0.4864925734312106,1.19,"n/a",694,406,"CROSSED_BILATERAL","MARKET:29"
"INDEX_REBALANCE-016","INDEX_REBALANCE","natural/randomized","VENUE0_CROSSING",8,6,18925.742087,8533.399967000001,0.45088852673637314,10392.342120000001,0.10056400000009713,27,10392.241555999997,0,0,0,9.233706728803785,9,0,0,7857.239999999999,8533.399967000001,676.1599670000023,0.08605565911185128,0.4864925734312106,1,"LP_PASS",694,381,"PARTIAL_CROSS","MARKET:27"
"INDEX_REBALANCE-016","INDEX_REBALANCE","natural/randomized","VENUE0_FULL",8,6,18925.742087,8533.399967000001,0.45088852673637314,10392.342120000001,0.10056400000009713,27,10392.241555999997,0,0,0,5.916663015433237,6,3.539897219977825,0,7857.239999999999,8533.399967000001,676.1599670000023,0.08605565911185128,0.4864925734312106,1,"LP_PASS",694,381,"PARTIAL_CROSS","LIMIT:7 EXECUTE_NOW:20"
"INDEX_REBALANCE-017","INDEX_REBALANCE","natural/randomized","MARKET_ONLY",10,6,10930.246940000003,0,0,10930.246940000003,0,60,10930.246940000003,0,0,0,6.944822374069205,6,0,0,6631.4800000000005,6731.019950000003,99.53995000000214,0.015010216422277099,0.6181417160187233,0,"n/a",639,"","MARKET_ONLY","MARKET:60"
"INDEX_REBALANCE-017","INDEX_REBALANCE","natural/randomized","BILATERAL_ONLY",10,6,10930.246940000003,6631.4800000000005,0.606709074040371,4298.7669399999995,0.16349999999993958,25,4298.60344,0,0,0,2.999979723252495,7,0,0,6631.4800000000005,6731.019950000003,99.53995000000214,0.015010216422277099,0.6181417160187233,1.73,"n/a",639,251,"CROSSED_BILATERAL","MARKET:25"
"INDEX_REBALANCE-017","INDEX_REBALANCE","natural/randomized","VENUE0_CROSSING",10,6,10930.246940000003,6731.019950000003,0.6158159085470764,4199.22699,0.16319899999996323,26,4199.0637910000005,0,0,0,2.8748551990649,7,0,0,6631.4800000000005,6731.019950000003,99.53995000000214,0.015010216422277099,0.6181417160187233,2,"LP_PASS",639,245,"PARTIAL_CROSS","MARKET:26"
"INDEX_REBALANCE-017","INDEX_REBALANCE","natural/randomized","VENUE0_FULL",10,6,10930.246940000003,6731.019950000003,0.6158159085470764,4199.22699,0.16319899999996323,26,4199.0637910000005,0,0,0,2.8748551990649,7,0,0,6631.4800000000005,6731.019950000003,99.53995000000214,0.015010216422277099,0.6181417160187233,2,"LP_PASS",639,245,"PARTIAL_CROSS","EXECUTE_NOW:26"
"INDEX_REBALANCE-018","INDEX_REBALANCE","natural/randomized","MARKET_ONLY",4,6,2158.377432,0,0,2158.377432,0,24,2158.377432,0,0,0,1.0842377829317518,5,0,0,268.2,279.97999,11.779989999999998,0.043922408650260994,0.1879454000888571,0,"n/a",649,"","MARKET_ONLY","MARKET:24"
"INDEX_REBALANCE-018","INDEX_REBALANCE","natural/randomized","BILATERAL_ONLY",4,6,2158.377432,268.2,0.12426000940506496,1890.177432,0.005306000000000921,22,1890.172126,0,0,0,1.0382016974478512,5,0,0,268.2,279.97999,11.779989999999998,0.043922408650260994,0.1879454000888571,0.37,"n/a",649,568,"CROSSED_BILATERAL","MARKET:22"
"INDEX_REBALANCE-018","INDEX_REBALANCE","natural/randomized","VENUE0_CROSSING",4,6,2158.377432,279.97999,0.1297178083170395,1878.397442,0.018162999999994156,20,1878.379279,0,0,0,0.9138203112339212,5,0,0,268.2,279.97999,11.779989999999998,0.043922408650260994,0.1879454000888571,1,"EXACT_PASS",649,565,"PARTIAL_CROSS","MARKET:20"
"INDEX_REBALANCE-018","INDEX_REBALANCE","natural/randomized","VENUE0_FULL",4,6,2158.377432,279.97999,0.1297178083170395,1878.397442,0.018162999999994156,19,1876.357589,0,2.02169,0,0.6205656649281113,3,-0.3498577798850335,0,268.2,279.97999,11.779989999999998,0.043922408650260994,0.1879454000888571,1,"EXACT_PASS",649,565,"PARTIAL_CROSS","EXECUTE_NOW:16 LIMIT:3 AGGREGATE:1"
"INDEX_REBALANCE-019","INDEX_REBALANCE","natural/randomized","MARKET_ONLY",6,6,17955.894005000006,0,0,17955.894005000006,0,36,17955.894005000006,0,0,0,13.818185269586909,8,0,0,7666.960000000001,8228.039972,561.0799719999995,0.07318154418439636,0.4582426876494583,0,"n/a",790,"","MARKET_ONLY","MARKET:36"
"INDEX_REBALANCE-019","INDEX_REBALANCE","natural/randomized","BILATERAL_ONLY",6,6,17955.894005000006,7666.960000000001,0.4269884862243593,10288.934005000005,0.09182599999990937,16,10288.842179,0,0,0,10.617141126470239,10,0,0,7666.960000000001,8228.039972,561.0799719999995,0.07318154418439636,0.4582426876494583,0.81,"n/a",790,453,"CROSSED_BILATERAL","MARKET:16"
"INDEX_REBALANCE-019","INDEX_REBALANCE","natural/randomized","VENUE0_CROSSING",6,6,17955.894005000006,8228.039972,0.4582361629952158,9727.854033000001,0.07037800000002964,19,9727.783655,0,0,0,10.283883140609237,11,0,0,7666.960000000001,8228.039972,561.0799719999995,0.07318154418439636,0.4582426876494583,1,"EXACT_PASS",790,428,"PARTIAL_CROSS","MARKET:19"
"INDEX_REBALANCE-019","INDEX_REBALANCE","natural/randomized","VENUE0_FULL",6,6,17955.894005000006,8228.039972,0.4582361629952158,9727.854033000001,0.07037800000002964,19,9727.783655,0,0,0,6.250737344493675,6,3.8109442636613604,0,7666.960000000001,8228.039972,561.0799719999995,0.07318154418439636,0.4582426876494583,1,"EXACT_PASS",790,428,"PARTIAL_CROSS","EXECUTE_NOW:13 LIMIT:6"
"INDEX_REBALANCE-020","INDEX_REBALANCE","natural/randomized","MARKET_ONLY",12,6,12664.575886000002,0,0,12664.575886000002,0,72,12664.575886000002,0,0,0,8.085684308617974,6,0,0,7628.839999999999,8432.599939999998,803.759939999999,0.1053580806518421,0.6658662597080829,0,"n/a",778,"","MARKET_ONLY","MARKET:72"
"INDEX_REBALANCE-020","INDEX_REBALANCE","natural/randomized","BILATERAL_ONLY",12,6,12664.575886000002,7628.839999999999,0.6023762713154307,5035.735886000001,0.22108399999976847,32,5035.514802,0,0,0,3.8716806646802024,8,0,0,7628.839999999999,8432.599939999998,803.759939999999,0.1053580806518421,0.6658662597080829,2.41,"n/a",778,309,"CROSSED_BILATERAL","MARKET:32"
"INDEX_REBALANCE-020","INDEX_REBALANCE","natural/randomized","VENUE0_CROSSING",12,6,12664.575886000002,8432.599939999998,0.6658414790914379,4231.9759460000005,0.22443800000012004,33,4231.751507999999,0,0,0,3.1364365580905957,7,0,0,7628.839999999999,8432.599939999998,803.759939999999,0.1053580806518421,0.6658662597080829,2,"LP_PASS",778,260,"PARTIAL_CROSS","MARKET:33"
"INDEX_REBALANCE-020","INDEX_REBALANCE","natural/randomized","VENUE0_FULL",12,6,12664.575886000002,8432.599939999998,0.6658414790914379,4231.9759460000005,0.22443800000012004,32,4229.151629999999,0,2.599878,0,3.122488643827139,7,0,0,7628.839999999999,8432.599939999998,803.759939999999,0.1053580806518421,0.6658662597080829,2,"LP_PASS",778,260,"PARTIAL_CROSS","EXECUTE_NOW:32 AGGREGATE:1"
"INDEX_REBALANCE-021","INDEX_REBALANCE","natural/randomized","MARKET_ONLY",5,6,6989.008508999999,0,0,6989.008508999999,0,30,6989.008508999999,0,0,0,2.298184217998155,3,0,0,3493.84,3909.4599789999997,415.6199789999996,0.11895793138781387,0.6665285145956318,0,"n/a",632,"","MARKET_ONLY","MARKET:30"
"INDEX_REBALANCE-021","INDEX_REBALANCE","natural/randomized","BILATERAL_ONLY",5,6,6989.008508999999,3493.84,0.4999049572626583,3495.168509,0.031038000000013444,22,3495.137471,0,0,0,0.45562911235656145,1,0,0,3493.84,3909.4599789999997,415.6199789999996,0.11895793138781387,0.6665285145956318,0.61,"n/a",632,316,"CROSSED_BILATERAL","MARKET:22"
"INDEX_REBALANCE-021","INDEX_REBALANCE","natural/randomized","VENUE0_CROSSING",5,6,6989.008508999999,3909.4599789999997,0.5593726168691376,3079.54853,0.04764000000003277,18,3079.50089,0,0,0,0.3262343802384015,1,0,0,3493.84,3909.4599789999997,415.6199789999996,0.11895793138781387,0.6665285145956318,1,"EXACT_PASS",632,278,"PARTIAL_CROSS","MARKET:18"
"INDEX_REBALANCE-021","INDEX_REBALANCE","natural/randomized","VENUE0_FULL",5,6,6989.008508999999,3909.4599789999997,0.5593726168691376,3079.54853,0.04764000000003277,18,3079.50089,0,0,0,0.24468733442704588,1,-0.09931096807481848,0,3493.84,3909.4599789999997,415.6199789999996,0.11895793138781387,0.6665285145956318,1,"EXACT_PASS",632,278,"PARTIAL_CROSS","EXECUTE_NOW:17 LIMIT:1"
"INDEX_REBALANCE-022","INDEX_REBALANCE","natural/randomized","MARKET_ONLY",11,6,14468.450240000002,0,0,14468.450240000002,0,66,14468.450240000002,0,0,0,10.600167126750113,7,0,0,7695.04,7884.899947000001,189.85994700000083,0.024673029250010504,0.5449884000845138,0,"n/a",614,"","MARKET_ONLY","MARKET:66"
"INDEX_REBALANCE-022","INDEX_REBALANCE","natural/randomized","BILATERAL_ONLY",11,6,14468.450240000002,7695.04,0.5318496364403986,6773.410239999999,0.16113299999981923,32,6773.249106999999,0,0,0,6.391059414094843,9,0,0,7695.04,7884.899947000001,189.85994700000083,0.024673029250010504,0.5449884000845138,2.21,"n/a",614,287,"CROSSED_BILATERAL","MARKET:32"
"INDEX_REBALANCE-022","INDEX_REBALANCE","natural/randomized","VENUE0_CROSSING",11,6,14468.450240000002,7884.899947000001,0.5449719780769001,6583.550293000001,0.1644480000000419,33,6583.385844999999,0,0,0,6.618058710763334,10,0,0,7695.04,7884.899947000001,189.85994700000083,0.024673029250010504,0.5449884000845138,2,"LP_PASS",614,279,"PARTIAL_CROSS","MARKET:33"
"INDEX_REBALANCE-022","INDEX_REBALANCE","natural/randomized","VENUE0_FULL",11,6,14468.450240000002,7884.899947000001,0.5449719780769001,6583.550293000001,0.1644480000000419,30,6572.348317,0,11.037528000000005,0,4.889121877287373,7,2.6157910187582925,0,7695.04,7884.899947000001,189.85994700000083,0.024673029250010504,0.5449884000845138,2,"LP_PASS",614,279,"PARTIAL_CROSS","EXECUTE_NOW:27 AGGREGATE:3 LIMIT:3"
"INDEX_REBALANCE-023","INDEX_REBALANCE","natural/randomized","MARKET_ONLY",4,6,4475.723729000001,0,0,4475.723729000001,0,24,4475.723729000001,0,0,0,2.521015224714001,6,0,0,2574.28,2791.19998,216.91997999999967,0.0842643302204887,0.6236691317459105,0,"n/a",623,"","MARKET_ONLY","MARKET:24"
"INDEX_REBALANCE-023","INDEX_REBALANCE","natural/randomized","BILATERAL_ONLY",4,6,4475.723729000001,2574.28,0.5751650807488881,1901.4437289999996,0.09372799999994541,12,1901.350001,0,0,0,0.9507009475245841,5,0,0,2574.28,2791.19998,216.91997999999967,0.0842643302204887,0.6236691317459105,0.64,"n/a",623,265,"CROSSED_BILATERAL","MARKET:12"
"INDEX_REBALANCE-023","INDEX_REBALANCE","natural/randomized","VENUE0_CROSSING",4,6,4475.723729000001,2791.19998,0.6236309810444064,1684.523749,0.09483700000006579,13,1684.4289119999999,0,0,0,0.9227111674637618,5,0,0,2574.28,2791.19998,216.91997999999967,0.0842643302204887,0.6236691317459105,1,"EXACT_PASS",623,234,"PARTIAL_CROSS","MARKET:13"
"INDEX_REBALANCE-023","INDEX_REBALANCE","natural/randomized","VENUE0_FULL",4,6,4475.723729000001,2791.19998,0.6236309810444064,1684.523749,0.09483700000006579,13,1684.4289119999999,0,0,0,0.746086613950814,4,-0.22132659575785865,0,2574.28,2791.19998,216.91997999999967,0.0842643302204887,0.6236691317459105,1,"EXACT_PASS",623,234,"PARTIAL_CROSS","EXECUTE_NOW:11 LIMIT:2"
"INDEX_REBALANCE-024","INDEX_REBALANCE","natural/randomized","MARKET_ONLY",9,6,18749.044062000004,0,0,18749.044062000004,0,54,18749.044062000004,0,0,0,10.828212170161121,6,0,0,5656.320000000001,7631.259968000001,1974.9399680000006,0.34915633627517545,0.4411796102588944,0,"n/a",800,"","MARKET_ONLY","MARKET:54"
"INDEX_REBALANCE-024","INDEX_REBALANCE","natural/randomized","BILATERAL_ONLY",9,6,18749.044062000004,5656.320000000001,0.30168578095477727,13092.724062000001,0.08336900000000913,39,13092.640693,0,0,0,8.345681955518634,6,0,0,5656.320000000001,7631.259968000001,1974.9399680000006,0.34915633627517545,0.4411796102588944,1.2,"n/a",800,559,"CROSSED_BILATERAL","MARKET:39"
"INDEX_REBALANCE-024","INDEX_REBALANCE","natural/randomized","VENUE0_CROSSING",9,6,18749.044062000004,7631.259968000001,0.4070212829392624,11117.784094000004,0.11299800000002946,36,11117.671096000005,0,0,0,7.789344000317983,7,0,0,5656.320000000001,7631.259968000001,1974.9399680000006,0.34915633627517545,0.4411796102588944,1,"LP_PASS",800,474,"PARTIAL_CROSS","MARKET:36"
"INDEX_REBALANCE-024","INDEX_REBALANCE","natural/randomized","VENUE0_FULL",9,6,18749.044062000004,7631.259968000001,0.4070212829392624,11117.784094000004,0.11299800000002946,35,11115.030155000006,0,2.6409409999999998,0,6.663046662062226,6,2.439495457992975,0,5656.320000000001,7631.259968000001,1974.9399680000006,0.34915633627517545,0.4411796102588944,1,"LP_PASS",800,474,"PARTIAL_CROSS","EXECUTE_NOW:27 LIMIT:8 AGGREGATE:1"
"INDEX_REBALANCE-025","INDEX_REBALANCE","natural/randomized","MARKET_ONLY",4,6,7074.526029,0,0,7074.526029,0,24,7074.526029,0,0,0,4.52954695109206,6,0,0,1413.0800000000002,1539.199983,126.11998299999982,0.08925183499872605,0.3895539272458588,0,"n/a",1141,"","MARKET_ONLY","MARKET:24"
"INDEX_REBALANCE-025","INDEX_REBALANCE","natural/randomized","BILATERAL_ONLY",4,6,7074.526029,1413.0800000000002,0.19974200309780218,5661.446029,0.01629699999999623,18,5661.429732,0,0,0,3.981336624898626,7,0,0,1413.0800000000002,1539.199983,126.11998299999982,0.08925183499872605,0.3895539272458588,0.59,"n/a",1141,913,"CROSSED_BILATERAL","MARKET:18"
"INDEX_REBALANCE-025","INDEX_REBALANCE","natural/randomized","VENUE0_CROSSING",4,6,7074.526029,1539.199983,0.21756934340060227,5535.326046,0.024529000000000245,16,5535.301517,0,0,0,3.8799281143047706,7,0,0,1413.0800000000002,1539.199983,126.11998299999982,0.08925183499872605,0.3895539272458588,1,"EXACT_PASS",1141,892,"PARTIAL_CROSS","MARKET:16"
"INDEX_REBALANCE-025","INDEX_REBALANCE","natural/randomized","VENUE0_FULL",4,6,7074.526029,1539.199983,0.21756934340060227,5535.326046,0.024529000000000245,16,5535.301517,0,0,0,3.6859082526952394,7,-0.19101924673570908,0,1413.0800000000002,1539.199983,126.11998299999982,0.08925183499872605,0.3895539272458588,1,"EXACT_PASS",1141,892,"PARTIAL_CROSS","LIMIT:1 EXECUTE_NOW:15"
"INDEX_REBALANCE-026","INDEX_REBALANCE","natural/randomized","MARKET_ONLY",7,6,13559.898310999999,0,0,13559.898310999999,0,42,13559.898310999999,0,0,0,9.731650293873713,7,0,0,865.04,979.459983,114.419983,0.13227132040136874,0.18177404929360608,0,"n/a",767,"","MARKET_ONLY","MARKET:42"
"INDEX_REBALANCE-026","INDEX_REBALANCE","natural/randomized","BILATERAL_ONLY",7,6,13559.898310999999,865.04,0.06379398872764895,12694.858311,0.03271799999998315,36,12694.825593,0,0,0,9.041626240660362,7,0,0,865.04,979.459983,114.419983,0.13227132040136874,0.18177404929360608,0.74,"n/a",767,718,"CROSSED_BILATERAL","MARKET:36"
"INDEX_REBALANCE-026","INDEX_REBALANCE","natural/randomized","VENUE0_CROSSING",7,6,13559.898310999999,979.459983,0.07223210385032511,12580.438327999998,0.038458999999985366,36,12580.399868999999,0,0,0,8.953066180014627,7,0,0,865.04,979.459983,114.419983,0.13227132040136874,0.18177404929360608,1,"LP_PASS",767,712,"PARTIAL_CROSS","MARKET:36"
"INDEX_REBALANCE-026","INDEX_REBALANCE","natural/randomized","VENUE0_FULL",7,6,13559.898310999999,979.459983,0.07223210385032511,12580.438327999998,0.038458999999985366,34,12574.927330999999,0,5.472538,0,8.604497638925722,7,1.27051356744248,0,865.04,979.459983,114.419983,0.13227132040136874,0.18177404929360608,1,"LP_PASS",767,712,"PARTIAL_CROSS","EXECUTE_NOW:32 AGGREGATE:2 LIMIT:2"
"INDEX_REBALANCE-027","INDEX_REBALANCE","natural/randomized","MARKET_ONLY",7,6,7923.921689,0,0,7923.921689,0,42,7923.921689,0,0,0,7.078970436186018,9,0,0,1171.8000000000002,1400.5999689999999,228.7999689999997,0.19525513654207174,0.2420942007368695,0,"n/a",808,"","MARKET_ONLY","MARKET:42"
"INDEX_REBALANCE-027","INDEX_REBALANCE","natural/randomized","BILATERAL_ONLY",7,6,7923.921689,1171.8000000000002,0.14788132013302135,6752.121688999999,0.0979659999999909,27,6752.023723,0,0,0,6.303156914345938,9,0,0,1171.8000000000002,1400.5999689999999,228.7999689999997,0.19525513654207174,0.2420942007368695,0.86,"n/a",808,688,"CROSSED_BILATERAL","MARKET:27"
"INDEX_REBALANCE-027","INDEX_REBALANCE","natural/randomized","VENUE0_CROSSING",7,6,7923.921689,1400.5999689999999,0.17675590748761624,6523.32172,0.1370500000000084,21,6523.184670000001,0,0,0,6.124215184633189,9,0,0,1171.8000000000002,1400.5999689999999,228.7999689999997,0.19525513654207174,0.2420942007368695,1,"LP_PASS",808,665,"PARTIAL_CROSS","MARKET:21"
"INDEX_REBALANCE-027","INDEX_REBALANCE","natural/randomized","VENUE0_FULL",7,6,7923.921689,1400.5999689999999,0.17675590748761624,6523.32172,0.1370500000000084,21,6523.184670000001,0,0,0,5.413500863441894,8,0.5402500614559532,0,1171.8000000000002,1400.5999689999999,228.7999689999997,0.19525513654207174,0.2420942007368695,1,"LP_PASS",808,665,"PARTIAL_CROSS","EXECUTE_NOW:17 LIMIT:4"
"INDEX_REBALANCE-028","INDEX_REBALANCE","natural/randomized","MARKET_ONLY",11,6,18781.775773,0,0,18781.775773,0,66,18781.775773,0,0,0,8.851527154415908,5,0,0,8933.960000000001,9908.979950000003,975.0199500000017,0.10913636841893198,0.5399249605874846,0,"n/a",854,"","MARKET_ONLY","MARKET:66"
"INDEX_REBALANCE-028","INDEX_REBALANCE","natural/randomized","BILATERAL_ONLY",11,6,18781.775773,8933.960000000001,0.4756717420108453,9847.815772999998,0.19369199999998227,31,9847.622081,0,0,0,3.5794054126507384,4,0,0,8933.960000000001,9908.979950000003,975.0199500000017,0.10913636841893198,0.5399249605874846,2.15,"n/a",854,448,"CROSSED_BILATERAL","MARKET:31"
"INDEX_REBALANCE-028","INDEX_REBALANCE","natural/randomized","VENUE0_CROSSING",11,6,18781.775773,9908.979950000003,0.527584828493416,8872.795823,0.23819500000017946,28,8872.557628000002,0,0,0,3.2318701914331536,4,0,0,8933.960000000001,9908.979950000003,975.0199500000017,0.10913636841893198,0.5399249605874846,2,"LP_PASS",854,403,"PARTIAL_CROSS","MARKET:28"
"INDEX_REBALANCE-028","INDEX_REBALANCE","natural/randomized","VENUE0_FULL",11,6,18781.775773,9908.979950000003,0.527584828493416,8872.795823,0.23819500000017946,25,8868.552003,0,4.005625,0,1.6980365438251668,2,0.9258374806333449,0,8933.960000000001,9908.979950000003,975.0199500000017,0.10913636841893198,0.5399249605874846,2,"LP_PASS",854,403,"PARTIAL_CROSS","EXECUTE_NOW:20 LIMIT:5 AGGREGATE:3"
"INDEX_REBALANCE-029","INDEX_REBALANCE","natural/randomized","MARKET_ONLY",7,6,15685.231731000002,0,0,15685.231731000002,0,42,15685.231731000002,0,0,0,13.415258649701226,9,0,0,4907.039999999998,5207.599973,300.5599730000022,0.06125076889530191,0.3320150773231825,0,"n/a",645,"","MARKET_ONLY","MARKET:42"
"INDEX_REBALANCE-029","INDEX_REBALANCE","natural/randomized","BILATERAL_ONLY",7,6,15685.231731000002,4907.039999999998,0.3128445970168114,10778.191731,0.06110600000006183,28,10778.130625000002,0,0,0,11.213849616879308,10,0,0,4907.039999999998,5207.599973,300.5599730000022,0.06125076889530191,0.3320150773231825,0.83,"n/a",645,443,"CROSSED_BILATERAL","MARKET:28"
"INDEX_REBALANCE-029","INDEX_REBALANCE","natural/randomized","VENUE0_CROSSING",7,6,15685.231731000002,5207.599973,0.3320065691288319,10477.631758000001,0.06750099999998405,27,10477.564257,0,0,0,11.107748375603716,11,0,0,4907.039999999998,5207.599973,300.5599730000022,0.06125076889530191,0.3320150773231825,1,"LP_PASS",645,431,"PARTIAL_CROSS","MARKET:27"
"INDEX_REBALANCE-029","INDEX_REBALANCE","natural/randomized","VENUE0_FULL",7,6,15685.231731000002,5207.599973,0.3320065691288319,10477.631758000001,0.06750099999998405,24,10473.634243,0,3.9300139999999995,0,8.033274928158896,8,4.279732758371702,0,4907.039999999998,5207.599973,300.5599730000022,0.06125076889530191,0.3320150773231825,1,"LP_PASS",645,431,"PARTIAL_CROSS","EXECUTE_NOW:20 LIMIT:4 AGGREGATE:3"
"INDEX_REBALANCE-030","INDEX_REBALANCE","natural/randomized","MARKET_ONLY",8,6,29060.760611,0,0,29060.760611,0,48,29060.760611,0,0,0,13.597741455916799,5,0,0,21372.879999999997,22333.839964,960.9599640000015,0.04496165065260281,0.7685290876229227,0,"n/a",884,"","MARKET_ONLY","MARKET:48"
"INDEX_REBALANCE-030","INDEX_REBALANCE","natural/randomized","BILATERAL_ONLY",8,6,29060.760611,21372.879999999997,0.7354549416683193,7687.880611,0.12220199999994108,25,7687.758409,0,0,0,1.8300087846612643,2,0,0,21372.879999999997,22333.839964,960.9599640000015,0.04496165065260281,0.7685290876229227,1.13,"n/a",884,234,"CROSSED_BILATERAL","MARKET:25"
"INDEX_REBALANCE-030","INDEX_REBALANCE","natural/randomized","VENUE0_CROSSING",8,6,29060.760611,22333.839964,0.7685222098263407,6726.920646999998,0.12744700000008002,24,6726.793199999998,0,0,0,1.5013460864452677,2,0,0,21372.879999999997,22333.839964,960.9599640000015,0.04496165065260281,0.7685290876229227,1,"LP_PASS",884,204,"PARTIAL_CROSS","MARKET:24"
"INDEX_REBALANCE-030","INDEX_REBALANCE","natural/randomized","VENUE0_FULL",8,6,29060.760611,22333.839964,0.7685222098263407,6726.920646999998,0.12744700000008002,23,6724.588727999998,0,2.2044720000000098,0,1.4770231252813173,2,0,0,21372.879999999997,22333.839964,960.9599640000015,0.04496165065260281,0.7685290876229227,1,"LP_PASS",884,204,"PARTIAL_CROSS","EXECUTE_NOW:23 AGGREGATE:1"
"INDEX_REBALANCE-031","INDEX_REBALANCE","natural/randomized","MARKET_ONLY",5,6,2486.0594529999994,0,0,2486.0594529999994,0,30,2486.0594529999994,0,0,0,1.7586808788326396,7,0,0,1551.9599999999998,1588.4199720000001,36.459972000000334,0.02349285548596635,0.6419593176157242,0,"n/a",435,"","MARKET_ONLY","MARKET:30"
"INDEX_REBALANCE-031","INDEX_REBALANCE","natural/randomized","BILATERAL_ONLY",5,6,2486.0594529999994,1551.9599999999998,0.6242650384435517,934.0994530000002,0.14381100000001723,12,933.9556420000001,0,0,0,0.6650778552773816,7,0,0,1551.9599999999998,1588.4199720000001,36.459972000000334,0.02349285548596635,0.6419593176157242,0.79,"n/a",435,163,"CROSSED_BILATERAL","MARKET:12"
"INDEX_REBALANCE-031","INDEX_REBALANCE","natural/randomized","VENUE0_CROSSING",5,6,2486.0594529999994,1588.4199720000001,0.6389308067766474,897.6394810000002,0.14681199999998995,11,897.4926690000001,0,0,0,0.6373009205057736,7,0,0,1551.9599999999998,1588.4199720000001,36.459972000000334,0.02349285548596635,0.6419593176157242,1,"EXACT_PASS",435,157,"PARTIAL_CROSS","MARKET:11"
"INDEX_REBALANCE-031","INDEX_REBALANCE","natural/randomized","VENUE0_FULL",5,6,2486.0594529999994,1588.4199720000001,0.6389308067766474,897.6394810000002,0.14681199999998995,11,897.4926690000001,0,0,0,0.6373009205057736,7,0,0,1551.9599999999998,1588.4199720000001,36.459972000000334,0.02349285548596635,0.6419593176157242,1,"EXACT_PASS",435,157,"PARTIAL_CROSS","EXECUTE_NOW:11"
"INDEX_REBALANCE-032","INDEX_REBALANCE","natural/randomized","MARKET_ONLY",10,6,14321.319353000003,0,0,14321.319353000003,0,60,14321.319353000003,0,0,0,7.559462322417288,5,0,0,5796.040000000001,6681.139954000002,885.0999540000012,0.15270770284539117,0.5385203626776494,0,"n/a",584,"","MARKET_ONLY","MARKET:60"
"INDEX_REBALANCE-032","INDEX_REBALANCE","natural/randomized","BILATERAL_ONLY",10,6,14321.319353000003,5796.040000000001,0.4047141088845182,8525.279353000005,0.14775100000005947,32,8525.131602000003,0,0,0,4.2080747332080914,5,0,0,5796.040000000001,6681.139954000002,885.0999540000012,0.15270770284539117,0.5385203626776494,1.61,"n/a",584,347,"CROSSED_BILATERAL","MARKET:32"
"INDEX_REBALANCE-032","INDEX_REBALANCE","natural/randomized","VENUE0_CROSSING",10,6,14321.319353000003,6681.139954000002,0.4665170707613925,7640.179398999999,0.2035920000000131,27,7639.975806999999,0,0,0,3.1060337161439033,4,0,0,5796.040000000001,6681.139954000002,885.0999540000012,0.15270770284539117,0.5385203626776494,2,"LP_PASS",584,311,"PARTIAL_CROSS","MARKET:27"
"INDEX_REBALANCE-032","INDEX_REBALANCE","natural/randomized","VENUE0_FULL",10,6,14321.319353000003,6681.139954000002,0.4665170707613925,7640.179398999999,0.2035920000000131,26,7634.592998,0,5.382809000000009,0,2.683856416077171,4,-0.4286397658808673,0,5796.040000000001,6681.139954000002,885.0999540000012,0.15270770284539117,0.5385203626776494,2,"LP_PASS",584,311,"PARTIAL_CROSS","EXECUTE_NOW:23 LIMIT:3 AGGREGATE:1"
"INDEX_REBALANCE-033","INDEX_REBALANCE","natural/randomized","MARKET_ONLY",11,6,23538.052092999995,0,0,23538.052092999995,0,66,23538.052092999995,0,0,0,18.477952530654303,8,0,0,11097.6,11724.979950999998,627.3799509999972,0.05653293964460759,0.5306853598864623,0,"n/a",607,"","MARKET_ONLY","MARKET:66"
"INDEX_REBALANCE-033","INDEX_REBALANCE","natural/randomized","BILATERAL_ONLY",11,6,23538.052092999995,11097.6,0.4714748678502724,12440.452092999996,0.1579899999999803,31,12440.294102999998,0,0,0,12.454243684249905,10,0,0,11097.6,11724.979950999998,627.3799509999972,0.05653293964460759,0.5306853598864623,2.15,"n/a",607,321,"CROSSED_BILATERAL","MARKET:31"
"INDEX_REBALANCE-033","INDEX_REBALANCE","natural/randomized","VENUE0_CROSSING",11,6,23538.052092999995,11724.979950999998,0.4981287280984012,11813.072141999994,0.1489030000001179,32,11812.923239,0,0,0,12.090916223849902,10,0,0,11097.6,11724.979950999998,627.3799509999972,0.05653293964460759,0.5306853598864623,2,"LP_PASS",607,305,"PARTIAL_CROSS","MARKET:32"
"INDEX_REBALANCE-033","INDEX_REBALANCE","natural/randomized","VENUE0_FULL",11,6,23538.052092999995,11724.979950999998,0.4981287280984012,11813.072141999994,0.1489030000001179,32,11812.923239,0,0,0,10.748721983244268,9,2.6755926996714594,0,11097.6,11724.979950999998,627.3799509999972,0.05653293964460759,0.5306853598864623,2,"LP_PASS",607,305,"PARTIAL_CROSS","EXECUTE_NOW:29 LIMIT:3"
"INDEX_REBALANCE-034","INDEX_REBALANCE","natural/randomized","MARKET_ONLY",12,6,18266.575725,0,0,18266.575725,0,72,18266.575725,0,0,0,11.43554152293225,6,0,0,14331.38,14335.479934000003,4.099934000003486,0.00028608089381507477,0.7938084671312965,0,"n/a",691,"","MARKET_ONLY","MARKET:72"
"INDEX_REBALANCE-034","INDEX_REBALANCE","natural/randomized","BILATERAL_ONLY",12,6,18266.575725,14331.38,0.7845685045602602,3935.1957249999996,0.2919069999997429,18,3934.903818,0,0,0,3.3537994248270975,9,0,0,14331.38,14335.479934000003,4.099934000003486,0.00028608089381507477,0.7938084671312965,2.76,"n/a",691,149,"CROSSED_BILATERAL","MARKET:18"
"INDEX_REBALANCE-034","INDEX_REBALANCE","natural/randomized","VENUE0_CROSSING",12,6,18266.575725,14335.479934000003,0.7847929546193039,3931.095791,0.2910410000000168,17,3930.8047500000002,0,0,0,3.3263396690289992,8,0,0,14331.38,14335.479934000003,4.099934000003486,0.00028608089381507477,0.7938084671312965,3,"LP_PASS",691,149,"PARTIAL_CROSS","MARKET:17"
"INDEX_REBALANCE-034","INDEX_REBALANCE","natural/randomized","VENUE0_FULL",12,6,18266.575725,14335.479934000003,0.7847929546193039,3931.095791,0.2910410000000168,16,3927.0850800000007,0,3.71967,0,3.181325982275143,8,-0.13042386146112014,0,14331.38,14335.479934000003,4.099934000003486,0.00028608089381507477,0.7938084671312965,3,"LP_PASS",691,149,"PARTIAL_CROSS","EXECUTE_NOW:15 AGGREGATE:1 LIMIT:1"
"INDEX_REBALANCE-035","INDEX_REBALANCE","natural/randomized","MARKET_ONLY",11,6,8019.785126999999,0,0,8019.785126999999,0,66,8019.785126999999,0,0,0,4.8270332686143105,6,0,0,5776.5199999999995,6139.599939,363.0799390000002,0.0628544416015179,0.7656074057805615,0,"n/a",760,"","MARKET_ONLY","MARKET:66"
"INDEX_REBALANCE-035","INDEX_REBALANCE","natural/randomized","BILATERAL_ONLY",11,6,8019.785126999999,5776.5199999999995,0.7202836370955055,2243.2651269999997,0.21701899999983532,29,2243.048108,0,0,0,1.2386138916694387,6,0,0,5776.5199999999995,6139.599939,363.0799390000002,0.0628544416015179,0.7656074057805615,2.42,"n/a",760,212,"CROSSED_BILATERAL","MARKET:29"
"INDEX_REBALANCE-035","INDEX_REBALANCE","natural/randomized","VENUE0_CROSSING",11,6,8019.785126999999,6139.599939,0.7655566628998538,1880.185188,0.30527899999989627,18,1879.879909,0,0,0,0.7278695243893096,4,0,0,5776.5199999999995,6139.599939,363.0799390000002,0.0628544416015179,0.7656074057805615,2,"LP_PASS",760,178,"PARTIAL_CROSS","MARKET:18"
"INDEX_REBALANCE-035","INDEX_REBALANCE","natural/randomized","VENUE0_FULL",11,6,8019.785126999999,6139.599939,0.7655566628998538,1880.185188,0.30527899999989627,18,1879.879909,0,0,0,0.4863759819014241,3,-0.22972841858451254,0,5776.5199999999995,6139.599939,363.0799390000002,0.0628544416015179,0.7656074057805615,2,"LP_PASS",760,178,"PARTIAL_CROSS","EXECUTE_NOW:17 LIMIT:1"
"INDEX_REBALANCE-036","INDEX_REBALANCE","natural/randomized","MARKET_ONLY",11,6,21822.357720000004,0,0,21822.357720000004,0,66,21822.357720000004,0,0,0,11.902127163979737,5,0,0,13188.400000000001,14747.579948999999,1559.1799489999976,0.11822358656091697,0.6831353032187394,0,"n/a",666,"","MARKET_ONLY","MARKET:66"
"INDEX_REBALANCE-036","INDEX_REBALANCE","natural/randomized","BILATERAL_ONLY",11,6,21822.357720000004,13188.400000000001,0.6043526629532311,8633.957719999999,0.1903680000000203,33,8633.767351999999,0,0,0,3.2902453662103337,4,0,0,13188.400000000001,14747.579948999999,1559.1799489999976,0.11822358656091697,0.6831353032187394,2.2,"n/a",666,263,"CROSSED_BILATERAL","MARKET:33"
"INDEX_REBALANCE-036","INDEX_REBALANCE","natural/randomized","VENUE0_CROSSING",11,6,21822.357720000004,14747.579948999999,0.675801402315203,7074.777771000001,0.20308799999999438,31,7074.574683000001,0,0,0,2.1540612651247355,3,0,0,13188.400000000001,14747.579948999999,1559.1799489999976,0.11822358656091697,0.6831353032187394,2,"LP_PASS",666,215,"PARTIAL_CROSS","MARKET:31"
"INDEX_REBALANCE-036","INDEX_REBALANCE","natural/randomized","VENUE0_FULL",11,6,21822.357720000004,14747.579948999999,0.675801402315203,7074.777771000001,0.20308799999999438,28,7066.336439000001,0,8.238244,0,1.8974736147241353,3,-0.19233217724923712,0,13188.400000000001,14747.579948999999,1559.1799489999976,0.11822358656091697,0.6831353032187394,2,"LP_PASS",666,215,"PARTIAL_CROSS","EXECUTE_NOW:27 AGGREGATE:3 LIMIT:1"
"INDEX_REBALANCE-037","INDEX_REBALANCE","natural/randomized","MARKET_ONLY",6,6,10417.944558000001,0,0,10417.944558000001,0,36,10417.944558000001,0,0,0,4.779533881151895,5,0,0,6245.139999999999,6354.459970000001,109.31997000000138,0.017504806937875112,0.6980143153493638,0,"n/a",972,"","MARKET_ONLY","MARKET:36"
"INDEX_REBALANCE-037","INDEX_REBALANCE","natural/randomized","BILATERAL_ONLY",6,6,10417.944558000001,6245.139999999999,0.599459899717389,4172.804558000001,0.10738299999997736,15,4172.697175,0,0,0,1.63993924667538,4,0,0,6245.139999999999,6354.459970000001,109.31997000000138,0.017504806937875112,0.6980143153493638,1.01,"n/a",972,389,"CROSSED_BILATERAL","MARKET:15"
"INDEX_REBALANCE-037","INDEX_REBALANCE","natural/randomized","VENUE0_CROSSING",6,6,10417.944558000001,6354.459970000001,0.6099533295289399,4063.484588000001,0.07561900000004229,18,4063.4089690000005,0,0,0,1.6501710065088664,4,0,0,6245.139999999999,6354.459970000001,109.31997000000138,0.017504806937875112,0.6980143153493638,1,"EXACT_PASS",972,379,"PARTIAL_CROSS","MARKET:18"
"INDEX_REBALANCE-037","INDEX_REBALANCE","natural/randomized","VENUE0_FULL",6,6,10417.944558000001,6354.459970000001,0.6099533295289399,4063.484588000001,0.07561900000004229,18,4063.4089690000005,0,0,0,1.3205280561650723,3,0.354618098331669,0,6245.139999999999,6354.459970000001,109.31997000000138,0.017504806937875112,0.6980143153493638,1,"EXACT_PASS",972,379,"PARTIAL_CROSS","EXECUTE_NOW:15 LIMIT:3"
"INDEX_REBALANCE-038","INDEX_REBALANCE","natural/randomized","MARKET_ONLY",11,6,19685.947081999995,0,0,19685.947081999995,0,66,19685.947081999995,0,0,0,6.122182417550536,3,0,1,4295.76,4929.859954,634.0999539999993,0.14761065655436972,0.28362866021850264,0,"n/a",680,"","MARKET_ONLY","MARKET:66"
"INDEX_REBALANCE-038","INDEX_REBALANCE","natural/randomized","BILATERAL_ONLY",11,6,19685.947081999995,4295.76,0.2182145457420163,15390.187081999997,0.202668999999993,30,15389.984412999996,0,0,0,2.623663985042354,2,0,1,4295.76,4929.859954,634.0999539999993,0.14761065655436972,0.28362866021850264,2.14,"n/a",680,531,"CROSSED_BILATERAL","MARKET:30"
"INDEX_REBALANCE-038","INDEX_REBALANCE","natural/randomized","VENUE0_CROSSING",11,6,19685.947081999995,4929.859954,0.2504253381087089,14756.087127999994,0.18164299999997513,34,14755.905484999997,0,0,0,2.121726647376286,1,0,1,4295.76,4929.859954,634.0999539999993,0.14761065655436972,0.28362866021850264,2,"LP_PASS",680,510,"PARTIAL_CROSS","MARKET:34"
"INDEX_REBALANCE-038","INDEX_REBALANCE","natural/randomized","VENUE0_FULL",11,6,19685.947081999995,4929.859954,0.2504253381087089,14756.087127999994,0.18164299999997513,34,14755.905484999997,0,0,0,1.5860802232750189,1,0.48074111749378773,1,4295.76,4929.859954,634.0999539999993,0.14761065655436972,0.28362866021850264,2,"LP_PASS",680,510,"PARTIAL_CROSS","EXECUTE_NOW:29 LIMIT:5"
"INDEX_REBALANCE-039","INDEX_REBALANCE","natural/randomized","MARKET_ONLY",10,6,14938.777568000003,0,0,14938.777568000003,0,60,14938.777568000003,0,0,0,8.232763095332187,6,0,0,7021.479999999999,7749.459949,727.9799490000014,0.10367898918746497,0.5187637916639471,0,"n/a",700,"","MARKET_ONLY","MARKET:60"
"INDEX_REBALANCE-039","INDEX_REBALANCE","natural/randomized","BILATERAL_ONLY",10,6,14938.777568000003,7021.479999999999,0.4700170390809314,7917.297568000002,0.1981689999998546,22,7917.099399000001,0,0,0,3.8722089723842217,5,0,0,7021.479999999999,7749.459949,727.9799490000014,0.10367898918746497,0.5187637916639471,1.82,"n/a",700,371,"CROSSED_BILATERAL","MARKET:22"
"INDEX_REBALANCE-039","INDEX_REBALANCE","natural/randomized","VENUE0_CROSSING",10,6,14938.777568000003,7749.459949,0.5187479305937276,7189.317618999999,0.1766610000000135,26,7189.140958000002,0,0,0,3.0688346773121964,4,0,0,7021.479999999999,7749.459949,727.9799490000014,0.10367898918746497,0.5187637916639471,2,"LP_PASS",700,337,"PARTIAL_CROSS","MARKET:26"
"INDEX_REBALANCE-039","INDEX_REBALANCE","natural/randomized","VENUE0_FULL",10,6,14938.777568000003,7749.459949,0.5187479305937276,7189.317618999999,0.1766610000000135,25,7185.512585000002,0,3.628373,0,3.0459325687078884,4,0,0,7021.479999999999,7749.459949,727.9799490000014,0.10367898918746497,0.5187637916639471,2,"LP_PASS",700,337,"PARTIAL_CROSS","EXECUTE_NOW:25 AGGREGATE:1"
"CONCENTRATED_TECH-000","CONCENTRATED_TECH","natural/randomized","MARKET_ONLY",4,7,18912.774926000002,0,0,18912.774926000002,0,19,18912.774926000002,0,0,0,27.258563538825992,14,0,0,0,0,0,"",0,0,"n/a",7869,"","MARKET_ONLY","MARKET:19"
"CONCENTRATED_TECH-000","CONCENTRATED_TECH","natural/randomized","BILATERAL_ONLY",4,7,18912.774926000002,0,0,18912.774926000002,0,19,18912.774926000002,0,0,0,27.258563538825992,14,0,0,0,0,0,"",0,0,"n/a",7869,7869,"NO_CROSS","MARKET:19"
"CONCENTRATED_TECH-000","CONCENTRATED_TECH","natural/randomized","VENUE0_CROSSING",4,7,18912.774926000002,0,0,18912.774926000002,0,19,18912.774926000002,0,0,0,27.258563538825992,14,0,0,0,0,0,"",0,1,"EXACT_PASS",7869,7869,"NO_CROSS","MARKET:19"
"CONCENTRATED_TECH-000","CONCENTRATED_TECH","natural/randomized","VENUE0_FULL",4,7,18912.774926000002,0,0,18912.774926000002,0,19,18912.774926000002,0,0,0,11.572468446155415,6,10.330925423874016,0,0,0,0,"",0,1,"EXACT_PASS",7869,7869,"NO_CROSS","EXECUTE_NOW:11 LIMIT:8"
"CONCENTRATED_TECH-001","CONCENTRATED_TECH","natural/randomized","MARKET_ONLY",6,7,72594.84727299999,0,0,72594.84727299999,0,27,72594.84727299999,0,0,0,119.32624224968241,16,0,1,4974.000000000001,5079.419988000001,105.41998799999965,0.021194207478890156,0.159549142550615,0,"n/a",8284,"","MARKET_ONLY","MARKET:27"
"CONCENTRATED_TECH-001","CONCENTRATED_TECH","natural/randomized","BILATERAL_ONLY",6,7,72594.84727299999,4974.000000000001,0.06851725965198038,67620.847273,0.008993999999916014,25,67620.838279,0,0,0,115.73444824277136,17,0,1,4974.000000000001,5079.419988000001,105.41998799999965,0.021194207478890156,0.159549142550615,0.49,"n/a",8284,7717,"CROSSED_BILATERAL","MARKET:25"
"CONCENTRATED_TECH-001","CONCENTRATED_TECH","natural/randomized","VENUE0_CROSSING",6,7,72594.84727299999,5079.419988000001,0.06996942866892945,67515.427285,0.014226000000022054,24,67515.413059,0,0,0,115.41243893000984,17,0,1,4974.000000000001,5079.419988000001,105.41998799999965,0.021194207478890156,0.159549142550615,1,"EXACT_PASS",8284,7705,"PARTIAL_CROSS","MARKET:24"
"CONCENTRATED_TECH-001","CONCENTRATED_TECH","natural/randomized","VENUE0_FULL",6,7,72594.84727299999,5079.419988000001,0.06996942866892945,67515.427285,0.014226000000022054,23,67511.53576299999,0,3.877296,0,60.61530142138153,9,48.23929874654502,1,4974.000000000001,5079.419988000001,105.41998799999965,0.021194207478890156,0.159549142550615,1,"EXACT_PASS",8284,7705,"PARTIAL_CROSS","LIMIT:13 AGGREGATE:1 EXECUTE_NOW:10"
"CONCENTRATED_TECH-002","CONCENTRATED_TECH","natural/randomized","MARKET_ONLY",3,7,32065.059143999995,0,0,32065.059143999995,0,16,32065.059143999995,0,0,0,31.416495184037256,10,0,0,3353.56,3353.55999,-0.000009999999747378752,-2.981905720302828e-9,0.11602383239939051,0,"n/a",6709,"","MARKET_ONLY","MARKET:16"
"CONCENTRATED_TECH-002","CONCENTRATED_TECH","natural/randomized","BILATERAL_ONLY",3,7,32065.059143999995,3353.56,0.10458611615028059,28711.499143999994,0.019854999999922462,13,28711.479288999995,0,0,0,28.4041724185118,10,0,0,3353.56,3353.55999,-0.000009999999747378752,-2.981905720302828e-9,0.11602383239939051,0.4,"n/a",6709,6007,"CROSSED_BILATERAL","MARKET:13"
"CONCENTRATED_TECH-002","CONCENTRATED_TECH","natural/randomized","VENUE0_CROSSING",3,7,32065.059143999995,3353.55999,0.10458611583841464,28711.499153999997,0.025849000000025768,12,28711.473304999996,0,0,0,28.584196520219063,10,0,0,3353.56,3353.55999,-0.000009999999747378752,-2.981905720302828e-9,0.11602383239939051,1,"EXACT_PASS",6709,6007,"PARTIAL_CROSS","MARKET:12"
"CONCENTRATED_TECH-002","CONCENTRATED_TECH","natural/randomized","VENUE0_FULL",3,7,32065.059143999995,3353.55999,0.10458611583841464,28711.499153999997,0.025849000000025768,12,28711.473304999996,0,0,0,18.180942660702176,6,5.964680295155233,0,3353.56,3353.55999,-0.000009999999747378752,-2.981905720302828e-9,0.11602383239939051,1,"EXACT_PASS",6709,6007,"PARTIAL_CROSS","EXECUTE_NOW:8 LIMIT:4"
"CONCENTRATED_TECH-003","CONCENTRATED_TECH","natural/randomized","MARKET_ONLY",10,7,192324.048149,0,0,192324.048149,0,54,192324.048149,0,0,0,269.1093911712476,14,0,8,31260.56,40571.719962999996,9311.159962999995,0.2978564671586176,0.3756543077859277,0,"n/a",8311,"","MARKET_ONLY","MARKET:54"
"CONCENTRATED_TECH-003","CONCENTRATED_TECH","natural/randomized","BILATERAL_ONLY",10,7,192324.048149,31260.56,0.16254108781956056,161063.48814899998,0.06910599999983447,40,161063.41904299997,0,0,0,225.96560837301118,14,0,7,31260.56,40571.719962999996,9311.159962999995,0.2978564671586176,0.3756543077859277,1.18,"n/a",8311,6960,"CROSSED_BILATERAL","MARKET:40"
"CONCENTRATED_TECH-003","CONCENTRATED_TECH","natural/randomized","VENUE0_CROSSING",10,7,192324.048149,40571.719962999996,0.21095500200561346,151752.328186,0.12367399999985551,33,151752.20451200003,0,0,0,207.0516046730837,14,0,7,31260.56,40571.719962999996,9311.159962999995,0.2978564671586176,0.3756543077859277,2,"LP_PASS",8311,6558,"PARTIAL_CROSS","MARKET:33"
"CONCENTRATED_TECH-003","CONCENTRATED_TECH","natural/randomized","VENUE0_FULL",10,7,192324.048149,40571.719962999996,0.21095500200561346,151752.328186,0.12367399999985551,33,151752.20451200003,0,0,0,124.75610551018856,8,75.50693779855526,7,31260.56,40571.719962999996,9311.159962999995,0.2978564671586176,0.3756543077859277,2,"LP_PASS",8311,6558,"PARTIAL_CROSS","LIMIT:17 EXECUTE_NOW:16"
"CONCENTRATED_TECH-004","CONCENTRATED_TECH","natural/randomized","MARKET_ONLY",10,7,128968.20464100005,0,0,128968.20464100005,0,50,128968.20464100005,0,0,0,222.20341010525308,17,0,5,21920.56,26197.099976,4276.539976,0.19509264252373112,0.3775978824203812,0,"n/a",6952,"","MARKET_ONLY","MARKET:50"
"CONCENTRATED_TECH-004","CONCENTRATED_TECH","natural/randomized","BILATERAL_ONLY",10,7,128968.20464100005,21920.56,0.1699687148550975,107047.64464100004,0.023025999999617852,44,107047.62161500003,0,0,0,196.00447487883417,18,0,3,21920.56,26197.099976,4276.539976,0.19509264252373112,0.3775978824203812,0.73,"n/a",6952,5770,"CROSSED_BILATERAL","MARKET:44"
"CONCENTRATED_TECH-004","CONCENTRATED_TECH","natural/randomized","VENUE0_CROSSING",10,7,128968.20464100005,26197.099976,0.20312836058254105,102771.10466500002,0.038546999999617526,41,102771.06611800002,0,0,0,189.48308035944615,18,0,3,21920.56,26197.099976,4276.539976,0.19509264252373112,0.3775978824203812,1,"LP_PASS",6952,5540,"PARTIAL_CROSS","MARKET:41"
"CONCENTRATED_TECH-004","CONCENTRATED_TECH","natural/randomized","VENUE0_FULL",10,7,128968.20464100005,26197.099976,0.20312836058254105,102771.10466500002,0.038546999999617526,41,102771.06611800002,0,0,0,85.26687246806807,8,70.08042672523625,3,21920.56,26197.099976,4276.539976,0.19509264252373112,0.3775978824203812,1,"LP_PASS",6952,5540,"PARTIAL_CROSS","LIMIT:23 EXECUTE_NOW:18"
"CONCENTRATED_TECH-005","CONCENTRATED_TECH","natural/randomized","MARKET_ONLY",8,7,145288.150334,0,0,145288.150334,0,44,145288.150334,0,0,0,143.70101081419782,10,0,3,55968.299999999996,55968.29996800001,-0.000031999989005271345,-5.717520275811727e-10,0.39144406316177666,0,"n/a",7430,"","MARKET_ONLY","MARKET:44"
"CONCENTRATED_TECH-005","CONCENTRATED_TECH","natural/randomized","BILATERAL_ONLY",8,7,145288.150334,55968.299999999996,0.3852227443968114,89319.850334,0.08101200000061226,28,89319.76932200001,0,0,0,47.65744441403552,5,0,2,55968.299999999996,55968.29996800001,-0.000031999989005271345,-5.717520275811727e-10,0.39144406316177666,0.78,"n/a",7430,4568,"CROSSED_BILATERAL","MARKET:28"
"CONCENTRATED_TECH-005","CONCENTRATED_TECH","natural/randomized","VENUE0_CROSSING",8,7,145288.150334,55968.29996800001,0.38522274417655955,89319.85036600001,0.08440400000034742,27,89319.765962,0,0,0,48.59532182900082,5,0,2,55968.299999999996,55968.29996800001,-0.000031999989005271345,-5.717520275811727e-10,0.39144406316177666,1,"LP_PASS",7430,4568,"PARTIAL_CROSS","MARKET:27"
"CONCENTRATED_TECH-005","CONCENTRATED_TECH","natural/randomized","VENUE0_FULL",8,7,145288.150334,55968.29996800001,0.38522274417655955,89319.85036600001,0.08440400000034742,27,89319.765962,0,0,0,31.831427367592365,4,-0.0798613506485708,2,55968.299999999996,55968.29996800001,-0.000031999989005271345,-5.717520275811727e-10,0.39144406316177666,1,"LP_PASS",7430,4568,"PARTIAL_CROSS","LIMIT:12 EXECUTE_NOW:15"
"CONCENTRATED_TECH-006","CONCENTRATED_TECH","natural/randomized","MARKET_ONLY",8,7,269342.721759,0,0,269342.721759,0,39,269342.721759,0,0,0,370.02662174789594,14,0,12,48758.24,51450.479974999995,2692.239974999997,0.055216102447504196,0.32438033520050213,0,"n/a",8806,"","MARKET_ONLY","MARKET:39"
"CONCENTRATED_TECH-006","CONCENTRATED_TECH","natural/randomized","BILATERAL_ONLY",8,7,269342.721759,48758.24,0.18102675907325036,220584.481759,0.040795000000088066,31,220584.440964,0,0,0,320.36662762116754,15,0,11,48758.24,51450.479974999995,2692.239974999997,0.055216102447504196,0.32438033520050213,0.66,"n/a",8806,7212,"CROSSED_BILATERAL","MARKET:31"
"CONCENTRATED_TECH-006","CONCENTRATED_TECH","natural/randomized","VENUE0_CROSSING",8,7,269342.721759,51450.479974999995,0.1910223511479786,217892.241784,0.06923900000089134,26,217892.17254500004,0,0,0,313.2128735565228,14,0,10,48758.24,51450.479974999995,2692.239974999997,0.055216102447504196,0.32438033520050213,1,"LP_PASS",8806,7124,"PARTIAL_CROSS","MARKET:26"
"CONCENTRATED_TECH-006","CONCENTRATED_TECH","natural/randomized","VENUE0_FULL",8,7,269342.721759,51450.479974999995,0.1910223511479786,217892.241784,0.06923900000089134,26,217892.17254500004,0,0,0,190.0809701542959,9,142.30007469238112,10,48758.24,51450.479974999995,2692.239974999997,0.055216102447504196,0.32438033520050213,1,"LP_PASS",8806,7124,"PARTIAL_CROSS","EXECUTE_NOW:14 LIMIT:12"
"CONCENTRATED_TECH-007","CONCENTRATED_TECH","natural/randomized","MARKET_ONLY",5,7,145581.735778,0,0,145581.735778,0,25,145581.735778,0,0,0,223.20272204777632,15,0,6,1423.92,2861.0599880000004,1437.1399880000004,1.0092842210236532,0.10592269902259471,0,"n/a",8373,"","MARKET_ONLY","MARKET:25"
"CONCENTRATED_TECH-007","CONCENTRATED_TECH","natural/randomized","BILATERAL_ONLY",5,7,145581.735778,1423.92,0.009780897256036014,144157.815778,0.002588999999957764,23,144157.81318899998,0,0,0,222.12057696220117,15,0,6,1423.92,2861.0599880000004,1437.1399880000004,1.0092842210236532,0.10592269902259471,0.38,"n/a",8373,8292,"CROSSED_BILATERAL","MARKET:23"
"CONCENTRATED_TECH-007","CONCENTRATED_TECH","natural/randomized","VENUE0_CROSSING",5,7,145581.735778,2861.0599880000004,0.019652602524006708,142720.67579,0.007836999999952354,22,142720.667953,0,0,0,221.271363027127,16,0,6,1423.92,2861.0599880000004,1437.1399880000004,1.0092842210236532,0.10592269902259471,1,"EXACT_PASS",8373,8209,"PARTIAL_CROSS","MARKET:22"
"CONCENTRATED_TECH-007","CONCENTRATED_TECH","natural/randomized","VENUE0_FULL",5,7,145581.735778,2861.0599880000004,0.019652602524006708,142720.67579,0.007836999999952354,22,142720.667953,0,0,0,122.3041761834046,9,92.40264771552367,6,1423.92,2861.0599880000004,1437.1399880000004,1.0092842210236532,0.10592269902259471,1,"EXACT_PASS",8373,8209,"PARTIAL_CROSS","LIMIT:13 EXECUTE_NOW:9"
"CONCENTRATED_TECH-008","CONCENTRATED_TECH","natural/randomized","MARKET_ONLY",3,7,98505.428513,0,0,98505.428513,0,16,98505.428513,0,0,0,160.22301215691445,16,0,2,8055.160000000001,8055.159993,-0.0000070000005507608876,-8.69008256913691e-10,0.10923073985288027,0,"n/a",9813,"","MARKET_ONLY","MARKET:16"
"CONCENTRATED_TECH-008","CONCENTRATED_TECH","natural/randomized","BILATERAL_ONLY",3,7,98505.428513,8055.160000000001,0.08177376741157916,90450.26851299999,0.007006999999987329,14,90450.261506,0,0,0,149.91779791163052,17,0,2,8055.160000000001,8055.159993,-0.0000070000005507608876,-8.69008256913691e-10,0.10923073985288027,0.3,"n/a",9813,9010,"CROSSED_BILATERAL","MARKET:14"
"CONCENTRATED_TECH-008","CONCENTRATED_TECH","natural/randomized","VENUE0_CROSSING",3,7,98505.428513,8055.159993,0.08177376734051708,90450.26852,0.007009000000095966,14,90450.261511,0,0,0,149.91779792476865,17,0,2,8055.160000000001,8055.159993,-0.0000070000005507608876,-8.69008256913691e-10,0.10923073985288027,1,"EXACT_PASS",9813,9010,"PARTIAL_CROSS","MARKET:14"
"CONCENTRATED_TECH-008","CONCENTRATED_TECH","natural/randomized","VENUE0_FULL",3,7,98505.428513,8055.159993,0.08177376734051708,90450.26852,0.007009000000095966,14,90450.261511,0,0,0,73.85498458559451,8,44.603721299999044,2,8055.160000000001,8055.159993,-0.0000070000005507608876,-8.69008256913691e-10,0.10923073985288027,1,"EXACT_PASS",9813,9010,"PARTIAL_CROSS","LIMIT:7 EXECUTE_NOW:7"
"CONCENTRATED_TECH-009","CONCENTRATED_TECH","natural/randomized","MARKET_ONLY",3,7,60802.213652000006,0,0,60802.213652000006,0,15,60802.213652000006,0,0,0,60.27515315995553,10,0,3,10.08,10.079996,-0.000004000000000559112,-3.9682539688086425e-7,0.019400112185902294,0,"n/a",9259,"","MARKET_ONLY","MARKET:15"
"CONCENTRATED_TECH-009","CONCENTRATED_TECH","natural/randomized","BILATERAL_ONLY",3,7,60802.213652000006,10.08,0.00016578343771647255,60792.133652000004,0.00040400000000007097,14,60792.133248,0,0,0,60.23545108040703,10,0,3,10.08,10.079996,-0.000004000000000559112,-3.9682539688086425e-7,0.019400112185902294,0.26,"n/a",9259,9257,"CROSSED_BILATERAL","MARKET:14"
"CONCENTRATED_TECH-009","CONCENTRATED_TECH","natural/randomized","VENUE0_CROSSING",3,7,60802.213652000006,10.079996,0.0001657833719293941,60792.133656000005,0.00040500000000021075,14,60792.13325100001,0,0,0,60.2354510864415,10,0,3,10.08,10.079996,-0.000004000000000559112,-3.9682539688086425e-7,0.019400112185902294,1,"EXACT_PASS",9259,9257,"PARTIAL_CROSS","MARKET:14"
"CONCENTRATED_TECH-009","CONCENTRATED_TECH","natural/randomized","VENUE0_FULL",3,7,60802.213652000006,10.079996,0.0001657833719293941,60792.133656000005,0.00040500000000021075,14,60792.13325100001,0,0,0,27.422035812199447,5,20.614128614117043,3,10.08,10.079996,-0.000004000000000559112,-3.9682539688086425e-7,0.019400112185902294,1,"EXACT_PASS",9259,9257,"PARTIAL_CROSS","LIMIT:8 EXECUTE_NOW:6"
"CONCENTRATED_TECH-010","CONCENTRATED_TECH","natural/randomized","MARKET_ONLY",9,7,242337.529635,0,0,242337.529635,0,43,242337.529635,0,0,0,329.3374717931236,14,0,11,17198.079999999998,19814.939971999996,2616.8599719999984,0.15216000693100618,0.18371002596689898,0,"n/a",7966,"","MARKET_ONLY","MARKET:43"
"CONCENTRATED_TECH-010","CONCENTRATED_TECH","natural/randomized","BILATERAL_ONLY",9,7,242337.529635,17198.079999999998,0.07096746437047172,225139.44963499997,0.056828999999808616,32,225139.392806,0,0,0,308.8838909337365,14,0,10,17198.079999999998,19814.939971999996,2616.8599719999984,0.15216000693100618,0.18371002596689898,0.85,"n/a",7966,7401,"CROSSED_BILATERAL","MARKET:32"
"CONCENTRATED_TECH-010","CONCENTRATED_TECH","natural/randomized","VENUE0_CROSSING",9,7,242337.529635,19814.939971999996,0.08176587424095863,222522.589663,0.07553700000006813,28,222522.51412600002,0,0,0,305.240538472338,14,0,10,17198.079999999998,19814.939971999996,2616.8599719999984,0.15216000693100618,0.18371002596689898,1,"LP_PASS",7966,7315,"PARTIAL_CROSS","MARKET:28"
"CONCENTRATED_TECH-010","CONCENTRATED_TECH","natural/randomized","VENUE0_FULL",9,7,242337.529635,19814.939971999996,0.08176587424095863,222522.589663,0.07553700000006813,28,222522.51412600002,0,0,0,160.5230374911461,7,103.76390485699532,10,17198.079999999998,19814.939971999996,2616.8599719999984,0.15216000693100618,0.18371002596689898,1,"LP_PASS",7966,7315,"PARTIAL_CROSS","LIMIT:14 EXECUTE_NOW:14"
"CONCENTRATED_TECH-011","CONCENTRATED_TECH","natural/randomized","MARKET_ONLY",7,7,172683.82687699998,0,0,172683.82687699998,0,32,172683.82687699998,0,0,0,175.37081567484813,10,0,6,20402.56,20529.399976,126.8399759999993,0.006216865726653875,0.18189198231269635,0,"n/a",8759,"","MARKET_ONLY","MARKET:32"
"CONCENTRATED_TECH-011","CONCENTRATED_TECH","natural/randomized","BILATERAL_ONLY",7,7,172683.82687699998,20402.56,0.11814980226568889,152281.26687700002,0.03738500000028466,24,152281.22949200004,0,0,0,157.01181796938712,10,0,6,20402.56,20529.399976,126.8399759999993,0.006216865726653875,0.18189198231269635,0.54,"n/a",8759,7724,"CROSSED_BILATERAL","MARKET:24"
"CONCENTRATED_TECH-011","CONCENTRATED_TECH","natural/randomized","VENUE0_CROSSING",7,7,172683.82687699998,20529.399976,0.11888432372200539,152154.42690099997,0.05200599999978461,20,152154.37489499996,0,0,0,157.8819189574568,10,0,6,20402.56,20529.399976,126.8399759999993,0.006216865726653875,0.18189198231269635,1,"LP_PASS",8759,7718,"PARTIAL_CROSS","MARKET:20"
"CONCENTRATED_TECH-011","CONCENTRATED_TECH","natural/randomized","VENUE0_FULL",7,7,172683.82687699998,20529.399976,0.11888432372200539,152154.42690099997,0.05200599999978461,20,152154.37489499996,0,0,0,103.99413450003543,7,47.16195987112552,6,20402.56,20529.399976,126.8399759999993,0.006216865726653875,0.18189198231269635,1,"LP_PASS",8759,7718,"PARTIAL_CROSS","EXECUTE_NOW:11 LIMIT:9"
"CONCENTRATED_TECH-012","CONCENTRATED_TECH","natural/randomized","MARKET_ONLY",8,7,146985.25660199998,0,0,146985.25660199998,0,37,146985.25660199998,0,0,0,168.35642758657283,11,0,4,1937.12,2571.219988,634.0999879999999,0.3273416143553316,0.058685730102556614,0,"n/a",8237,"","MARKET_ONLY","MARKET:37"
"CONCENTRATED_TECH-012","CONCENTRATED_TECH","natural/randomized","BILATERAL_ONLY",8,7,146985.25660199998,1937.12,0.01317900886648275,145048.13660199998,0.01518299999998618,34,145048.12141899997,0,0,0,165.6100445428782,11,0,4,1937.12,2571.219988,634.0999879999999,0.3273416143553316,0.058685730102556614,0.47,"n/a",8237,8128,"CROSSED_BILATERAL","MARKET:34"
"CONCENTRATED_TECH-012","CONCENTRATED_TECH","natural/randomized","VENUE0_CROSSING",8,7,146985.25660199998,2571.219988,0.01749304690444044,144414.036614,0.020257000000000858,33,144414.016357,0,0,0,163.61906959740517,11,0,4,1937.12,2571.219988,634.0999879999999,0.3273416143553316,0.058685730102556614,1,"LP_PASS",8237,8092,"PARTIAL_CROSS","MARKET:33"
"CONCENTRATED_TECH-012","CONCENTRATED_TECH","natural/randomized","VENUE0_FULL",8,7,146985.25660199998,2571.219988,0.01749304690444044,144414.036614,0.020257000000000858,33,144414.016357,0,0,0,90.98650580728741,6,62.65869957578148,4,1937.12,2571.219988,634.0999879999999,0.3273416143553316,0.058685730102556614,1,"LP_PASS",8237,8092,"PARTIAL_CROSS","EXECUTE_NOW:19 LIMIT:14"
"CONCENTRATED_TECH-013","CONCENTRATED_TECH","natural/randomized","MARKET_ONLY",6,7,199809.28308000002,0,0,199809.28308000002,0,30,199809.28308000002,0,0,0,347.49501003454765,17,0,6,16050.68,25505.17998,9454.49998,0.589040463083184,0.2515562245717858,0,"n/a",8712,"","MARKET_ONLY","MARKET:30"
"CONCENTRATED_TECH-013","CONCENTRATED_TECH","natural/randomized","BILATERAL_ONLY",6,7,199809.28308000002,16050.68,0.08033000145230289,183758.60308000003,0.020876999999792645,24,183758.58220300003,0,0,0,328.74556703295275,18,0,6,16050.68,25505.17998,9454.49998,0.589040463083184,0.2515562245717858,0.69,"n/a",8712,8012,"CROSSED_BILATERAL","MARKET:24"
"CONCENTRATED_TECH-013","CONCENTRATED_TECH","natural/randomized","VENUE0_CROSSING",6,7,199809.28308000002,25505.17998,0.12764762270724023,174304.10309999998,0.043458999999572256,21,174304.059641,0,0,0,311.3203999224376,18,0,6,16050.68,25505.17998,9454.49998,0.589040463083184,0.2515562245717858,1,"EXACT_PASS",8712,7600,"PARTIAL_CROSS","MARKET:21"
"CONCENTRATED_TECH-013","CONCENTRATED_TECH","natural/randomized","VENUE0_FULL",6,7,199809.28308000002,25505.17998,0.12764762270724023,174304.10309999998,0.043458999999572256,21,174304.059641,0,0,0,149.6106358798541,9,128.42541098987923,6,16050.68,25505.17998,9454.49998,0.589040463083184,0.2515562245717858,1,"EXACT_PASS",8712,7600,"PARTIAL_CROSS","LIMIT:12 EXECUTE_NOW:9"
"CONCENTRATED_TECH-014","CONCENTRATED_TECH","natural/randomized","MARKET_ONLY",9,7,294164.1846089998,0,0,294164.1846089998,0,48,294164.1846089998,0,0,0,299.6527829912088,10,0,15,59861.32000000001,66569.61997300001,6708.299973000001,0.11206401684760711,0.25659188168786584,0,"n/a",7471,"","MARKET_ONLY","MARKET:48"
"CONCENTRATED_TECH-014","CONCENTRATED_TECH","natural/randomized","BILATERAL_ONLY",9,7,294164.1846089998,59861.32000000001,0.2034962892561754,234302.864609,0.05924399999833696,34,234302.80536499998,0,0,0,254.75516729483118,11,0,12,59861.32000000001,66569.61997300001,6708.299973000001,0.11206401684760711,0.25659188168786584,0.81,"n/a",7471,5951,"CROSSED_BILATERAL","MARKET:34"
"CONCENTRATED_TECH-014","CONCENTRATED_TECH","natural/randomized","VENUE0_CROSSING",9,7,294164.1846089998,66569.61997300001,0.22630090084380497,227594.56463599997,0.05643899999922297,36,227594.508197,0,0,0,243.51959440626942,11,0,10,59861.32000000001,66569.61997300001,6708.299973000001,0.11206401684760711,0.25659188168786584,1,"LP_PASS",7471,5780,"PARTIAL_CROSS","MARKET:36"
"CONCENTRATED_TECH-014","CONCENTRATED_TECH","natural/randomized","VENUE0_FULL",9,7,294164.1846089998,66569.61997300001,0.22630090084380497,227594.56463599997,0.05643899999922297,36,227594.508197,0,0,0,135.92046099583263,6,85.61979865719628,10,59861.32000000001,66569.61997300001,6708.299973000001,0.11206401684760711,0.25659188168786584,1,"LP_PASS",7471,5780,"PARTIAL_CROSS","LIMIT:25 EXECUTE_NOW:11"
"CONCENTRATED_TECH-015","CONCENTRATED_TECH","natural/randomized","MARKET_ONLY",9,7,122240.40617800002,0,0,122240.40617800002,0,44,122240.40617800002,0,0,0,210.5114045376521,17,0,3,16274.960000000003,18530.199971,2255.2399709999954,0.1385711529244923,0.22241604675633966,0,"n/a",8663,"","MARKET_ONLY","MARKET:44"
"CONCENTRATED_TECH-015","CONCENTRATED_TECH","natural/randomized","BILATERAL_ONLY",9,7,122240.40617800002,16274.960000000003,0.13313895551280536,105965.44617800001,0.05511899999988401,34,105965.39105899999,0,0,0,192.69948609597995,18,0,3,16274.960000000003,18530.199971,2255.2399709999954,0.1385711529244923,0.22241604675633966,0.85,"n/a",8663,7509,"CROSSED_BILATERAL","MARKET:34"
"CONCENTRATED_TECH-015","CONCENTRATED_TECH","natural/randomized","VENUE0_CROSSING",9,7,122240.40617800002,18530.199971,0.15158817407737749,103710.20620699997,0.07807200000003434,29,103710.12813499999,0,0,0,190.86608927385316,18,0,3,16274.960000000003,18530.199971,2255.2399709999954,0.1385711529244923,0.22241604675633966,1,"LP_PASS",8663,7349,"PARTIAL_CROSS","MARKET:29"
"CONCENTRATED_TECH-015","CONCENTRATED_TECH","natural/randomized","VENUE0_FULL",9,7,122240.40617800002,18530.199971,0.15158817407737749,103710.20620699997,0.07807200000003434,29,103710.12813499999,0,0,0,90.09902429436701,9,78.77006476374163,3,16274.960000000003,18530.199971,2255.2399709999954,0.1385711529244923,0.22241604675633966,1,"LP_PASS",8663,7349,"PARTIAL_CROSS","LIMIT:15 EXECUTE_NOW:14"
"CONCENTRATED_TECH-016","CONCENTRATED_TECH","natural/randomized","MARKET_ONLY",5,7,78750.51618399998,0,0,78750.51618399998,0,25,78750.51618399998,0,0,0,57.59230856814691,7,0,2,12515.920000000002,12750.639987000002,234.7199870000004,0.018753714229557267,0.23633342814559657,0,"n/a",8737,"","MARKET_ONLY","MARKET:25"
"CONCENTRATED_TECH-016","CONCENTRATED_TECH","natural/randomized","BILATERAL_ONLY",5,7,78750.51618399998,12515.920000000002,0.15893127571070964,66234.596184,0.015629999999667632,21,66234.580554,0,0,0,45.239212801951965,7,0,2,12515.920000000002,12750.639987000002,234.7199870000004,0.018753714229557267,0.23633342814559657,0.5,"n/a",8737,7349,"CROSSED_BILATERAL","MARKET:21"
"CONCENTRATED_TECH-016","CONCENTRATED_TECH","natural/randomized","VENUE0_CROSSING",5,7,78750.51618399998,12750.639987000002,0.16191182743752727,65999.876197,0.022205999999897585,20,65999.853991,0,0,0,44.696818980353015,7,0,2,12515.920000000002,12750.639987000002,234.7199870000004,0.018753714229557267,0.23633342814559657,1,"EXACT_PASS",8737,7322,"PARTIAL_CROSS","MARKET:20"
"CONCENTRATED_TECH-016","CONCENTRATED_TECH","natural/randomized","VENUE0_FULL",5,7,78750.51618399998,12750.639987000002,0.16191182743752727,65999.876197,0.022205999999897585,19,65992.833063,0,7.020928,0,22.18064514932784,3,10.696555720359331,2,12515.920000000002,12750.639987000002,234.7199870000004,0.018753714229557267,0.23633342814559657,1,"EXACT_PASS",8737,7322,"PARTIAL_CROSS","LIMIT:8 EXECUTE_NOW:11 AGGREGATE:1"
"CONCENTRATED_TECH-017","CONCENTRATED_TECH","natural/randomized","MARKET_ONLY",3,6,54090.999789999994,0,0,54090.999789999994,0,13,54090.999789999994,0,0,0,92.45255068889662,17,0,2,2797.44,3790.819993,993.379993,0.3551032347431938,0.17680174456246633,0,"n/a",5172,"","MARKET_ONLY","MARKET:13"
"CONCENTRATED_TECH-017","CONCENTRATED_TECH","natural/randomized","BILATERAL_ONLY",3,6,54090.999789999994,2797.44,0.05171729143222776,51293.55979,0.01780100000004836,10,51293.541989,0,0,0,88.53207282034019,17,0,2,2797.44,3790.819993,993.379993,0.3551032347431938,0.17680174456246633,0.31,"n/a",5172,4904,"CROSSED_BILATERAL","MARKET:10"
"CONCENTRATED_TECH-017","CONCENTRATED_TECH","natural/randomized","VENUE0_CROSSING",3,6,54090.999789999994,3790.819993,0.0700822689119683,50300.179797,0.01780400000006921,10,50300.161992999994,0,0,0,85.9535483136375,17,0,2,2797.44,3790.819993,993.379993,0.3551032347431938,0.17680174456246633,1,"EXACT_PASS",5172,4809,"PARTIAL_CROSS","MARKET:10"
"CONCENTRATED_TECH-017","CONCENTRATED_TECH","natural/randomized","VENUE0_FULL",3,6,54090.999789999994,3790.819993,0.0700822689119683,50300.179797,0.01780400000006921,10,50300.161992999994,0,0,0,46.87430524113939,9,46.72147947904211,2,2797.44,3790.819993,993.379993,0.3551032347431938,0.17680174456246633,1,"EXACT_PASS",5172,4809,"PARTIAL_CROSS","LIMIT:6 EXECUTE_NOW:4"
"CONCENTRATED_TECH-018","CONCENTRATED_TECH","natural/randomized","MARKET_ONLY",9,7,128016.49671300002,0,0,128016.49671300002,0,46,128016.49671300002,0,0,0,129.56363550116026,10,0,7,19016.72,21633.559973,2616.8399729999983,0.13760732518541569,0.3069884484505593,0,"n/a",7441,"","MARKET_ONLY","MARKET:46"
"CONCENTRATED_TECH-018","CONCENTRATED_TECH","natural/randomized","BILATERAL_ONLY",9,7,128016.49671300002,19016.72,0.1485489799227482,108999.776713,0.050904000000002725,35,108999.72580899998,0,0,0,109.76916034702914,10,0,5,19016.72,21633.559973,2616.8399729999983,0.13760732518541569,0.3069884484505593,0.83,"n/a",7441,6335,"CROSSED_BILATERAL","MARKET:35"
"CONCENTRATED_TECH-018","CONCENTRATED_TECH","natural/randomized","VENUE0_CROSSING",9,7,128016.49671300002,21633.559973,0.1689904077089396,106382.93673999999,0.06668599999966318,33,106382.87005399998,0,0,0,107.09441858490297,10,0,6,19016.72,21633.559973,2616.8399729999983,0.13760732518541569,0.3069884484505593,1,"LP_PASS",7441,6183,"PARTIAL_CROSS","MARKET:33"
"CONCENTRATED_TECH-018","CONCENTRATED_TECH","natural/randomized","VENUE0_FULL",9,7,128016.49671300002,21633.559973,0.1689904077089396,106382.93673999999,0.06668599999966318,33,106382.87005399998,0,0,0,51.414871726530265,5,35.71501487303554,6,19016.72,21633.559973,2616.8399729999983,0.13760732518541569,0.3069884484505593,1,"LP_PASS",7441,6183,"PARTIAL_CROSS","LIMIT:14 EXECUTE_NOW:19"
"CONCENTRATED_TECH-019","CONCENTRATED_TECH","natural/randomized","MARKET_ONLY",4,7,95716.378363,0,0,95716.378363,0,21,95716.378363,0,0,0,129.45954748510653,14,0,5,308.8,308.799996,-0.000003999999989900971,-1.2953367842943558e-8,0.007272288378485856,0,"n/a",8785,"","MARKET_ONLY","MARKET:21"
"CONCENTRATED_TECH-019","CONCENTRATED_TECH","natural/randomized","BILATERAL_ONLY",4,7,95716.378363,308.8,0.003226198120753066,95407.578363,0.0010099999999937381,20,95407.57735299999,0,0,0,129.3005885138827,14,0,5,308.8,308.799996,-0.000003999999989900971,-1.2953367842943558e-8,0.007272288378485856,0.29,"n/a",8785,8757,"CROSSED_BILATERAL","MARKET:20"
"CONCENTRATED_TECH-019","CONCENTRATED_TECH","natural/randomized","VENUE0_CROSSING",4,7,95716.378363,308.799996,0.003226198078962935,95407.57836699998,0.0010109999999912134,20,95407.57735599998,0,0,0,129.34327224793827,14,0,5,308.8,308.799996,-0.000003999999989900971,-1.2953367842943558e-8,0.007272288378485856,1,"EXACT_PASS",8785,8757,"PARTIAL_CROSS","MARKET:20"
"CONCENTRATED_TECH-019","CONCENTRATED_TECH","natural/randomized","VENUE0_FULL",4,7,95716.378363,308.799996,0.003226198078962935,95407.57836699998,0.0010109999999912134,20,95407.57735599998,0,0,0,81.944641206303,9,50.54907895398017,5,308.8,308.799996,-0.000003999999989900971,-1.2953367842943558e-8,0.007272288378485856,1,"EXACT_PASS",8785,8757,"PARTIAL_CROSS","LIMIT:9 EXECUTE_NOW:11"
"CONCENTRATED_TECH-020","CONCENTRATED_TECH","natural/randomized","MARKET_ONLY",5,7,47292.647613999994,0,0,47292.647613999994,0,24,47292.647613999994,0,0,0,36.81593497273634,8,0,1,4178.92,5024.239987,845.3199869999999,0.20228192619145613,0.18030744761001066,0,"n/a",8030,"","MARKET_ONLY","MARKET:24"
"CONCENTRATED_TECH-020","CONCENTRATED_TECH","natural/randomized","BILATERAL_ONLY",5,7,47292.647613999994,4178.92,0.08836299532451887,43113.727613999996,0.0137869999999225,21,43113.713827,0,0,0,32.49455428325988,8,0,0,4178.92,5024.239987,845.3199869999999,0.20228192619145613,0.18030744761001066,0.39,"n/a",8030,7320,"CROSSED_BILATERAL","MARKET:21"
"CONCENTRATED_TECH-020","CONCENTRATED_TECH","natural/randomized","VENUE0_CROSSING",5,7,47292.647613999994,5024.239987,0.10623723222280917,42268.407627,0.01463999999997867,19,42268.392987,0,0,0,31.641188927279643,7,0,1,4178.92,5024.239987,845.3199869999999,0.20228192619145613,0.18030744761001066,1,"EXACT_PASS",8030,7177,"PARTIAL_CROSS","MARKET:19"
"CONCENTRATED_TECH-020","CONCENTRATED_TECH","natural/randomized","VENUE0_FULL",5,7,47292.647613999994,5024.239987,0.10623723222280917,42268.407627,0.01463999999997867,19,42268.392987,0,0,0,13.56449823408312,3,7.133579740291915,1,4178.92,5024.239987,845.3199869999999,0.20228192619145613,0.18030744761001066,1,"EXACT_PASS",8030,7177,"PARTIAL_CROSS","EXECUTE_NOW:12 LIMIT:7"
"CONCENTRATED_TECH-021","CONCENTRATED_TECH","natural/randomized","MARKET_ONLY",9,7,105437.02246300002,0,0,105437.02246300002,0,47,105437.02246300002,0,0,0,117.03176119892598,11,0,1,15555.920000000002,17725.859979999997,2169.9399799999956,0.1394928734526788,0.22102006716073322,0,"n/a",6947,"","MARKET_ONLY","MARKET:47"
"CONCENTRATED_TECH-021","CONCENTRATED_TECH","natural/randomized","BILATERAL_ONLY",9,7,105437.02246300002,15555.920000000002,0.14753755025146778,89881.102463,0.041099999999985926,40,89881.061363,0,0,0,102.1398448004866,11,0,1,15555.920000000002,17725.859979999997,2169.9399799999956,0.1394928734526788,0.22102006716073322,0.64,"n/a",6947,5922,"CROSSED_BILATERAL","MARKET:40"
"CONCENTRATED_TECH-021","CONCENTRATED_TECH","natural/randomized","VENUE0_CROSSING",9,7,105437.02246300002,17725.859979999997,0.16811798707821402,87711.16248300001,0.04522900000033303,37,87711.117254,0,0,0,100.62382083471091,11,0,1,15555.920000000002,17725.859979999997,2169.9399799999956,0.1394928734526788,0.22102006716073322,1,"LP_PASS",6947,5779,"PARTIAL_CROSS","MARKET:37"
"CONCENTRATED_TECH-021","CONCENTRATED_TECH","natural/randomized","VENUE0_FULL",9,7,105437.02246300002,17725.859979999997,0.16811798707821402,87711.16248300001,0.04522900000033303,37,87711.117254,0,0,0,60.345745412598696,7,36.79464390051452,1,15555.920000000002,17725.859979999997,2169.9399799999956,0.1394928734526788,0.22102006716073322,1,"LP_PASS",6947,5779,"PARTIAL_CROSS","LIMIT:17 EXECUTE_NOW:20"
"CONCENTRATED_TECH-022","CONCENTRATED_TECH","natural/randomized","MARKET_ONLY",5,7,76099.476186,0,0,76099.476186,0,25,76099.476186,0,0,0,74.92648479111784,10,0,2,16383.72,29823.259979,13439.539979,0.8202984413185772,0.4220463024410233,0,"n/a",5957,"","MARKET_ONLY","MARKET:25"
"CONCENTRATED_TECH-022","CONCENTRATED_TECH","natural/randomized","BILATERAL_ONLY",5,7,76099.476186,16383.72,0.21529346614627695,59715.75618599999,0.02169599999983518,20,59715.73448999999,0,0,0,54.986023090458716,9,0,2,16383.72,29823.259979,13439.539979,0.8202984413185772,0.4220463024410233,0.49,"n/a",5957,4674,"CROSSED_BILATERAL","MARKET:20"
"CONCENTRATED_TECH-022","CONCENTRATED_TECH","natural/randomized","VENUE0_CROSSING",5,7,76099.476186,29823.259979,0.3918983608521418,46276.21620699999,0.048890999999553486,15,46276.167315999985,0,0,0,33.98682723644853,7,0,2,16383.72,29823.259979,13439.539979,0.8202984413185772,0.4220463024410233,1,"EXACT_PASS",5957,3622,"PARTIAL_CROSS","MARKET:15"
"CONCENTRATED_TECH-022","CONCENTRATED_TECH","natural/randomized","VENUE0_FULL",5,7,76099.476186,29823.259979,0.3918983608521418,46276.21620699999,0.048890999999553486,15,46276.167315999985,0,0,0,17.133560294366408,4,5.121391047621325,2,16383.72,29823.259979,13439.539979,0.8202984413185772,0.4220463024410233,1,"EXACT_PASS",5957,3622,"PARTIAL_CROSS","LIMIT:7 EXECUTE_NOW:8"
"CONCENTRATED_TECH-023","CONCENTRATED_TECH","natural/randomized","MARKET_ONLY",5,7,129310.446257,0,0,129310.446257,0,28,129310.446257,0,0,0,208.48303713713608,16,0,2,8817.240000000002,9317.679991,500.4399909999993,0.05675698869487495,0.09922081138363911,0,"n/a",8742,"","MARKET_ONLY","MARKET:28"
"CONCENTRATED_TECH-023","CONCENTRATED_TECH","natural/randomized","BILATERAL_ONLY",5,7,129310.446257,8817.240000000002,0.0681866025152836,120493.20625700001,0.0170590000000459,26,120493.18919800001,0,0,0,198.99069303611046,17,0,2,8817.240000000002,9317.679991,500.4399909999993,0.05675698869487495,0.09922081138363911,0.38,"n/a",8742,8146,"CROSSED_BILATERAL","MARKET:26"
"CONCENTRATED_TECH-023","CONCENTRATED_TECH","natural/randomized","VENUE0_CROSSING",5,7,129310.446257,9317.679991,0.07205666874338548,119992.766266,0.026018999999948278,25,119992.74024700001,0,0,0,198.77049623815304,17,0,2,8817.240000000002,9317.679991,500.4399909999993,0.05675698869487495,0.09922081138363911,1,"EXACT_PASS",8742,8112,"PARTIAL_CROSS","MARKET:25"
"CONCENTRATED_TECH-023","CONCENTRATED_TECH","natural/randomized","VENUE0_FULL",5,7,129310.446257,9317.679991,0.07205666874338548,119992.766266,0.026018999999948278,25,119992.74024700001,0,0,0,93.53976175010024,8,72.12129441215686,2,8817.240000000002,9317.679991,500.4399909999993,0.05675698869487495,0.09922081138363911,1,"EXACT_PASS",8742,8112,"PARTIAL_CROSS","LIMIT:15 EXECUTE_NOW:10"
"CONCENTRATED_TECH-024","CONCENTRATED_TECH","natural/randomized","MARKET_ONLY",4,7,32073.757201,0,0,32073.757201,0,20,32073.757201,0,0,0,40.856449149578154,13,0,0,1604.52,1604.51999,-0.000009999999974752427,-6.232393472660002e-9,0.11874574157720612,0,"n/a",5828,"","MARKET_ONLY","MARKET:20"
"CONCENTRATED_TECH-024","CONCENTRATED_TECH","natural/randomized","BILATERAL_ONLY",4,7,32073.757201,1604.52,0.050025944573465,30469.237201000004,0.022778000000002407,17,30469.214423,0,0,0,37.6636068202149,12,0,0,1604.52,1604.51999,-0.000009999999974752427,-6.232393472660002e-9,0.11874574157720612,0.31,"n/a",5828,5537,"CROSSED_BILATERAL","MARKET:17"
"CONCENTRATED_TECH-024","CONCENTRATED_TECH","natural/randomized","VENUE0_CROSSING",4,7,32073.757201,1604.51999,0.05002594426168363,30469.237211,0.0227810000000801,17,30469.21443,0,0,0,37.66360683667969,12,0,0,1604.52,1604.51999,-0.000009999999974752427,-6.232393472660002e-9,0.11874574157720612,1,"EXACT_PASS",5828,5537,"PARTIAL_CROSS","MARKET:17"
"CONCENTRATED_TECH-024","CONCENTRATED_TECH","natural/randomized","VENUE0_FULL",4,7,32073.757201,1604.51999,0.05002594426168363,30469.237211,0.0227810000000801,17,30469.21443,0,0,0,23.325156216775827,8,13.221177572032195,0,1604.52,1604.51999,-0.000009999999974752427,-6.232393472660002e-9,0.11874574157720612,1,"EXACT_PASS",5828,5537,"PARTIAL_CROSS","LIMIT:8 EXECUTE_NOW:9"
"CONCENTRATED_TECH-025","CONCENTRATED_TECH","natural/randomized","MARKET_ONLY",10,7,377267.11616100004,0,0,377267.11616100004,0,49,377267.11616100004,0,0,0,400.999005874818,11,0,14,121919.68,128859.49997000002,6939.819970000026,0.05692124495405521,0.3596086331682907,0,"n/a",8716,"","MARKET_ONLY","MARKET:49"
"CONCENTRATED_TECH-025","CONCENTRATED_TECH","natural/randomized","BILATERAL_ONLY",10,7,377267.11616100004,121919.68,0.32316540397326954,255347.436161,0.060536000001832235,36,255347.375625,0,0,0,266.0253427093647,10,0,10,121919.68,128859.49997000002,6939.819970000026,0.05692124495405521,0.3596086331682907,0.9,"n/a",8716,5899,"CROSSED_BILATERAL","MARKET:36"
"CONCENTRATED_TECH-025","CONCENTRATED_TECH","natural/randomized","VENUE0_CROSSING",10,7,377267.11616100004,128859.49997000002,0.3415603810935082,248407.61619099998,0.07466499999571852,32,248407.54152600002,0,0,0,238.8951024733591,10,0,8,121919.68,128859.49997000002,6939.819970000026,0.05692124495405521,0.3596086331682907,1,"LP_PASS",8716,5739,"PARTIAL_CROSS","MARKET:32"
"CONCENTRATED_TECH-025","CONCENTRATED_TECH","natural/randomized","VENUE0_FULL",10,7,377267.11616100004,128859.49997000002,0.3415603810935082,248407.61619099998,0.07466499999571852,32,248407.54152600002,0,0,0,173.62759469103202,7,54.159995758512565,8,121919.68,128859.49997000002,6939.819970000026,0.05692124495405521,0.3596086331682907,1,"LP_PASS",8716,5739,"PARTIAL_CROSS","LIMIT:17 EXECUTE_NOW:15"
"CONCENTRATED_TECH-026","CONCENTRATED_TECH","natural/randomized","MARKET_ONLY",6,7,65621.75123799998,0,0,65621.75123799998,0,29,65621.75123799998,0,0,0,117.99120708417053,18,0,2,1560.8,1560.799994,-0.000005999999984851456,-3.8441824608223065e-9,0.08060146064704755,0,"n/a",8736,"","MARKET_ONLY","MARKET:29"
"CONCENTRATED_TECH-026","CONCENTRATED_TECH","natural/randomized","BILATERAL_ONLY",6,7,65621.75123799998,1560.8,0.023784796512656584,64060.951237999994,0.008560999999986052,28,64060.942677,0,0,0,116.41440453005397,18,0,2,1560.8,1560.799994,-0.000005999999984851456,-3.8441824608223065e-9,0.08060146064704755,0.34,"n/a",8736,8528,"CROSSED_BILATERAL","MARKET:28"
"CONCENTRATED_TECH-026","CONCENTRATED_TECH","natural/randomized","VENUE0_CROSSING",6,7,65621.75123799998,1560.799994,0.023784796421223487,64060.95124399999,0.015601999999987015,27,64060.93564199999,0,0,0,116.556799067563,18,0,2,1560.8,1560.799994,-0.000005999999984851456,-3.8441824608223065e-9,0.08060146064704755,1,"EXACT_PASS",8736,8528,"PARTIAL_CROSS","MARKET:27"
"CONCENTRATED_TECH-026","CONCENTRATED_TECH","natural/randomized","VENUE0_FULL",6,7,65621.75123799998,1560.799994,0.023784796421223487,64060.95124399999,0.015601999999987015,27,64060.93564199999,0,0,0,56.78272967221162,9,48.13230312521019,2,1560.8,1560.799994,-0.000005999999984851456,-3.8441824608223065e-9,0.08060146064704755,1,"EXACT_PASS",8736,8528,"PARTIAL_CROSS","EXECUTE_NOW:14 LIMIT:13"
"CONCENTRATED_TECH-027","CONCENTRATED_TECH","natural/randomized","MARKET_ONLY",4,7,112384.82986800002,0,0,112384.82986800002,0,21,112384.82986800002,0,0,0,162.1353198779011,14,0,2,17468.4,17615.599990000002,147.19999000000098,0.008426644111653097,0.2308293912663255,0,"n/a",6640,"","MARKET_ONLY","MARKET:21"
"CONCENTRATED_TECH-027","CONCENTRATED_TECH","natural/randomized","BILATERAL_ONLY",4,7,112384.82986800002,17468.4,0.15543378960058274,94916.429868,0.006886999999679233,19,94916.422981,0,0,0,151.12838341155702,16,0,2,17468.4,17615.599990000002,147.19999000000098,0.008426644111653097,0.2308293912663255,0.34,"n/a",6640,5608,"CROSSED_BILATERAL","MARKET:19"
"CONCENTRATED_TECH-027","CONCENTRATED_TECH","natural/randomized","VENUE0_CROSSING",4,7,112384.82986800002,17615.599990000002,0.15674357482847243,94769.229878,0.01472200000003454,18,94769.215156,0,0,0,151.21484660980187,16,0,2,17468.4,17615.599990000002,147.19999000000098,0.008426644111653097,0.2308293912663255,1,"EXACT_PASS",6640,5599,"PARTIAL_CROSS","MARKET:18"
"CONCENTRATED_TECH-027","CONCENTRATED_TECH","natural/randomized","VENUE0_FULL",4,7,112384.82986800002,17615.599990000002,0.15674357482847243,94769.229878,0.01472200000003454,17,94767.15611800001,0,2.059038000000001,0,84.99857897597883,9,81.85996052335966,2,17468.4,17615.599990000002,147.19999000000098,0.008426644111653097,0.2308293912663255,1,"EXACT_PASS",6640,5599,"PARTIAL_CROSS","EXECUTE_NOW:7 AGGREGATE:1 LIMIT:10"
"CONCENTRATED_TECH-028","CONCENTRATED_TECH","natural/randomized","MARKET_ONLY",5,7,215572.669221,0,0,215572.669221,0,27,215572.669221,0,0,0,314.0759254491457,15,0,9,61723.40000000001,61723.399990000005,-0.000010000003385357559,-1.6201316494810003e-10,0.45726490195723496,0,"n/a",8401,"","MARKET_ONLY","MARKET:27"
"CONCENTRATED_TECH-028","CONCENTRATED_TECH","natural/randomized","BILATERAL_ONLY",5,7,215572.669221,61723.40000000001,0.2863229379820994,153849.26922099997,0.012053999999466214,24,153849.25716699995,0,0,0,239.652578611921,16,0,6,61723.40000000001,61723.399990000005,-0.000010000003385357559,-1.6201316494810003e-10,0.45726490195723496,0.5,"n/a",8401,5996,"CROSSED_BILATERAL","MARKET:24"
"CONCENTRATED_TECH-028","CONCENTRATED_TECH","natural/randomized","VENUE0_CROSSING",5,7,215572.669221,61723.399990000005,0.28632293793571134,153849.26923099998,0.014540999999667292,23,153849.25468999997,0,0,0,240.24576909100776,16,0,6,61723.40000000001,61723.399990000005,-0.000010000003385357559,-1.6201316494810003e-10,0.45726490195723496,1,"EXACT_PASS",8401,5995,"PARTIAL_CROSS","MARKET:23"
"CONCENTRATED_TECH-028","CONCENTRATED_TECH","natural/randomized","VENUE0_FULL",5,7,215572.669221,61723.399990000005,0.28632293793571134,153849.26923099998,0.014540999999667292,23,153849.25468999997,0,0,0,133.7962991589736,9,103.79274325812848,6,61723.40000000001,61723.399990000005,-0.000010000003385357559,-1.6201316494810003e-10,0.45726490195723496,1,"EXACT_PASS",8401,5995,"PARTIAL_CROSS","EXECUTE_NOW:11 LIMIT:12"
"CONCENTRATED_TECH-029","CONCENTRATED_TECH","natural/randomized","MARKET_ONLY",3,7,90423.852272,0,0,90423.852272,0,15,90423.852272,0,0,0,26.658413518374537,3,0,4,0,0,0,"",0.01805382516871057,0,"n/a",8904,"","MARKET_ONLY","MARKET:15"
"CONCENTRATED_TECH-029","CONCENTRATED_TECH","natural/randomized","BILATERAL_ONLY",3,7,90423.852272,0,0,90423.852272,0,15,90423.852272,0,0,0,26.658413518374537,3,0,4,0,0,0,"",0.01805382516871057,0.33,"n/a",8904,8904,"NO_CROSS","MARKET:15"
"CONCENTRATED_TECH-029","CONCENTRATED_TECH","natural/randomized","VENUE0_CROSSING",3,7,90423.852272,0,0,90423.852272,0,15,90423.852272,0,0,0,26.658413518374537,3,0,4,0,0,0,"",0.01805382516871057,1,"EXACT_PASS",8904,8904,"NO_CROSS","MARKET:15"
"CONCENTRATED_TECH-029","CONCENTRATED_TECH","natural/randomized","VENUE0_FULL",3,7,90423.852272,0,0,90423.852272,0,15,90423.852272,0,0,0,12.299625666506097,1,-17.795647928346224,4,0,0,0,"",0.01805382516871057,1,"EXACT_PASS",8904,8904,"NO_CROSS","LIMIT:7 EXECUTE_NOW:8"
"CONCENTRATED_TECH-030","CONCENTRATED_TECH","natural/randomized","MARKET_ONLY",5,7,91928.35639199999,0,0,91928.35639199999,0,22,91928.35639199999,0,0,0,107.97861420656635,12,0,2,25568.960000000003,25568.959986999995,-0.000013000008038943633,-5.084292845287267e-10,0.4772111903854043,0,"n/a",6336,"","MARKET_ONLY","MARKET:22"
"CONCENTRATED_TECH-030","CONCENTRATED_TECH","natural/randomized","BILATERAL_ONLY",5,7,91928.35639199999,25568.960000000003,0.2781400756363912,66359.396392,0.007193999999799416,20,66359.389198,0,0,0,60.6271110961005,9,0,0,25568.960000000003,25568.959986999995,-0.000013000008038943633,-5.084292845287267e-10,0.4772111903854043,0.43,"n/a",6336,4574,"CROSSED_BILATERAL","MARKET:20"
"CONCENTRATED_TECH-030","CONCENTRATED_TECH","natural/randomized","VENUE0_CROSSING",5,7,91928.35639199999,25568.959986999995,0.27814007549497666,66359.39640499999,0.018240000000162127,18,66359.378165,0,0,0,66.14075299159933,10,0,0,25568.960000000003,25568.959986999995,-0.000013000008038943633,-5.084292845287267e-10,0.4772111903854043,1,"EXACT_PASS",6336,4574,"PARTIAL_CROSS","MARKET:18"
"CONCENTRATED_TECH-030","CONCENTRATED_TECH","natural/randomized","VENUE0_FULL",5,7,91928.35639199999,25568.959986999995,0.27814007549497666,66359.39640499999,0.018240000000162127,18,66359.378165,0,0,0,38.145240370934374,6,22.155272426271374,0,25568.960000000003,25568.959986999995,-0.000013000008038943633,-5.084292845287267e-10,0.4772111903854043,1,"EXACT_PASS",6336,4574,"PARTIAL_CROSS","LIMIT:9 EXECUTE_NOW:9"
"CONCENTRATED_TECH-031","CONCENTRATED_TECH","natural/randomized","MARKET_ONLY",10,7,92599.17801,0,0,92599.17801,0,55,92599.17801,0,0,0,139.43524491597654,15,0,3,11639.520000000006,16750.599966,5111.079965999996,0.43911432481751766,0.2664066244879186,0,"n/a",6986,"","MARKET_ONLY","MARKET:55"
"CONCENTRATED_TECH-031","CONCENTRATED_TECH","natural/randomized","BILATERAL_ONLY",10,7,92599.17801,11639.520000000006,0.125697876051805,80959.65801,0.068973999999983,42,80959.589036,0,0,0,124.32498966835728,15,0,3,11639.520000000006,16750.599966,5111.079965999996,0.43911432481751766,0.2664066244879186,1.12,"n/a",6986,6108,"CROSSED_BILATERAL","MARKET:42"
"CONCENTRATED_TECH-031","CONCENTRATED_TECH","natural/randomized","VENUE0_CROSSING",10,7,92599.17801,16750.599966,0.18089361402528936,75848.57804399998,0.07770699999990427,39,75848.50033699999,0,0,0,117.41094496838873,15,0,3,11639.520000000006,16750.599966,5111.079965999996,0.43911432481751766,0.2664066244879186,2,"LP_PASS",6986,5722,"PARTIAL_CROSS","MARKET:39"
"CONCENTRATED_TECH-031","CONCENTRATED_TECH","natural/randomized","VENUE0_FULL",10,7,92599.17801,16750.599966,0.18089361402528936,75848.57804399998,0.07770699999990427,39,75848.50033699999,0,0,0,57.36601218198279,8,48.27512310555968,3,11639.520000000006,16750.599966,5111.079965999996,0.43911432481751766,0.2664066244879186,2,"LP_PASS",6986,5722,"PARTIAL_CROSS","LIMIT:17 EXECUTE_NOW:22"
"CONCENTRATED_TECH-032","CONCENTRATED_TECH","natural/randomized","MARKET_ONLY",5,7,142451.37174200002,0,0,142451.37174200002,0,29,142451.37174200002,0,0,0,244.92121835285474,17,0,4,8083.320000000001,9319.399980999999,1236.079980999998,0.15291736328637218,0.06674136447923626,0,"n/a",8896,"","MARKET_ONLY","MARKET:29"
"CONCENTRATED_TECH-032","CONCENTRATED_TECH","natural/randomized","BILATERAL_ONLY",5,7,142451.37174200002,8083.320000000001,0.05674441671674499,134368.051742,0.03583200000002762,21,134368.01591,0,0,0,235.90590320257274,18,0,4,8083.320000000001,9319.399980999999,1236.079980999998,0.15291736328637218,0.06674136447923626,0.65,"n/a",8896,8391,"CROSSED_BILATERAL","MARKET:21"
"CONCENTRATED_TECH-032","CONCENTRATED_TECH","natural/randomized","VENUE0_CROSSING",5,7,142451.37174200002,9319.399980999999,0.06542162330229277,133131.97176100002,0.036359000000175,19,133131.935402,0,0,0,235.12089260281314,18,0,4,8083.320000000001,9319.399980999999,1236.079980999998,0.15291736328637218,0.06674136447923626,1,"EXACT_PASS",8896,8314,"PARTIAL_CROSS","MARKET:19"
"CONCENTRATED_TECH-032","CONCENTRATED_TECH","natural/randomized","VENUE0_FULL",5,7,142451.37174200002,9319.399980999999,0.06542162330229277,133131.97176100002,0.036359000000175,19,133131.935402,0,0,0,121.43658323385009,9,98.82633885901338,4,8083.320000000001,9319.399980999999,1236.079980999998,0.15291736328637218,0.06674136447923626,1,"EXACT_PASS",8896,8314,"PARTIAL_CROSS","LIMIT:12 EXECUTE_NOW:7"
"CONCENTRATED_TECH-033","CONCENTRATED_TECH","natural/randomized","MARKET_ONLY",7,7,92281.75447600002,0,0,92281.75447600002,0,37,92281.75447600002,0,0,0,142.77642709600607,15,0,0,8757.279999999999,11524.679981000001,2767.3999810000023,0.3160113620895989,0.2558080143799107,0,"n/a",7947,"","MARKET_ONLY","MARKET:37"
"CONCENTRATED_TECH-033","CONCENTRATED_TECH","natural/randomized","BILATERAL_ONLY",7,7,92281.75447600002,8757.279999999999,0.09489719879868051,83524.474476,0.014632999999804497,33,83524.45984299999,0,0,0,131.0368827537536,16,0,0,8757.279999999999,11524.679981000001,2767.3999810000023,0.3160113620895989,0.2558080143799107,0.58,"n/a",7947,7193,"CROSSED_BILATERAL","MARKET:33"
"CONCENTRATED_TECH-033","CONCENTRATED_TECH","natural/randomized","VENUE0_CROSSING",7,7,92281.75447600002,11524.679981000001,0.12488579184953899,80757.07449499998,0.03440199999991478,30,80757.04009299999,0,0,0,129.61361961809652,16,0,0,8757.279999999999,11524.679981000001,2767.3999810000023,0.3160113620895989,0.2558080143799107,1,"LP_PASS",7947,6954,"PARTIAL_CROSS","MARKET:30"
"CONCENTRATED_TECH-033","CONCENTRATED_TECH","natural/randomized","VENUE0_FULL",7,7,92281.75447600002,11524.679981000001,0.12488579184953899,80757.07449499998,0.03440199999991478,30,80757.04009299999,0,0,0,66.28111467309964,8,49.438772609536635,0,8757.279999999999,11524.679981000001,2767.3999810000023,0.3160113620895989,0.2558080143799107,1,"LP_PASS",7947,6954,"PARTIAL_CROSS","LIMIT:16 EXECUTE_NOW:14"
"CONCENTRATED_TECH-034","CONCENTRATED_TECH","natural/randomized","MARKET_ONLY",10,7,155706.562685,0,0,155706.562685,0,50,155706.562685,0,0,0,155.47598176069994,10,0,4,21986.960000000003,27678.459966000006,5691.499966000003,0.2588579760912833,0.2395351164578308,0,"n/a",7672,"","MARKET_ONLY","MARKET:50"
"CONCENTRATED_TECH-034","CONCENTRATED_TECH","natural/randomized","BILATERAL_ONLY",10,7,155706.562685,21986.960000000003,0.14120766408850996,133719.60268499996,0.06090299999971904,40,133719.54178199996,0,0,0,129.9648361581481,10,0,4,21986.960000000003,27678.459966000006,5691.499966000003,0.2588579760912833,0.2395351164578308,1.2,"n/a",7672,6589,"CROSSED_BILATERAL","MARKET:40"
"CONCENTRATED_TECH-034","CONCENTRATED_TECH","natural/randomized","VENUE0_CROSSING",10,7,155706.562685,27678.459966000006,0.17776039422303944,128028.10271899997,0.08957899999996499,32,128028.01313999998,0,0,0,123.0398798340177,10,0,4,21986.960000000003,27678.459966000006,5691.499966000003,0.2588579760912833,0.2395351164578308,2,"LP_PASS",7672,6308,"PARTIAL_CROSS","MARKET:32"
"CONCENTRATED_TECH-034","CONCENTRATED_TECH","natural/randomized","VENUE0_FULL",10,7,155706.562685,27678.459966000006,0.17776039422303944,128028.10271899997,0.08957899999996499,32,128028.01313999998,0,0,0,68.91519812718407,5,26.87512922604245,4,21986.960000000003,27678.459966000006,5691.499966000003,0.2588579760912833,0.2395351164578308,2,"LP_PASS",7672,6308,"PARTIAL_CROSS","EXECUTE_NOW:16 LIMIT:16"
"CONCENTRATED_TECH-035","CONCENTRATED_TECH","natural/randomized","MARKET_ONLY",3,7,33369.882764,0,0,33369.882764,0,15,33369.882764,0,0,0,46.290947125853876,14,0,0,0,0,0,"",0.020461419982470273,0,"n/a",8421,"","MARKET_ONLY","MARKET:15"
"CONCENTRATED_TECH-035","CONCENTRATED_TECH","natural/randomized","BILATERAL_ONLY",3,7,33369.882764,0,0,33369.882764,0,15,33369.882764,0,0,0,46.290947125853876,14,0,0,0,0,0,"",0.020461419982470273,0.33,"n/a",8421,8421,"NO_CROSS","MARKET:15"
"CONCENTRATED_TECH-035","CONCENTRATED_TECH","natural/randomized","VENUE0_CROSSING",3,7,33369.882764,0,0,33369.882764,0,15,33369.882764,0,0,0,46.290947125853876,14,0,0,0,0,0,"",0.020461419982470273,1,"EXACT_PASS",8421,8421,"NO_CROSS","MARKET:15"
"CONCENTRATED_TECH-035","CONCENTRATED_TECH","natural/randomized","VENUE0_FULL",3,7,33369.882764,0,0,33369.882764,0,15,33369.882764,0,0,0,23.486969183287,7,15.961686402033875,0,0,0,0,"",0.020461419982470273,1,"EXACT_PASS",8421,8421,"NO_CROSS","LIMIT:9 EXECUTE_NOW:6"
"CONCENTRATED_TECH-036","CONCENTRATED_TECH","natural/randomized","MARKET_ONLY",5,7,69382.251583,0,0,69382.251583,0,25,69382.251583,0,0,0,112.61122888572255,16,0,3,952.2800000000001,952.2799920000001,-0.000007999999979801942,-8.400890473182196e-9,0.19712882214031793,0,"n/a",6452,"","MARKET_ONLY","MARKET:25"
"CONCENTRATED_TECH-036","CONCENTRATED_TECH","natural/randomized","BILATERAL_ONLY",5,7,69382.251583,952.2800000000001,0.013725123908105154,68429.971583,0.006256999999990853,23,68429.965326,0,0,0,110.99950477833745,16,0,3,952.2800000000001,952.2799920000001,-0.000007999999979801942,-8.400890473182196e-9,0.19712882214031793,0.48,"n/a",6452,6364,"CROSSED_BILATERAL","MARKET:23"
"CONCENTRATED_TECH-036","CONCENTRATED_TECH","natural/randomized","VENUE0_CROSSING",5,7,69382.251583,952.2799920000001,0.013725123792801892,68429.97159100001,0.006258999999985804,23,68429.96533199999,0,0,0,110.99950479131194,16,0,3,952.2800000000001,952.2799920000001,-0.000007999999979801942,-8.400890473182196e-9,0.19712882214031793,1,"EXACT_PASS",6452,6364,"PARTIAL_CROSS","MARKET:23"
"CONCENTRATED_TECH-036","CONCENTRATED_TECH","natural/randomized","VENUE0_FULL",5,7,69382.251583,952.2799920000001,0.013725123792801892,68429.97159100001,0.006258999999985804,23,68429.96533199999,0,0,0,62.26549005134334,9,46.95572467591934,3,952.2800000000001,952.2799920000001,-0.000007999999979801942,-8.400890473182196e-9,0.19712882214031793,1,"EXACT_PASS",6452,6364,"PARTIAL_CROSS","LIMIT:13 EXECUTE_NOW:10"
"CONCENTRATED_TECH-037","CONCENTRATED_TECH","natural/randomized","MARKET_ONLY",8,7,127421.28729100002,0,0,127421.28729100002,0,36,127421.28729100002,0,0,0,137.85109619537707,11,0,6,19231.680000000008,22163.31998,2931.6399799999926,0.15243805949350195,0.3157685034692152,0,"n/a",8951,"","MARKET_ONLY","MARKET:36"
"CONCENTRATED_TECH-037","CONCENTRATED_TECH","natural/randomized","BILATERAL_ONLY",8,7,127421.28729100002,19231.680000000008,0.15092988313702568,108189.60729100002,0.011674000000049034,32,108189.59561700001,0,0,0,112.37749309846876,10,0,5,19231.680000000008,22163.31998,2931.6399799999926,0.15243805949350195,0.3157685034692152,0.58,"n/a",8951,7600,"CROSSED_BILATERAL","MARKET:32"
"CONCENTRATED_TECH-037","CONCENTRATED_TECH","natural/randomized","VENUE0_CROSSING",8,7,127421.28729100002,22163.31998,0.17393734164201488,105257.96731099997,0.034665000000295265,28,105257.93264599999,0,0,0,109.1392624028031,10,0,4,19231.680000000008,22163.31998,2931.6399799999926,0.15243805949350195,0.3157685034692152,1,"LP_PASS",8951,7394,"PARTIAL_CROSS","MARKET:28"
"CONCENTRATED_TECH-037","CONCENTRATED_TECH","natural/randomized","VENUE0_FULL",8,7,127421.28729100002,22163.31998,0.17393734164201488,105257.96731099997,0.034665000000295265,27,105253.139083,0,4.793563,0,54.28498115636815,5,38.58649610396024,4,19231.680000000008,22163.31998,2931.6399799999926,0.15243805949350195,0.3157685034692152,1,"LP_PASS",8951,7394,"PARTIAL_CROSS","LIMIT:13 EXECUTE_NOW:14 AGGREGATE:1"
"CONCENTRATED_TECH-038","CONCENTRATED_TECH","natural/randomized","MARKET_ONLY",9,7,161468.138496,0,0,161468.138496,0,43,161468.138496,0,0,0,245.78631669649616,15,0,4,11545.4,12644.279987,1098.8799870000003,0.09517903121589553,0.1935535954096245,0,"n/a",7963,"","MARKET_ONLY","MARKET:43"
"CONCENTRATED_TECH-038","CONCENTRATED_TECH","natural/randomized","BILATERAL_ONLY",9,7,161468.138496,11545.4,0.07150265128179459,149922.738496,0.03452700000027642,38,149922.70396900002,0,0,0,227.98489020709928,15,0,3,11545.4,12644.279987,1098.8799870000003,0.09517903121589553,0.1935535954096245,0.55,"n/a",7963,7394,"CROSSED_BILATERAL","MARKET:38"
"CONCENTRATED_TECH-038","CONCENTRATED_TECH","natural/randomized","VENUE0_CROSSING",9,7,161468.138496,12644.279987,0.07830820436016381,148823.858509,0.03390599999991428,38,148823.82460300002,0,0,0,226.72985911251425,15,0,3,11545.4,12644.279987,1098.8799870000003,0.09517903121589553,0.1935535954096245,1,"LP_PASS",7963,7339,"PARTIAL_CROSS","MARKET:38"
"CONCENTRATED_TECH-038","CONCENTRATED_TECH","natural/randomized","VENUE0_FULL",9,7,161468.138496,12644.279987,0.07830820436016381,148823.858509,0.03390599999991428,38,148823.82460300002,0,0,0,110.54205326198594,7,65.54385050196609,3,11545.4,12644.279987,1098.8799870000003,0.09517903121589553,0.1935535954096245,1,"LP_PASS",7963,7339,"PARTIAL_CROSS","EXECUTE_NOW:24 LIMIT:14"
"CONCENTRATED_TECH-039","CONCENTRATED_TECH","natural/randomized","MARKET_ONLY",5,7,211382.74196200006,0,0,211382.74196200006,0,28,211382.74196200006,0,0,0,333.1447719353028,16,0,9,29861.040000000005,31935.079982999996,2074.0399829999915,0.06945638808963088,0.2402867483814307,0,"n/a",8270,"","MARKET_ONLY","MARKET:28"
"CONCENTRATED_TECH-039","CONCENTRATED_TECH","natural/randomized","BILATERAL_ONLY",5,7,211382.74196200006,29861.040000000005,0.14126526944838325,181521.7019620001,0.02511599999934333,23,181521.67684600007,0,0,0,297.6673123150942,16,0,7,29861.040000000005,31935.079982999996,2074.0399829999915,0.06945638808963088,0.2402867483814307,0.74,"n/a",8270,7101,"CROSSED_BILATERAL","MARKET:23"
"CONCENTRATED_TECH-039","CONCENTRATED_TECH","natural/randomized","VENUE0_CROSSING",5,7,211382.74196200006,31935.079982999996,0.15107704482677642,179447.66197900003,0.03568799999948169,22,179447.62629100002,0,0,0,293.4605718073229,16,0,6,29861.040000000005,31935.079982999996,2074.0399829999915,0.06945638808963088,0.2402867483814307,1,"EXACT_PASS",8270,7020,"PARTIAL_CROSS","MARKET:22"
"CONCENTRATED_TECH-039","CONCENTRATED_TECH","natural/randomized","VENUE0_FULL",5,7,211382.74196200006,31935.079982999996,0.15107704482677642,179447.66197900003,0.03568799999948169,22,179447.62629100002,0,0,0,153.26739675177373,9,116.6647566483916,6,29861.040000000005,31935.079982999996,2074.0399829999915,0.06945638808963088,0.2402867483814307,1,"EXACT_PASS",8270,7020,"PARTIAL_CROSS","LIMIT:14 EXECUTE_NOW:8"
"HIGH_COMPLEMENTARITY-000","HIGH_COMPLEMENTARITY","constructed-positive","MARKET_ONLY",8,8,50659.658954000006,0,0,50659.658954000006,0,16,50659.658954000006,0,0,0,59.12138461831673,12,0,1,0,7945.019993999999,7945.019993999999,"",0.5793401077304852,0,"n/a",3976,"","MARKET_ONLY","MARKET:16"
"HIGH_COMPLEMENTARITY-000","HIGH_COMPLEMENTARITY","constructed-positive","BILATERAL_ONLY",8,8,50659.658954000006,0,0,50659.658954000006,0,16,50659.658954000006,0,0,0,59.12138461831673,12,0,1,0,7945.019993999999,7945.019993999999,"",0.5793401077304852,0.31,"n/a",3976,3976,"NO_CROSS","MARKET:16"
"HIGH_COMPLEMENTARITY-000","HIGH_COMPLEMENTARITY","constructed-positive","VENUE0_CROSSING",8,8,50659.658954000006,7945.019993999999,0.15683129649992783,42714.638960000004,0.01824799999985771,14,42714.620711999996,0,0,0,51.10410363495622,12,0,1,0,7945.019993999999,7945.019993999999,"",0.5793401077304852,1,"LP_PASS",3976,3352,"PARTIAL_CROSS","MARKET:14"
"HIGH_COMPLEMENTARITY-000","HIGH_COMPLEMENTARITY","constructed-positive","VENUE0_FULL",8,8,50659.658954000006,7945.019993999999,0.15683129649992783,42714.638960000004,0.01824799999985771,14,42714.620711999996,0,0,0,30.479435464808166,7,16.423100080202623,1,0,7945.019993999999,7945.019993999999,"",0.5793401077304852,1,"LP_PASS",3976,3352,"PARTIAL_CROSS","EXECUTE_NOW:9 LIMIT:5"
"HIGH_COMPLEMENTARITY-001","HIGH_COMPLEMENTARITY","constructed-positive","MARKET_ONLY",9,9,52748.62163900001,0,0,52748.62163900001,0,18,52748.62163900001,0,0,0,48.12786556968682,9,0,1,7585.4400000000005,7585.439996,-0.000004000000444648322,-5.273260937596661e-10,0.255820057865228,0,"n/a",3642,"","MARKET_ONLY","MARKET:18"
"HIGH_COMPLEMENTARITY-001","HIGH_COMPLEMENTARITY","constructed-positive","BILATERAL_ONLY",9,9,52748.62163900001,7585.4400000000005,0.14380356802331418,45163.18163900001,0.01466199999958917,16,45163.16697700001,0,0,0,44.503671497896875,10,0,1,7585.4400000000005,7585.439996,-0.000004000000444648322,-5.273260937596661e-10,0.255820057865228,0.31,"n/a",3642,3118,"CROSSED_BILATERAL","MARKET:16"
"HIGH_COMPLEMENTARITY-001","HIGH_COMPLEMENTARITY","constructed-positive","VENUE0_CROSSING",9,9,52748.62163900001,7585.439996,0.1438035679474828,45163.181643,0.014663999999811494,16,45163.16697900001,0,0,0,44.503671499615876,10,0,1,7585.4400000000005,7585.439996,-0.000004000000444648322,-5.273260937596661e-10,0.255820057865228,1,"LP_PASS",3642,3118,"PARTIAL_CROSS","MARKET:16"
"HIGH_COMPLEMENTARITY-001","HIGH_COMPLEMENTARITY","constructed-positive","VENUE0_FULL",9,9,52748.62163900001,7585.439996,0.1438035679474828,45163.181643,0.014663999999811494,16,45163.16697900001,0,0,0,35.64262537545345,8,18.97954327258153,1,7585.4400000000005,7585.439996,-0.000004000000444648322,-5.273260937596661e-10,0.255820057865228,1,"LP_PASS",3642,3118,"PARTIAL_CROSS","LIMIT:5 EXECUTE_NOW:11"
"HIGH_COMPLEMENTARITY-002","HIGH_COMPLEMENTARITY","constructed-positive","MARKET_ONLY",5,5,14943.420719000002,0,0,14943.420719000002,0,10,14943.420719000002,0,0,0,15.044475184070544,10,0,1,0,4405.839992,4405.839992,"",0.3217229154156962,0,"n/a",4219,"","MARKET_ONLY","MARKET:10"
"HIGH_COMPLEMENTARITY-002","HIGH_COMPLEMENTARITY","constructed-positive","BILATERAL_ONLY",5,5,14943.420719000002,0,0,14943.420719000002,0,10,14943.420719000002,0,0,0,15.044475184070544,10,0,1,0,4405.839992,4405.839992,"",0.3217229154156962,0.27,"n/a",4219,4219,"NO_CROSS","MARKET:10"
"HIGH_COMPLEMENTARITY-002","HIGH_COMPLEMENTARITY","constructed-positive","VENUE0_CROSSING",5,5,14943.420719000002,4405.839992,0.29483476874863995,10537.580726999997,0.01091899999994439,8,10537.569807999997,0,0,0,9.808208289045737,9,0,1,0,4405.839992,4405.839992,"",0.3217229154156962,1,"EXACT_PASS",4219,2975,"PARTIAL_CROSS","MARKET:8"
"HIGH_COMPLEMENTARITY-002","HIGH_COMPLEMENTARITY","constructed-positive","VENUE0_FULL",5,5,14943.420719000002,4405.839992,0.29483476874863995,10537.580726999997,0.01091899999994439,8,10537.569807999997,0,0,0,7.4516093455670545,7,5.657967001548625,1,0,4405.839992,4405.839992,"",0.3217229154156962,1,"EXACT_PASS",4219,2975,"PARTIAL_CROSS","EXECUTE_NOW:5 LIMIT:3"
"HIGH_COMPLEMENTARITY-003","HIGH_COMPLEMENTARITY","constructed-positive","MARKET_ONLY",5,5,21465.528164999996,0,0,21465.528164999996,0,10,21465.528164999996,0,0,0,11.970503535594995,6,0,0,0,4942.499994,4942.499994,"",0.5047047461736659,0,"n/a",3692,"","MARKET_ONLY","MARKET:10"
"HIGH_COMPLEMENTARITY-003","HIGH_COMPLEMENTARITY","constructed-positive","BILATERAL_ONLY",5,5,21465.528164999996,0,0,21465.528164999996,0,10,21465.528164999996,0,0,0,11.970503535594995,6,0,0,0,4942.499994,4942.499994,"",0.5047047461736659,0.28,"n/a",3692,3692,"NO_CROSS","MARKET:10"
"HIGH_COMPLEMENTARITY-003","HIGH_COMPLEMENTARITY","constructed-positive","VENUE0_CROSSING",5,5,21465.528164999996,4942.499994,0.23025289459491857,16523.028170999998,0.019620000000031723,8,16523.008551,0,0,0,6.82946638273712,4,0,0,0,4942.499994,4942.499994,"",0.5047047461736659,1,"EXACT_PASS",3692,2842,"PARTIAL_CROSS","MARKET:8"
"HIGH_COMPLEMENTARITY-003","HIGH_COMPLEMENTARITY","constructed-positive","VENUE0_FULL",5,5,21465.528164999996,4942.499994,0.23025289459491857,16523.028170999998,0.019620000000031723,8,16523.008551,0,0,0,6.022339710477494,4,0.30913621586634643,0,0,4942.499994,4942.499994,"",0.5047047461736659,1,"EXACT_PASS",3692,2842,"PARTIAL_CROSS","EXECUTE_NOW:5 LIMIT:3"
"HIGH_COMPLEMENTARITY-004","HIGH_COMPLEMENTARITY","constructed-positive","MARKET_ONLY",8,8,59968.68328600001,0,0,59968.68328600001,0,16,59968.68328600001,0,0,0,66.19876714006017,11,0,1,0,3108.319992,3108.319992,"",0.32543244791496123,0,"n/a",3978,"","MARKET_ONLY","MARKET:16"
"HIGH_COMPLEMENTARITY-004","HIGH_COMPLEMENTARITY","constructed-positive","BILATERAL_ONLY",8,8,59968.68328600001,0,0,59968.68328600001,0,16,59968.68328600001,0,0,0,66.19876714006017,11,0,1,0,3108.319992,3108.319992,"",0.32543244791496123,0.25,"n/a",3978,3978,"NO_CROSS","MARKET:16"
"HIGH_COMPLEMENTARITY-004","HIGH_COMPLEMENTARITY","constructed-positive","VENUE0_CROSSING",8,8,59968.68328600001,3108.319992,0.05183238686725765,56860.363294,0.00989799999990737,14,56860.353396,0,0,0,62.9015546123218,11,0,0,0,3108.319992,3108.319992,"",0.32543244791496123,1,"LP_PASS",3978,3772,"PARTIAL_CROSS","MARKET:14"
"HIGH_COMPLEMENTARITY-004","HIGH_COMPLEMENTARITY","constructed-positive","VENUE0_FULL",8,8,59968.68328600001,3108.319992,0.05183238686725765,56860.363294,0.00989799999990737,14,56860.353396,0,0,0,31.295562211915897,6,30.946784543376335,0,0,3108.319992,3108.319992,"",0.32543244791496123,1,"LP_PASS",3978,3772,"PARTIAL_CROSS","LIMIT:9 EXECUTE_NOW:5"
"HIGH_COMPLEMENTARITY-005","HIGH_COMPLEMENTARITY","constructed-positive","MARKET_ONLY",4,4,17895.83963,0,0,17895.83963,0,8,17895.83963,0,0,0,24.02398606272175,13,0,1,2266.44,2266.439996,-0.000003999999989900971,-1.7648823661341005e-9,0.35092514460580243,0,"n/a",4173,"","MARKET_ONLY","MARKET:8"
"HIGH_COMPLEMENTARITY-005","HIGH_COMPLEMENTARITY","constructed-positive","BILATERAL_ONLY",4,4,17895.83963,2266.44,0.1266461952531478,15629.39963,0.01490899999987505,6,15629.384721,0,0,0,23.300092693532054,15,0,1,2266.44,2266.439996,-0.000003999999989900971,-1.7648823661341005e-9,0.35092514460580243,0.23,"n/a",4173,3644,"CROSSED_BILATERAL","MARKET:6"
"HIGH_COMPLEMENTARITY-005","HIGH_COMPLEMENTARITY","constructed-positive","VENUE0_CROSSING",4,4,17895.83963,2266.439996,0.12664619502963215,15629.399634,0.01491099999987,6,15629.384723,0,0,0,23.300092694071136,15,0,1,2266.44,2266.439996,-0.000003999999989900971,-1.7648823661341005e-9,0.35092514460580243,0,"EXACT_PASS",4173,3644,"PARTIAL_CROSS","MARKET:6"
"HIGH_COMPLEMENTARITY-005","HIGH_COMPLEMENTARITY","constructed-positive","VENUE0_FULL",4,4,17895.83963,2266.439996,0.12664619502963215,15629.399634,0.01491099999987,6,15629.384723,0,0,0,14.36893150968928,9,13.633756816802666,1,2266.44,2266.439996,-0.000003999999989900971,-1.7648823661341005e-9,0.35092514460580243,0,"EXACT_PASS",4173,3644,"PARTIAL_CROSS","EXECUTE_NOW:3 LIMIT:3"
"HIGH_COMPLEMENTARITY-006","HIGH_COMPLEMENTARITY","constructed-positive","MARKET_ONLY",9,9,57613.42942,0,0,57613.42942,0,18,57613.42942,0,0,0,55.730595612118535,10,0,1,3045.92,3045.919996,-0.000003999999989900971,-1.3132321235951604e-9,0.26904689503900736,0,"n/a",3887,"","MARKET_ONLY","MARKET:18"
"HIGH_COMPLEMENTARITY-006","HIGH_COMPLEMENTARITY","constructed-positive","BILATERAL_ONLY",9,9,57613.42942,3045.92,0.052868229346240504,54567.50941999999,0.0036939999999958673,16,54567.50572599999,0,0,0,53.251255142274026,10,0,0,3045.92,3045.919996,-0.000003999999989900971,-1.3132321235951604e-9,0.26904689503900736,0.28,"n/a",3887,3681,"CROSSED_BILATERAL","MARKET:16"
"HIGH_COMPLEMENTARITY-006","HIGH_COMPLEMENTARITY","constructed-positive","VENUE0_CROSSING",9,9,57613.42942,3045.919996,0.05286822927681225,54567.50942399999,0.0036959999999908177,16,54567.50572799999,0,0,0,53.251255141723014,10,0,0,3045.92,3045.919996,-0.000003999999989900971,-1.3132321235951604e-9,0.26904689503900736,1,"LP_PASS",3887,3681,"PARTIAL_CROSS","MARKET:16"
"HIGH_COMPLEMENTARITY-006","HIGH_COMPLEMENTARITY","constructed-positive","VENUE0_FULL",9,9,57613.42942,3045.919996,0.05286822927681225,54567.50942399999,0.0036959999999908177,16,54567.50572799999,0,0,0,28.196061738247796,5,13.59777829941096,0,3045.92,3045.919996,-0.000003999999989900971,-1.3132321235951604e-9,0.26904689503900736,1,"LP_PASS",3887,3681,"PARTIAL_CROSS","EXECUTE_NOW:10 LIMIT:6"
"HIGH_COMPLEMENTARITY-007","HIGH_COMPLEMENTARITY","constructed-positive","MARKET_ONLY",3,3,5130.621775,0,0,5130.621775,0,6,5130.621775,0,0,0,2.0392297018758576,4,0,0,0,3806.699994,3806.699994,"",0.7605816540627768,0,"n/a",3177,"","MARKET_ONLY","MARKET:6"
"HIGH_COMPLEMENTARITY-007","HIGH_COMPLEMENTARITY","constructed-positive","BILATERAL_ONLY",3,3,5130.621775,0,0,5130.621775,0,6,5130.621775,0,0,0,2.0392297018758576,4,0,0,0,3806.699994,3806.699994,"",0.7605816540627768,0.24,"n/a",3177,3177,"NO_CROSS","MARKET:6"
"HIGH_COMPLEMENTARITY-007","HIGH_COMPLEMENTARITY","constructed-positive","VENUE0_CROSSING",3,3,5130.621775,3806.699994,0.7419568545373821,1323.9217809999996,0.017256999999858635,4,1323.9045239999996,0,0,0,-0.5547600905543659,-4,0,0,0,3806.699994,3806.699994,"",0.7605816540627768,0,"EXACT_PASS",3177,819,"PARTIAL_CROSS","MARKET:4"
"HIGH_COMPLEMENTARITY-007","HIGH_COMPLEMENTARITY","constructed-positive","VENUE0_FULL",3,3,5130.621775,3806.699994,0.7419568545373821,1323.9217809999996,0.017256999999858635,4,1323.9045239999996,0,0,0,-0.5564529643312102,-4,-0.5047203280658068,0,0,3806.699994,3806.699994,"",0.7605816540627768,0,"EXACT_PASS",3177,819,"PARTIAL_CROSS","EXECUTE_NOW:3 LIMIT:1"
"HIGH_COMPLEMENTARITY-008","HIGH_COMPLEMENTARITY","constructed-positive","MARKET_ONLY",9,9,65310.93780299999,0,0,65310.93780299999,0,18,65310.93780299999,0,0,0,92.24123230979467,14,0,0,0,8257.019988,8257.019988,"",0.4554855819362243,0,"n/a",4399,"","MARKET_ONLY","MARKET:18"
"HIGH_COMPLEMENTARITY-008","HIGH_COMPLEMENTARITY","constructed-positive","BILATERAL_ONLY",9,9,65310.93780299999,0,0,65310.93780299999,0,18,65310.93780299999,0,0,0,92.24123230979467,14,0,0,0,8257.019988,8257.019988,"",0.4554855819362243,0.26,"n/a",4399,4399,"NO_CROSS","MARKET:18"
"HIGH_COMPLEMENTARITY-008","HIGH_COMPLEMENTARITY","constructed-positive","VENUE0_CROSSING",9,9,65310.93780299999,8257.019988,0.12642629650956752,57053.917815,0.006484999999997854,14,57053.911329999995,0,0,0,77.9936193823955,14,0,0,0,8257.019988,8257.019988,"",0.4554855819362243,1,"LP_PASS",4399,3843,"PARTIAL_CROSS","MARKET:14"
"HIGH_COMPLEMENTARITY-008","HIGH_COMPLEMENTARITY","constructed-positive","VENUE0_FULL",9,9,65310.93780299999,8257.019988,0.12642629650956752,57053.917815,0.006484999999997854,14,57053.911329999995,0,0,0,43.75598235955032,8,34.79543034006555,0,0,8257.019988,8257.019988,"",0.4554855819362243,1,"LP_PASS",4399,3843,"PARTIAL_CROSS","EXECUTE_NOW:7 LIMIT:7"
"HIGH_COMPLEMENTARITY-009","HIGH_COMPLEMENTARITY","constructed-positive","MARKET_ONLY",5,5,29915.775846999997,0,0,29915.775846999997,0,10,29915.775846999997,0,0,0,34.29436828030894,11,0,0,2014.64,2014.639996,-0.000003999999989900971,-1.9854663810412634e-9,0.2974219571474783,0,"n/a",3709,"","MARKET_ONLY","MARKET:10"
"HIGH_COMPLEMENTARITY-009","HIGH_COMPLEMENTARITY","constructed-positive","BILATERAL_ONLY",5,5,29915.775846999997,2014.64,0.06734373229374332,27901.135846999998,0.014760999999907654,8,27901.121085999996,0,0,0,32.132190575601214,12,0,0,2014.64,2014.639996,-0.000003999999989900971,-1.9854663810412634e-9,0.2974219571474783,0.24,"n/a",3709,3459,"CROSSED_BILATERAL","MARKET:8"
"HIGH_COMPLEMENTARITY-009","HIGH_COMPLEMENTARITY","constructed-positive","VENUE0_CROSSING",5,5,29915.775846999997,2014.639996,0.0673437321600346,27901.135850999995,0.014762999999902604,8,27901.121087999996,0,0,0,32.13219057870503,12,0,0,2014.64,2014.639996,-0.000003999999989900971,-1.9854663810412634e-9,0.2974219571474783,1,"EXACT_PASS",3709,3459,"PARTIAL_CROSS","MARKET:8"
"HIGH_COMPLEMENTARITY-009","HIGH_COMPLEMENTARITY","constructed-positive","VENUE0_FULL",5,5,29915.775846999997,2014.639996,0.0673437321600346,27901.135850999995,0.014762999999902604,8,27901.121087999996,0,0,0,16.07440671047279,6,12.717371073594306,0,2014.64,2014.639996,-0.000003999999989900971,-1.9854663810412634e-9,0.2974219571474783,1,"EXACT_PASS",3709,3459,"PARTIAL_CROSS","EXECUTE_NOW:5 LIMIT:3"
"HIGH_COMPLEMENTARITY-010","HIGH_COMPLEMENTARITY","constructed-positive","MARKET_ONLY",5,5,30522.676711,0,0,30522.676711,0,10,30522.676711,0,0,0,26.992080042948825,9,0,0,6517,6516.999991999998,-0.000008000001798791345,-1.2275589686652364e-9,0.29898944500863894,0,"n/a",4557,"","MARKET_ONLY","MARKET:10"
"HIGH_COMPLEMENTARITY-010","HIGH_COMPLEMENTARITY","constructed-positive","BILATERAL_ONLY",5,5,30522.676711,6517,0.21351338421939098,24005.676711,0.036825999999905434,6,24005.639885,0,0,0,20.26554988545658,8,0,0,6517,6516.999991999998,-0.000008000001798791345,-1.2275589686652364e-9,0.29898944500863894,0.4,"n/a",4557,3584,"CROSSED_BILATERAL","MARKET:6"
"HIGH_COMPLEMENTARITY-010","HIGH_COMPLEMENTARITY","constructed-positive","VENUE0_CROSSING",5,5,30522.676711,6516.999991999998,0.21351338395729072,24005.676719000003,0.03683000000012271,6,24005.639889000002,0,0,0,20.265549887008333,8,0,0,6517,6516.999991999998,-0.000008000001798791345,-1.2275589686652364e-9,0.29898944500863894,1,"EXACT_PASS",4557,3584,"PARTIAL_CROSS","MARKET:6"
"HIGH_COMPLEMENTARITY-010","HIGH_COMPLEMENTARITY","constructed-positive","VENUE0_FULL",5,5,30522.676711,6516.999991999998,0.21351338395729072,24005.676719000003,0.03683000000012271,6,24005.639889000002,0,0,0,13.847732999455342,6,0.4590718211985454,0,6517,6516.999991999998,-0.000008000001798791345,-1.2275589686652364e-9,0.29898944500863894,1,"EXACT_PASS",4557,3584,"PARTIAL_CROSS","EXECUTE_NOW:3 LIMIT:3"
"HIGH_COMPLEMENTARITY-011","HIGH_COMPLEMENTARITY","constructed-positive","MARKET_ONLY",7,7,40484.157653,0,0,40484.157653,0,14,40484.157653,0,0,0,39.66701193190738,10,0,1,1871.3600000000001,1871.359996,-0.000004000000217274646,-2.137483016242009e-9,0.2655528231103838,0,"n/a",4225,"","MARKET_ONLY","MARKET:14"
"HIGH_COMPLEMENTARITY-011","HIGH_COMPLEMENTARITY","constructed-positive","BILATERAL_ONLY",7,7,40484.157653,1871.3600000000001,0.046224501347907544,38612.797653,0.0005799999998998828,12,38612.797073,0,0,0,38.08311837316166,10,0,1,1871.3600000000001,1871.359996,-0.000004000000217274646,-2.137483016242009e-9,0.2655528231103838,0.27,"n/a",4225,4029,"CROSSED_BILATERAL","MARKET:12"
"HIGH_COMPLEMENTARITY-011","HIGH_COMPLEMENTARITY","constructed-positive","VENUE0_CROSSING",7,7,40484.157653,1871.359996,0.04622450124910346,38612.797657,0.0005820000000085201,12,38612.797075,0,0,0,38.08311837541701,10,0,1,1871.3600000000001,1871.359996,-0.000004000000217274646,-2.137483016242009e-9,0.2655528231103838,1,"LP_PASS",4225,4029,"PARTIAL_CROSS","MARKET:12"
"HIGH_COMPLEMENTARITY-011","HIGH_COMPLEMENTARITY","constructed-positive","VENUE0_FULL",7,7,40484.157653,1871.359996,0.04622450124910346,38612.797657,0.0005820000000085201,12,38612.797075,0,0,0,23.49965974780741,6,15.799864045941426,1,1871.3600000000001,1871.359996,-0.000004000000217274646,-2.137483016242009e-9,0.2655528231103838,1,"LP_PASS",4225,4029,"PARTIAL_CROSS","EXECUTE_NOW:6 LIMIT:6"
"HIGH_COMPLEMENTARITY-012","HIGH_COMPLEMENTARITY","constructed-positive","MARKET_ONLY",5,5,25430.645705,0,0,25430.645705,0,10,25430.645705,0,0,0,15.961428859585151,6,0,1,0,4556.479992,4556.479992,"",0.3058725989985632,0,"n/a",3860,"","MARKET_ONLY","MARKET:10"
"HIGH_COMPLEMENTARITY-012","HIGH_COMPLEMENTARITY","constructed-positive","BILATERAL_ONLY",5,5,25430.645705,0,0,25430.645705,0,10,25430.645705,0,0,0,15.961428859585151,6,0,1,0,4556.479992,4556.479992,"",0.3058725989985632,0.33,"n/a",3860,3860,"NO_CROSS","MARKET:10"
"HIGH_COMPLEMENTARITY-012","HIGH_COMPLEMENTARITY","constructed-positive","VENUE0_CROSSING",5,5,25430.645705,4556.479992,0.17917279981231998,20874.165713,0.018078000000059546,8,20874.147634999998,0,0,0,12.394492751629919,6,0,0,0,4556.479992,4556.479992,"",0.3058725989985632,1,"EXACT_PASS",3860,3168,"PARTIAL_CROSS","MARKET:8"
"HIGH_COMPLEMENTARITY-012","HIGH_COMPLEMENTARITY","constructed-positive","VENUE0_FULL",5,5,25430.645705,4556.479992,0.17917279981231998,20874.165713,0.018078000000059546,8,20874.147634999998,0,0,0,5.907043659064694,3,0.4477082213660668,0,0,4556.479992,4556.479992,"",0.3058725989985632,1,"EXACT_PASS",3860,3168,"PARTIAL_CROSS","LIMIT:4 EXECUTE_NOW:4"
"HIGH_COMPLEMENTARITY-013","HIGH_COMPLEMENTARITY","constructed-positive","MARKET_ONLY",5,5,18751.314976,0,0,18751.314976,0,10,18751.314976,0,0,0,25.946052820031976,14,0,1,3079.84,3079.839996,-0.000003999999989900971,-1.2987687639296101e-9,0.40957001510719004,0,"n/a",3570,"","MARKET_ONLY","MARKET:10"
"HIGH_COMPLEMENTARITY-013","HIGH_COMPLEMENTARITY","constructed-positive","BILATERAL_ONLY",5,5,18751.314976,3079.84,0.16424661438101373,15671.474976000001,0.007738000000017564,8,15671.467238000001,0,0,0,17.84218604368851,11,0,1,3079.84,3079.839996,-0.000003999999989900971,-1.2987687639296101e-9,0.40957001510719004,0.28,"n/a",3570,2983,"CROSSED_BILATERAL","MARKET:8"
"HIGH_COMPLEMENTARITY-013","HIGH_COMPLEMENTARITY","constructed-positive","VENUE0_CROSSING",5,5,18751.314976,3079.839996,0.16424661416769537,15671.474979999999,0.007740000000012515,8,15671.467240000002,0,0,0,17.842186046553334,11,0,1,3079.84,3079.839996,-0.000003999999989900971,-1.2987687639296101e-9,0.40957001510719004,1,"EXACT_PASS",3570,2983,"PARTIAL_CROSS","MARKET:8"
"HIGH_COMPLEMENTARITY-013","HIGH_COMPLEMENTARITY","constructed-positive","VENUE0_FULL",5,5,18751.314976,3079.839996,0.16424661416769537,15671.474979999999,0.007740000000012515,8,15671.467240000002,0,0,0,10.718957628861915,7,8.485112962786603,1,3079.84,3079.839996,-0.000003999999989900971,-1.2987687639296101e-9,0.40957001510719004,1,"EXACT_PASS",3570,2983,"PARTIAL_CROSS","EXECUTE_NOW:4 LIMIT:4"
"HIGH_COMPLEMENTARITY-014","HIGH_COMPLEMENTARITY","constructed-positive","MARKET_ONLY",8,8,32433.81334100001,0,0,32433.81334100001,0,16,32433.81334100001,0,0,0,32.33106094621667,10,0,1,0,5675.819994,5675.819994,"",0.46825225132567605,0,"n/a",4169,"","MARKET_ONLY","MARKET:16"
"HIGH_COMPLEMENTARITY-014","HIGH_COMPLEMENTARITY","constructed-positive","BILATERAL_ONLY",8,8,32433.81334100001,0,0,32433.81334100001,0,16,32433.81334100001,0,0,0,32.33106094621667,10,0,1,0,5675.819994,5675.819994,"",0.46825225132567605,0.28,"n/a",4169,4169,"NO_CROSS","MARKET:16"
"HIGH_COMPLEMENTARITY-014","HIGH_COMPLEMENTARITY","constructed-positive","VENUE0_CROSSING",8,8,32433.81334100001,5675.819994,0.17499699879030636,26757.993347000003,0.012791999999990367,14,26757.980555000002,0,0,0,26.73550397100896,10,0,1,0,5675.819994,5675.819994,"",0.46825225132567605,1,"LP_PASS",4169,3440,"PARTIAL_CROSS","MARKET:14"
"HIGH_COMPLEMENTARITY-014","HIGH_COMPLEMENTARITY","constructed-positive","VENUE0_FULL",8,8,32433.81334100001,5675.819994,0.17499699879030636,26757.993347000003,0.012791999999990367,14,26757.980555000002,0,0,0,12.350177372205955,5,10.521961878654576,1,0,5675.819994,5675.819994,"",0.46825225132567605,1,"LP_PASS",4169,3440,"PARTIAL_CROSS","EXECUTE_NOW:6 LIMIT:8"
"HIGH_COMPLEMENTARITY-015","HIGH_COMPLEMENTARITY","constructed-positive","MARKET_ONLY",5,5,28893.543159,0,0,28893.543159,0,10,28893.543159,0,0,0,8.676754761969816,3,0,0,0,4404.419994000001,4404.419994000001,"",0.23550603013810187,0,"n/a",4351,"","MARKET_ONLY","MARKET:10"
"HIGH_COMPLEMENTARITY-015","HIGH_COMPLEMENTARITY","constructed-positive","BILATERAL_ONLY",5,5,28893.543159,0,0,28893.543159,0,10,28893.543159,0,0,0,8.676754761969816,3,0,0,0,4404.419994000001,4404.419994000001,"",0.23550603013810187,0.25,"n/a",4351,4351,"NO_CROSS","MARKET:10"
"HIGH_COMPLEMENTARITY-015","HIGH_COMPLEMENTARITY","constructed-positive","VENUE0_CROSSING",5,5,28893.543159,4404.419994000001,0.15243613321366145,24489.123165000005,0.005055999999967753,8,24489.118109000003,0,0,0,6.40630438921654,3,0,0,0,4404.419994000001,4404.419994000001,"",0.23550603013810187,1,"EXACT_PASS",4351,3687,"PARTIAL_CROSS","MARKET:8"
"HIGH_COMPLEMENTARITY-015","HIGH_COMPLEMENTARITY","constructed-positive","VENUE0_FULL",5,5,28893.543159,4404.419994000001,0.15243613321366145,24489.123165000005,0.005055999999967753,8,24489.118109000003,0,0,0,2.0461980772872304,1,-5.163813593259743,0,0,4404.419994000001,4404.419994000001,"",0.23550603013810187,1,"EXACT_PASS",4351,3687,"PARTIAL_CROSS","EXECUTE_NOW:5 LIMIT:3"
"HIGH_COMPLEMENTARITY-016","HIGH_COMPLEMENTARITY","constructed-positive","MARKET_ONLY",8,8,34869.80946900001,0,0,34869.80946900001,0,16,34869.80946900001,0,0,0,39.63294340556164,11,0,0,0,8206.919987999998,8206.919987999998,"",0.42115480134916705,0,"n/a",3875,"","MARKET_ONLY","MARKET:16"
"HIGH_COMPLEMENTARITY-016","HIGH_COMPLEMENTARITY","constructed-positive","BILATERAL_ONLY",8,8,34869.80946900001,0,0,34869.80946900001,0,16,34869.80946900001,0,0,0,39.63294340556164,11,0,0,0,8206.919987999998,8206.919987999998,"",0.42115480134916705,0.25,"n/a",3875,3875,"NO_CROSS","MARKET:16"
"HIGH_COMPLEMENTARITY-016","HIGH_COMPLEMENTARITY","constructed-positive","VENUE0_CROSSING",8,8,34869.80946900001,8206.919987999998,0.23535889966063972,26662.889481000006,0.015540000000100918,14,26662.873941000005,0,0,0,25.630886493711717,10,0,0,0,8206.919987999998,8206.919987999998,"",0.42115480134916705,1,"LP_PASS",3875,2963,"PARTIAL_CROSS","MARKET:14"
"HIGH_COMPLEMENTARITY-016","HIGH_COMPLEMENTARITY","constructed-positive","VENUE0_FULL",8,8,34869.80946900001,8206.919987999998,0.23535889966063972,26662.889481000006,0.015540000000100918,13,26657.563835000004,0,5.310106000000019,0,16.83517762411354,6,9.8739885664053,0,0,8206.919987999998,8206.919987999998,"",0.42115480134916705,1,"LP_PASS",3875,2963,"PARTIAL_CROSS","EXECUTE_NOW:7 LIMIT:6 AGGREGATE:1"
"HIGH_COMPLEMENTARITY-017","HIGH_COMPLEMENTARITY","constructed-positive","MARKET_ONLY",8,8,45243.634594,0,0,45243.634594,0,16,45243.634594,0,0,0,56.07921043722904,12,0,1,0,4578.559992000001,4578.559992000001,"",0.24968172967027916,0,"n/a",4446,"","MARKET_ONLY","MARKET:16"
"HIGH_COMPLEMENTARITY-017","HIGH_COMPLEMENTARITY","constructed-positive","BILATERAL_ONLY",8,8,45243.634594,0,0,45243.634594,0,16,45243.634594,0,0,0,56.07921043722904,12,0,1,0,4578.559992000001,4578.559992000001,"",0.24968172967027916,0.25,"n/a",4446,4446,"NO_CROSS","MARKET:16"
"HIGH_COMPLEMENTARITY-017","HIGH_COMPLEMENTARITY","constructed-positive","VENUE0_CROSSING",8,8,45243.634594,4578.559992000001,0.10119788193601909,40665.074602,0.003047999999807871,14,40665.071554,0,0,0,50.55685095559913,12,0,1,0,4578.559992000001,4578.559992000001,"",0.24968172967027916,1,"LP_PASS",4446,3996,"PARTIAL_CROSS","MARKET:14"
"HIGH_COMPLEMENTARITY-017","HIGH_COMPLEMENTARITY","constructed-positive","VENUE0_FULL",8,8,45243.634594,4578.559992000001,0.10119788193601909,40665.074602,0.003047999999807871,14,40665.071554,0,0,0,31.394553860867624,8,14.729233426531158,1,0,4578.559992000001,4578.559992000001,"",0.24968172967027916,1,"LP_PASS",4446,3996,"PARTIAL_CROSS","EXECUTE_NOW:10 LIMIT:4"
"HIGH_COMPLEMENTARITY-018","HIGH_COMPLEMENTARITY","constructed-positive","MARKET_ONLY",7,7,42300.24342299999,0,0,42300.24342299999,0,14,42300.24342299999,0,0,0,45.091343551359024,11,0,0,8082.08,8082.079996,-0.00000399999953515362,-4.949220417458897e-10,0.4340473114633878,0,"n/a",3549,"","MARKET_ONLY","MARKET:14"
"HIGH_COMPLEMENTARITY-018","HIGH_COMPLEMENTARITY","constructed-positive","BILATERAL_ONLY",7,7,42300.24342299999,8082.08,0.19106462152427037,34218.163423,0.015652999999929307,12,34218.147769999996,0,0,0,36.533459512692204,11,0,0,8082.08,8082.079996,-0.00000399999953515362,-4.949220417458897e-10,0.4340473114633878,0.24,"n/a",3549,2871,"CROSSED_BILATERAL","MARKET:12"
"HIGH_COMPLEMENTARITY-018","HIGH_COMPLEMENTARITY","constructed-positive","VENUE0_CROSSING",7,7,42300.24342299999,8082.079996,0.19106462142970826,34218.163427,0.015654999999696884,12,34218.147772,0,0,0,36.53345951552045,11,0,0,8082.08,8082.079996,-0.00000399999953515362,-4.949220417458897e-10,0.4340473114633878,1,"LP_PASS",3549,2871,"PARTIAL_CROSS","MARKET:12"
"HIGH_COMPLEMENTARITY-018","HIGH_COMPLEMENTARITY","constructed-positive","VENUE0_FULL",7,7,42300.24342299999,8082.079996,0.19106462142970826,34218.163427,0.015654999999696884,12,34218.147772,0,0,0,25.38412815236599,7,14.062078015633816,0,8082.08,8082.079996,-0.00000399999953515362,-4.949220417458897e-10,0.4340473114633878,1,"LP_PASS",3549,2871,"PARTIAL_CROSS","EXECUTE_NOW:7 LIMIT:5"
"HIGH_COMPLEMENTARITY-019","HIGH_COMPLEMENTARITY","constructed-positive","MARKET_ONLY",8,8,30633.453954,0,0,30633.453954,0,16,30633.453954,0,0,0,26.82209294497923,9,0,1,0,5399.759992,5399.759992,"",0.3404891570393107,0,"n/a",3922,"","MARKET_ONLY","MARKET:16"
"HIGH_COMPLEMENTARITY-019","HIGH_COMPLEMENTARITY","constructed-positive","BILATERAL_ONLY",8,8,30633.453954,0,0,30633.453954,0,16,30633.453954,0,0,0,26.82209294497923,9,0,1,0,5399.759992,5399.759992,"",0.3404891570393107,0.25,"n/a",3922,3922,"NO_CROSS","MARKET:16"
"HIGH_COMPLEMENTARITY-019","HIGH_COMPLEMENTARITY","constructed-positive","VENUE0_CROSSING",8,8,30633.453954,5399.759992,0.17627003471787484,25233.693961999998,0.009995000000003529,14,25233.683966999997,0,0,0,21.400363747698794,8,0,1,0,5399.759992,5399.759992,"",0.3404891570393107,1,"LP_PASS",3922,3230,"PARTIAL_CROSS","MARKET:14"
"HIGH_COMPLEMENTARITY-019","HIGH_COMPLEMENTARITY","constructed-positive","VENUE0_FULL",8,8,30633.453954,5399.759992,0.17627003471787484,25233.693961999998,0.009995000000003529,14,25233.683966999997,0,0,0,15.74029036234948,6,11.065576982422586,1,0,5399.759992,5399.759992,"",0.3404891570393107,1,"LP_PASS",3922,3230,"PARTIAL_CROSS","LIMIT:5 EXECUTE_NOW:9"
"HIGH_COMPLEMENTARITY-020","HIGH_COMPLEMENTARITY","constructed-positive","MARKET_ONLY",8,8,36958.391436000005,0,0,36958.391436000005,0,16,36958.391436000005,0,0,0,23.080675915540255,6,0,1,3634.7200000000003,3634.719996,-0.000004000000444648322,-1.1004975471696091e-9,0.34806780160539014,0,"n/a",3853,"","MARKET_ONLY","MARKET:16"
"HIGH_COMPLEMENTARITY-020","HIGH_COMPLEMENTARITY","constructed-positive","BILATERAL_ONLY",8,8,36958.391436000005,3634.7200000000003,0.09834627154415422,33323.671436,0.0028129999999464417,14,33323.668623,0,0,0,21.546100720869617,6,0,1,3634.7200000000003,3634.719996,-0.000004000000444648322,-1.1004975471696091e-9,0.34806780160539014,0.25,"n/a",3853,3474,"CROSSED_BILATERAL","MARKET:14"
"HIGH_COMPLEMENTARITY-020","HIGH_COMPLEMENTARITY","constructed-positive","VENUE0_CROSSING",8,8,36958.391436000005,3634.719996,0.09834627143592439,33323.67144,0.002815000000168766,14,33323.668625,0,0,0,21.546100723112346,6,0,1,3634.7200000000003,3634.719996,-0.000004000000444648322,-1.1004975471696091e-9,0.34806780160539014,1,"LP_PASS",3853,3474,"PARTIAL_CROSS","MARKET:14"
"HIGH_COMPLEMENTARITY-020","HIGH_COMPLEMENTARITY","constructed-positive","VENUE0_FULL",8,8,36958.391436000005,3634.719996,0.09834627143592439,33323.67144,0.002815000000168766,14,33323.668625,0,0,0,13.066174408883704,4,-2.2127202586987607,1,3634.7200000000003,3634.719996,-0.000004000000444648322,-1.1004975471696091e-9,0.34806780160539014,1,"LP_PASS",3853,3474,"PARTIAL_CROSS","LIMIT:4 EXECUTE_NOW:10"
"HIGH_COMPLEMENTARITY-021","HIGH_COMPLEMENTARITY","constructed-positive","MARKET_ONLY",5,5,14407.094734999999,0,0,14407.094734999999,0,10,14407.094734999999,0,0,0,20.100544078454135,14,0,0,1603.8400000000001,1603.839996,-0.000004000000217274646,-2.4940145009942673e-9,0.24074598174008607,0,"n/a",4234,"","MARKET_ONLY","MARKET:10"
"HIGH_COMPLEMENTARITY-021","HIGH_COMPLEMENTARITY","constructed-positive","BILATERAL_ONLY",5,5,14407.094734999999,1603.8400000000001,0.11132293009108198,12803.254734999999,0.010878999999931693,8,12803.243856,0,0,0,15.886354820686396,12,0,0,1603.8400000000001,1603.839996,-0.000004000000217274646,-2.4940145009942673e-9,0.24074598174008607,0.24,"n/a",4234,3763,"CROSSED_BILATERAL","MARKET:8"
"HIGH_COMPLEMENTARITY-021","HIGH_COMPLEMENTARITY","constructed-positive","VENUE0_CROSSING",5,5,14407.094734999999,1603.839996,0.11132292981344098,12803.254739,0.01088100000004033,8,12803.243858,0,0,0,15.886354824466768,12,0,0,1603.8400000000001,1603.839996,-0.000004000000217274646,-2.4940145009942673e-9,0.24074598174008607,1,"EXACT_PASS",4234,3763,"PARTIAL_CROSS","MARKET:8"
"HIGH_COMPLEMENTARITY-021","HIGH_COMPLEMENTARITY","constructed-positive","VENUE0_FULL",5,5,14407.094734999999,1603.839996,0.11132292981344098,12803.254739,0.01088100000004033,8,12803.243858,0,0,0,9.842381236815477,8,7.05396675432463,0,1603.8400000000001,1603.839996,-0.000004000000217274646,-2.4940145009942673e-9,0.24074598174008607,1,"EXACT_PASS",4234,3763,"PARTIAL_CROSS","LIMIT:4 EXECUTE_NOW:4"
"HIGH_COMPLEMENTARITY-022","HIGH_COMPLEMENTARITY","constructed-positive","MARKET_ONLY",5,5,38107.660328,0,0,38107.660328,0,10,38107.660328,0,0,0,23.500553778505274,6,0,0,3624.2400000000002,3624.239996,-0.000004000000444648322,-1.1036797907004838e-9,0.5539512032568782,0,"n/a",4203,"","MARKET_ONLY","MARKET:10"
"HIGH_COMPLEMENTARITY-022","HIGH_COMPLEMENTARITY","constructed-positive","BILATERAL_ONLY",5,5,38107.660328,3624.2400000000002,0.09510528772444873,34483.42032800001,0.0011419999998452113,8,34483.41918600001,0,0,0,21.432341139306903,6,0,0,3624.2400000000002,3624.239996,-0.000004000000444648322,-1.1036797907004838e-9,0.5539512032568782,0.23,"n/a",4203,3803,"CROSSED_BILATERAL","MARKET:8"
"HIGH_COMPLEMENTARITY-022","HIGH_COMPLEMENTARITY","constructed-positive","VENUE0_CROSSING",5,5,38107.660328,3624.239996,0.09510528761948295,34483.42033200001,0.0011440000000675354,8,34483.41918800001,0,0,0,21.432341141225496,6,0,0,3624.2400000000002,3624.239996,-0.000004000000444648322,-1.1036797907004838e-9,0.5539512032568782,1,"EXACT_PASS",4203,3803,"PARTIAL_CROSS","MARKET:8"
"HIGH_COMPLEMENTARITY-022","HIGH_COMPLEMENTARITY","constructed-positive","VENUE0_FULL",5,5,38107.660328,3624.239996,0.09510528761948295,34483.42033200001,0.0011440000000675354,8,34483.41918800001,0,0,0,21.272236515442412,6,1.0152306641285498,0,3624.2400000000002,3624.239996,-0.000004000000444648322,-1.1036797907004838e-9,0.5539512032568782,1,"EXACT_PASS",4203,3803,"PARTIAL_CROSS","EXECUTE_NOW:7 LIMIT:1"
"HIGH_COMPLEMENTARITY-023","HIGH_COMPLEMENTARITY","constructed-positive","MARKET_ONLY",7,7,22141.946987000003,0,0,22141.946987000003,0,14,22141.946987000003,0,0,0,31.583192629387806,14,0,0,0,4063.2599940000005,4063.2599940000005,"",0.36648980818011917,0,"n/a",4297,"","MARKET_ONLY","MARKET:14"
"HIGH_COMPLEMENTARITY-023","HIGH_COMPLEMENTARITY","constructed-positive","BILATERAL_ONLY",7,7,22141.946987000003,0,0,22141.946987000003,0,14,22141.946987000003,0,0,0,31.583192629387806,14,0,0,0,4063.2599940000005,4063.2599940000005,"",0.36648980818011917,0.25,"n/a",4297,4297,"NO_CROSS","MARKET:14"
"HIGH_COMPLEMENTARITY-023","HIGH_COMPLEMENTARITY","constructed-positive","VENUE0_CROSSING",7,7,22141.946987000003,4063.2599940000005,0.18350960718972115,18078.686992999996,0.005718999999885455,12,18078.681273999995,0,0,0,27.3356490036658,15,0,0,0,4063.2599940000005,4063.2599940000005,"",0.36648980818011917,1,"LP_PASS",4297,3508,"PARTIAL_CROSS","MARKET:12"
"HIGH_COMPLEMENTARITY-023","HIGH_COMPLEMENTARITY","constructed-positive","VENUE0_FULL",7,7,22141.946987000003,4063.2599940000005,0.18350960718972115,18078.686992999996,0.005718999999885455,12,18078.681273999995,0,0,0,14.22570748881703,8,13.264681246355776,0,0,4063.2599940000005,4063.2599940000005,"",0.36648980818011917,1,"LP_PASS",4297,3508,"PARTIAL_CROSS","EXECUTE_NOW:6 LIMIT:6"
"HIGH_COMPLEMENTARITY-024","HIGH_COMPLEMENTARITY","constructed-positive","MARKET_ONLY",6,6,49775.334126999995,0,0,49775.334126999995,0,12,49775.334126999995,0,0,0,39.09160204315149,8,0,0,18295.52,18295.519996,-0.0000040000013541430235,-2.186328321984302e-10,0.6188003026843046,0,"n/a",3868,"","MARKET_ONLY","MARKET:12"
"HIGH_COMPLEMENTARITY-024","HIGH_COMPLEMENTARITY","constructed-positive","BILATERAL_ONLY",6,6,49775.334126999995,18295.52,0.3675619726292471,31479.814126999998,0.01409599999897182,10,31479.800031,0,0,0,24.20756792910633,8,0,0,18295.52,18295.519996,-0.0000040000013541430235,-2.186328321984302e-10,0.6188003026843046,0.28,"n/a",3868,2446,"CROSSED_BILATERAL","MARKET:10"
"HIGH_COMPLEMENTARITY-024","HIGH_COMPLEMENTARITY","constructed-positive","VENUE0_CROSSING",6,6,49775.334126999995,18295.519996,0.36756197254888595,31479.814131,0.014097999999648891,10,31479.800033,0,0,0,24.207567929461323,8,0,0,18295.52,18295.519996,-0.0000040000013541430235,-2.186328321984302e-10,0.6188003026843046,1,"EXACT_PASS",3868,2446,"PARTIAL_CROSS","MARKET:10"
"HIGH_COMPLEMENTARITY-024","HIGH_COMPLEMENTARITY","constructed-positive","VENUE0_FULL",6,6,49775.334126999995,18295.519996,0.36756197254888595,31479.814131,0.014097999999648891,10,31479.800033,0,0,0,14.857411615984589,5,9.594759890783703,0,18295.52,18295.519996,-0.0000040000013541430235,-2.186328321984302e-10,0.6188003026843046,1,"EXACT_PASS",3868,2446,"PARTIAL_CROSS","EXECUTE_NOW:5 LIMIT:5"
"HIGH_COMPLEMENTARITY-025","HIGH_COMPLEMENTARITY","constructed-positive","MARKET_ONLY",5,5,41343.227868999995,0,0,41343.227868999995,0,10,41343.227868999995,0,0,0,31.59329423625209,8,0,0,0,3578.3999940000003,3578.3999940000003,"",0.4562716123127005,0,"n/a",3848,"","MARKET_ONLY","MARKET:10"
"HIGH_COMPLEMENTARITY-025","HIGH_COMPLEMENTARITY","constructed-positive","BILATERAL_ONLY",5,5,41343.227868999995,0,0,41343.227868999995,0,10,41343.227868999995,0,0,0,31.59329423625209,8,0,0,0,3578.3999940000003,3578.3999940000003,"",0.4562716123127005,0.24,"n/a",3848,3848,"NO_CROSS","MARKET:10"
"HIGH_COMPLEMENTARITY-025","HIGH_COMPLEMENTARITY","constructed-positive","VENUE0_CROSSING",5,5,41343.227868999995,3578.3999940000003,0.0865534738927136,37764.827875,0.014031000000045424,8,37764.813844,0,0,0,27.66777009552436,7,0,0,0,3578.3999940000003,3578.3999940000003,"",0.4562716123127005,1,"EXACT_PASS",3848,3515,"PARTIAL_CROSS","MARKET:8"
"HIGH_COMPLEMENTARITY-025","HIGH_COMPLEMENTARITY","constructed-positive","VENUE0_FULL",5,5,41343.227868999995,3578.3999940000003,0.0865534738927136,37764.827875,0.014031000000045424,8,37764.813844,0,0,0,19.43149015056831,5,2.815688199465718,0,0,3578.3999940000003,3578.3999940000003,"",0.4562716123127005,1,"EXACT_PASS",3848,3515,"PARTIAL_CROSS","EXECUTE_NOW:5 LIMIT:3"
"HIGH_COMPLEMENTARITY-026","HIGH_COMPLEMENTARITY","constructed-positive","MARKET_ONLY",7,7,37411.134060000004,0,0,37411.134060000004,0,14,37411.134060000004,0,0,0,27.82722952298013,7,0,1,0,10553.899989999998,10553.899989999998,"",0.4837886026382595,0,"n/a",3365,"","MARKET_ONLY","MARKET:14"
"HIGH_COMPLEMENTARITY-026","HIGH_COMPLEMENTARITY","constructed-positive","BILATERAL_ONLY",7,7,37411.134060000004,0,0,37411.134060000004,0,14,37411.134060000004,0,0,0,27.82722952298013,7,0,1,0,10553.899989999998,10553.899989999998,"",0.4837886026382595,0.23,"n/a",3365,3365,"NO_CROSS","MARKET:14"
"HIGH_COMPLEMENTARITY-026","HIGH_COMPLEMENTARITY","constructed-positive","VENUE0_CROSSING",7,7,37411.134060000004,10553.899989999998,0.28210585578810965,26857.234070000002,0.016061000000036074,12,26857.218009000004,0,0,0,19.058452708737533,7,0,0,0,10553.899989999998,10553.899989999998,"",0.4837886026382595,1,"LP_PASS",3365,2416,"PARTIAL_CROSS","MARKET:12"
"HIGH_COMPLEMENTARITY-026","HIGH_COMPLEMENTARITY","constructed-positive","VENUE0_FULL",7,7,37411.134060000004,10553.899989999998,0.28210585578810965,26857.234070000002,0.016061000000036074,12,26857.218009000004,0,0,0,12.344658501371761,5,1.7182617092641657,0,0,10553.899989999998,10553.899989999998,"",0.4837886026382595,1,"LP_PASS",3365,2416,"PARTIAL_CROSS","EXECUTE_NOW:8 LIMIT:4"
"HIGH_COMPLEMENTARITY-027","HIGH_COMPLEMENTARITY","constructed-positive","MARKET_ONLY",4,4,22253.151065000002,0,0,22253.151065000002,0,8,22253.151065000002,0,0,0,21.883284481318697,10,0,0,0,9542.099994,9542.099994,"",0.45674439212278806,0,"n/a",4330,"","MARKET_ONLY","MARKET:8"
"HIGH_COMPLEMENTARITY-027","HIGH_COMPLEMENTARITY","constructed-positive","BILATERAL_ONLY",4,4,22253.151065000002,0,0,22253.151065000002,0,8,22253.151065000002,0,0,0,21.883284481318697,10,0,0,0,9542.099994,9542.099994,"",0.45674439212278806,0.24,"n/a",4330,4330,"NO_CROSS","MARKET:8"
"HIGH_COMPLEMENTARITY-027","HIGH_COMPLEMENTARITY","constructed-positive","VENUE0_CROSSING",4,4,22253.151065000002,9542.099994,0.42879769998092176,12711.051071000002,0.01837199999999939,6,12711.032699,0,0,0,15.962270135823813,13,0,0,0,9542.099994,9542.099994,"",0.45674439212278806,1,"EXACT_PASS",4330,2473,"PARTIAL_CROSS","MARKET:6"
"HIGH_COMPLEMENTARITY-027","HIGH_COMPLEMENTARITY","constructed-positive","VENUE0_FULL",4,4,22253.151065000002,9542.099994,0.42879769998092176,12711.051071000002,0.01837199999999939,6,12711.032699,0,0,0,11.989563952764575,9,6.369776113347263,0,0,9542.099994,9542.099994,"",0.45674439212278806,1,"EXACT_PASS",4330,2473,"PARTIAL_CROSS","EXECUTE_NOW:4 LIMIT:2"
"HIGH_COMPLEMENTARITY-028","HIGH_COMPLEMENTARITY","constructed-positive","MARKET_ONLY",6,6,38890.404311,0,0,38890.404311,0,12,38890.404311,0,0,0,55.96823703043481,14,0,0,0,8627.339994,8627.339994,"",0.3819844991377004,0,"n/a",4161,"","MARKET_ONLY","MARKET:12"
"HIGH_COMPLEMENTARITY-028","HIGH_COMPLEMENTARITY","constructed-positive","BILATERAL_ONLY",6,6,38890.404311,0,0,38890.404311,0,12,38890.404311,0,0,0,55.96823703043481,14,0,0,0,8627.339994,8627.339994,"",0.3819844991377004,0.24,"n/a",4161,4161,"NO_CROSS","MARKET:12"
"HIGH_COMPLEMENTARITY-028","HIGH_COMPLEMENTARITY","constructed-positive","VENUE0_CROSSING",6,6,38890.404311,8627.339994,0.22183724100702626,30263.064317000004,0.007321999999930995,10,30263.056995,0,0,0,45.778378932969204,15,0,0,0,8627.339994,8627.339994,"",0.3819844991377004,1,"EXACT_PASS",4161,3238,"PARTIAL_CROSS","MARKET:10"
"HIGH_COMPLEMENTARITY-028","HIGH_COMPLEMENTARITY","constructed-positive","VENUE0_FULL",6,6,38890.404311,8627.339994,0.22183724100702626,30263.064317000004,0.007321999999930995,10,30263.056995,0,0,0,22.073265161329807,7,21.159864739109505,0,0,8627.339994,8627.339994,"",0.3819844991377004,1,"EXACT_PASS",4161,3238,"PARTIAL_CROSS","LIMIT:6 EXECUTE_NOW:4"
"HIGH_COMPLEMENTARITY-029","HIGH_COMPLEMENTARITY","constructed-positive","MARKET_ONLY",6,6,39612.014436,0,0,39612.014436,0,12,39612.014436,0,0,0,43.954900213868676,11,0,0,23034.28,23034.279996,-0.000003999997716164216,-1.736541240344485e-10,0.7149967035319498,0,"n/a",4028,"","MARKET_ONLY","MARKET:12"
"HIGH_COMPLEMENTARITY-029","HIGH_COMPLEMENTARITY","constructed-positive","BILATERAL_ONLY",6,6,39612.014436,23034.28,0.5814973140842364,16577.734436000006,0.010030000001279404,10,16577.724406,0,0,0,17.885932663684123,11,0,0,23034.28,23034.279996,-0.000003999997716164216,-1.736541240344485e-10,0.7149967035319498,0.24,"n/a",4028,1686,"CROSSED_BILATERAL","MARKET:10"
"HIGH_COMPLEMENTARITY-029","HIGH_COMPLEMENTARITY","constructed-positive","VENUE0_CROSSING",6,6,39612.014436,23034.279996,0.581497313983257,16577.734439999997,0.010032000000137486,10,16577.724408,0,0,0,17.88593266480956,11,0,0,23034.28,23034.279996,-0.000003999997716164216,-1.736541240344485e-10,0.7149967035319498,1,"EXACT_PASS",4028,1686,"PARTIAL_CROSS","MARKET:10"
"HIGH_COMPLEMENTARITY-029","HIGH_COMPLEMENTARITY","constructed-positive","VENUE0_FULL",6,6,39612.014436,23034.279996,0.581497313983257,16577.734439999997,0.010032000000137486,10,16577.724408,0,0,0,9.358276567957217,6,8.828768436374588,0,23034.28,23034.279996,-0.000003999997716164216,-1.736541240344485e-10,0.7149967035319498,1,"EXACT_PASS",4028,1686,"PARTIAL_CROSS","EXECUTE_NOW:6 LIMIT:4"
"HIGH_COMPLEMENTARITY-030","HIGH_COMPLEMENTARITY","constructed-positive","MARKET_ONLY",6,6,32992.261595,0,0,32992.261595,0,12,32992.261595,0,0,0,31.772816814175,10,0,0,0,3665.0399939999998,3665.0399939999998,"",0.21029865879371823,0,"n/a",3921,"","MARKET_ONLY","MARKET:12"
"HIGH_COMPLEMENTARITY-030","HIGH_COMPLEMENTARITY","constructed-positive","BILATERAL_ONLY",6,6,32992.261595,0,0,32992.261595,0,12,32992.261595,0,0,0,31.772816814175,10,0,0,0,3665.0399939999998,3665.0399939999998,"",0.21029865879371823,0.26,"n/a",3921,3921,"NO_CROSS","MARKET:12"
"HIGH_COMPLEMENTARITY-030","HIGH_COMPLEMENTARITY","constructed-positive","VENUE0_CROSSING",6,6,32992.261595,3665.0399939999998,0.1110878677851972,29327.221601000005,0.019626000000016575,10,29327.201975000004,0,0,0,23.909905400562835,8,0,0,0,3665.0399939999998,3665.0399939999998,"",0.21029865879371823,1,"EXACT_PASS",3921,3485,"PARTIAL_CROSS","MARKET:10"
"HIGH_COMPLEMENTARITY-030","HIGH_COMPLEMENTARITY","constructed-positive","VENUE0_FULL",6,6,32992.261595,3665.0399939999998,0.1110878677851972,29327.221601000005,0.019626000000016575,10,29327.201975000004,0,0,0,20.289396985632443,7,5.929243852756442,0,0,3665.0399939999998,3665.0399939999998,"",0.21029865879371823,1,"EXACT_PASS",3921,3485,"PARTIAL_CROSS","EXECUTE_NOW:7 LIMIT:3"
"HIGH_COMPLEMENTARITY-031","HIGH_COMPLEMENTARITY","constructed-positive","MARKET_ONLY",9,9,59771.31794899999,0,0,59771.31794899999,0,18,59771.31794899999,0,0,0,68.56765661339311,11,0,1,0,9222.719987999999,9222.719987999999,"",0.4862994284449487,0,"n/a",3836,"","MARKET_ONLY","MARKET:18"
"HIGH_COMPLEMENTARITY-031","HIGH_COMPLEMENTARITY","constructed-positive","BILATERAL_ONLY",9,9,59771.31794899999,0,0,59771.31794899999,0,18,59771.31794899999,0,0,0,68.56765661339311,11,0,1,0,9222.719987999999,9222.719987999999,"",0.4862994284449487,0.27,"n/a",3836,3836,"NO_CROSS","MARKET:18"
"HIGH_COMPLEMENTARITY-031","HIGH_COMPLEMENTARITY","constructed-positive","VENUE0_CROSSING",9,9,59771.31794899999,9222.719987999999,0.1543000941667257,50548.597961,0.004092000000127882,16,50548.593869,0,0,0,59.295778771512786,12,0,0,0,9222.719987999999,9222.719987999999,"",0.4862994284449487,1,"LP_PASS",3836,3244,"PARTIAL_CROSS","MARKET:16"
"HIGH_COMPLEMENTARITY-031","HIGH_COMPLEMENTARITY","constructed-positive","VENUE0_FULL",9,9,59771.31794899999,9222.719987999999,0.1543000941667257,50548.597961,0.004092000000127882,16,50548.593869,0,0,0,38.046430197664364,8,27.87624963269526,0,0,9222.719987999999,9222.719987999999,"",0.4862994284449487,1,"LP_PASS",3836,3244,"PARTIAL_CROSS","EXECUTE_NOW:7 LIMIT:9"
"HIGH_COMPLEMENTARITY-032","HIGH_COMPLEMENTARITY","constructed-positive","MARKET_ONLY",6,6,39888.542589000004,0,0,39888.542589000004,0,12,39888.542589000004,0,0,0,60.749967336957994,15,0,0,12970.08,12970.079996,-0.00000399999953515362,-3.084020711632943e-10,0.379391846072945,0,"n/a",3917,"","MARKET_ONLY","MARKET:12"
"HIGH_COMPLEMENTARITY-032","HIGH_COMPLEMENTARITY","constructed-positive","BILATERAL_ONLY",6,6,39888.542589000004,12970.08,0.3251580318097843,26918.462588999995,0.0008729999999559368,10,26918.461715999998,0,0,0,33.25238245285172,12,0,0,12970.08,12970.079996,-0.00000399999953515362,-3.084020711632943e-10,0.379391846072945,0.24,"n/a",3917,2643,"CROSSED_BILATERAL","MARKET:10"
"HIGH_COMPLEMENTARITY-032","HIGH_COMPLEMENTARITY","constructed-positive","VENUE0_CROSSING",6,6,39888.542589000004,12970.079996,0.3251580317095049,26918.462592999997,0.0008749999997235136,10,26918.461717999995,0,0,0,33.252382457519914,12,0,0,12970.08,12970.079996,-0.00000399999953515362,-3.084020711632943e-10,0.379391846072945,1,"EXACT_PASS",3917,2643,"PARTIAL_CROSS","MARKET:10"
"HIGH_COMPLEMENTARITY-032","HIGH_COMPLEMENTARITY","constructed-positive","VENUE0_FULL",6,6,39888.542589000004,12970.079996,0.3251580317095049,26918.462592999997,0.0008749999997235136,10,26918.461717999995,0,0,0,20.506839600053212,8,13.912970782663818,0,12970.08,12970.079996,-0.00000399999953515362,-3.084020711632943e-10,0.379391846072945,1,"EXACT_PASS",3917,2643,"PARTIAL_CROSS","LIMIT:5 EXECUTE_NOW:5"
"HIGH_COMPLEMENTARITY-033","HIGH_COMPLEMENTARITY","constructed-positive","MARKET_ONLY",3,3,12094.662395,0,0,12094.662395,0,6,12094.662395,0,0,0,7.013311363937891,6,0,0,6956.08,6956.079996,-0.00000399999953515362,-5.750364479927804e-10,0.6264195806847902,0,"n/a",3751,"","MARKET_ONLY","MARKET:6"
"HIGH_COMPLEMENTARITY-033","HIGH_COMPLEMENTARITY","constructed-positive","BILATERAL_ONLY",3,3,12094.662395,6956.08,0.5751363512945745,5138.582395,0.012049999999817373,4,5138.570345,0,0,0,2.8397305552461747,6,0,0,6956.08,6956.079996,-0.00000399999953515362,-5.750364479927804e-10,0.6264195806847902,0.22,"n/a",3751,1594,"CROSSED_BILATERAL","MARKET:4"
"HIGH_COMPLEMENTARITY-033","HIGH_COMPLEMENTARITY","constructed-positive","VENUE0_CROSSING",3,3,12094.662395,6956.079996,0.5751363509638502,5138.582399,0.01205199999958495,4,5138.570347,0,0,0,2.8397305568701614,6,0,0,6956.08,6956.079996,-0.00000399999953515362,-5.750364479927804e-10,0.6264195806847902,0,"EXACT_PASS",3751,1594,"PARTIAL_CROSS","MARKET:4"
"HIGH_COMPLEMENTARITY-033","HIGH_COMPLEMENTARITY","constructed-positive","VENUE0_FULL",3,3,12094.662395,6956.079996,0.5751363509638502,5138.582399,0.01205199999958495,4,5138.570347,0,0,0,2.8397305568701614,6,0,0,6956.08,6956.079996,-0.00000399999953515362,-5.750364479927804e-10,0.6264195806847902,0,"EXACT_PASS",3751,1594,"PARTIAL_CROSS","EXECUTE_NOW:4"
"HIGH_COMPLEMENTARITY-034","HIGH_COMPLEMENTARITY","constructed-positive","MARKET_ONLY",6,6,31911.733927,0,0,31911.733927,0,12,31911.733927,0,0,0,37.462752408293525,12,0,1,9706.56,9706.559996,-0.00000399999953515362,-4.120923926863503e-10,0.47947299833351353,0,"n/a",3485,"","MARKET_ONLY","MARKET:12"
"HIGH_COMPLEMENTARITY-034","HIGH_COMPLEMENTARITY","constructed-positive","BILATERAL_ONLY",6,6,31911.733927,9706.56,0.30416899383168383,22205.173927,0.016473000000132743,10,22205.157454,0,0,0,26.333275506080312,12,0,1,9706.56,9706.559996,-0.00000399999953515362,-4.120923926863503e-10,0.47947299833351353,0.24,"n/a",3485,2425,"CROSSED_BILATERAL","MARKET:10"
"HIGH_COMPLEMENTARITY-034","HIGH_COMPLEMENTARITY","constructed-positive","VENUE0_CROSSING",6,6,31911.733927,9706.559996,0.3041689937063381,22205.173931,0.01647499999990032,10,22205.157456,0,0,0,26.333275507923922,12,0,1,9706.56,9706.559996,-0.00000399999953515362,-4.120923926863503e-10,0.47947299833351353,1,"EXACT_PASS",3485,2425,"PARTIAL_CROSS","MARKET:10"
"HIGH_COMPLEMENTARITY-034","HIGH_COMPLEMENTARITY","constructed-positive","VENUE0_FULL",6,6,31911.733927,9706.559996,0.3041689937063381,22205.173931,0.01647499999990032,10,22205.157456,0,0,0,14.269371086086672,6,14.11989159541223,1,9706.56,9706.559996,-0.00000399999953515362,-4.120923926863503e-10,0.47947299833351353,1,"EXACT_PASS",3485,2425,"PARTIAL_CROSS","EXECUTE_NOW:4 LIMIT:6"
"HIGH_COMPLEMENTARITY-035","HIGH_COMPLEMENTARITY","constructed-positive","MARKET_ONLY",9,9,49920.12946899999,0,0,49920.12946899999,0,18,49920.12946899999,0,0,0,49.59071293650136,10,0,0,5106.88,5106.879996,-0.000004000000444648322,-7.832571833777809e-10,0.347298369143178,0,"n/a",3854,"","MARKET_ONLY","MARKET:18"
"HIGH_COMPLEMENTARITY-035","HIGH_COMPLEMENTARITY","constructed-positive","BILATERAL_ONLY",9,9,49920.12946899999,5106.88,0.10230101673056222,44813.249469,0.011419999999816355,16,44813.23804899999,0,0,0,46.603102378077,10,0,0,5106.88,5106.879996,-0.000004000000444648322,-7.832571833777809e-10,0.347298369143178,0.25,"n/a",3854,3459,"CROSSED_BILATERAL","MARKET:16"
"HIGH_COMPLEMENTARITY-035","HIGH_COMPLEMENTARITY","constructed-positive","VENUE0_CROSSING",9,9,49920.12946899999,5106.879996,0.10230101665043421,44813.249473,0.011422000000038679,16,44813.23805099999,0,0,0,46.603102379063934,10,0,0,5106.88,5106.879996,-0.000004000000444648322,-7.832571833777809e-10,0.347298369143178,1,"LP_PASS",3854,3459,"PARTIAL_CROSS","MARKET:16"
"HIGH_COMPLEMENTARITY-035","HIGH_COMPLEMENTARITY","constructed-positive","VENUE0_FULL",9,9,49920.12946899999,5106.879996,0.10230101665043421,44813.249473,0.011422000000038679,16,44813.23805099999,0,0,0,35.738764556945156,8,13.398918959157506,0,5106.88,5106.879996,-0.000004000000444648322,-7.832571833777809e-10,0.347298369143178,1,"LP_PASS",3854,3459,"PARTIAL_CROSS","EXECUTE_NOW:11 LIMIT:5"
"HIGH_COMPLEMENTARITY-036","HIGH_COMPLEMENTARITY","constructed-positive","MARKET_ONLY",7,7,38150.143971000005,0,0,38150.143971000005,0,14,38150.143971000005,0,0,0,33.70266614020225,9,0,0,0,20084.719992,20084.719992,"",0.7402893740445223,0,"n/a",4000,"","MARKET_ONLY","MARKET:14"
"HIGH_COMPLEMENTARITY-036","HIGH_COMPLEMENTARITY","constructed-positive","BILATERAL_ONLY",7,7,38150.143971000005,0,0,38150.143971000005,0,14,38150.143971000005,0,0,0,33.70266614020225,9,0,0,0,20084.719992,20084.719992,"",0.7402893740445223,0.24,"n/a",4000,4000,"NO_CROSS","MARKET:14"
"HIGH_COMPLEMENTARITY-036","HIGH_COMPLEMENTARITY","constructed-positive","VENUE0_CROSSING",7,7,38150.143971000005,20084.719992,0.5264651165475938,18065.423979,0.010952000000543194,12,18065.413027000002,0,0,0,14.12476681953793,8,0,0,0,20084.719992,20084.719992,"",0.7402893740445223,1,"LP_PASS",4000,1894,"PARTIAL_CROSS","MARKET:12"
"HIGH_COMPLEMENTARITY-036","HIGH_COMPLEMENTARITY","constructed-positive","VENUE0_FULL",7,7,38150.143971000005,20084.719992,0.5264651165475938,18065.423979,0.010952000000543194,12,18065.413027000002,0,0,0,10.49926898741848,6,4.9972083510673775,0,0,20084.719992,20084.719992,"",0.7402893740445223,1,"LP_PASS",4000,1894,"PARTIAL_CROSS","EXECUTE_NOW:8 LIMIT:4"
"HIGH_COMPLEMENTARITY-037","HIGH_COMPLEMENTARITY","constructed-positive","MARKET_ONLY",4,4,19156.42423,0,0,19156.42423,0,8,19156.42423,0,0,0,27.47216523976354,14,0,1,1819.28,1819.279996,-0.000003999999989900971,-2.198671996559612e-9,0.12554527228696688,0,"n/a",3571,"","MARKET_ONLY","MARKET:8"
"HIGH_COMPLEMENTARITY-037","HIGH_COMPLEMENTARITY","constructed-positive","BILATERAL_ONLY",4,4,19156.42423,1819.28,0.09496970719362692,17337.144229999998,0.0031840000000329383,6,17337.141045999997,0,0,0,23.367299575959898,13,0,1,1819.28,1819.279996,-0.000003999999989900971,-2.198671996559612e-9,0.12554527228696688,0.22,"n/a",3571,3232,"CROSSED_BILATERAL","MARKET:6"
"HIGH_COMPLEMENTARITY-037","HIGH_COMPLEMENTARITY","constructed-positive","VENUE0_CROSSING",4,4,19156.42423,1819.279996,0.09496970698481969,17337.144234,0.0031860000000278887,6,17337.141047999998,0,0,0,23.367299577885117,13,0,1,1819.28,1819.279996,-0.000003999999989900971,-2.198671996559612e-9,0.12554527228696688,0,"EXACT_PASS",3571,3232,"PARTIAL_CROSS","MARKET:6"
"HIGH_COMPLEMENTARITY-037","HIGH_COMPLEMENTARITY","constructed-positive","VENUE0_FULL",4,4,19156.42423,1819.279996,0.09496970698481969,17337.144234,0.0031860000000278887,6,17337.141047999998,0,0,0,13.742859140494259,8,8.700521802165547,1,1819.28,1819.279996,-0.000003999999989900971,-2.198671996559612e-9,0.12554527228696688,0,"EXACT_PASS",3571,3232,"PARTIAL_CROSS","EXECUTE_NOW:4 LIMIT:2"
"HIGH_COMPLEMENTARITY-038","HIGH_COMPLEMENTARITY","constructed-positive","MARKET_ONLY",9,9,32798.384439,0,0,32798.384439,0,18,32798.384439,0,0,0,35.24679821120669,11,0,1,10538.56,10538.559996,-0.00000399999953515362,-3.795584534465449e-10,0.4777816526647732,0,"n/a",4167,"","MARKET_ONLY","MARKET:18"
"HIGH_COMPLEMENTARITY-038","HIGH_COMPLEMENTARITY","constructed-positive","BILATERAL_ONLY",9,9,32798.384439,10538.56,0.32131338723710967,22259.824438999996,0.008669000000281812,16,22259.815769999997,0,0,0,21.83823745036629,10,0,1,10538.56,10538.559996,-0.00000399999953515362,-3.795584534465449e-10,0.4777816526647732,0.25,"n/a",4167,2828,"CROSSED_BILATERAL","MARKET:16"
"HIGH_COMPLEMENTARITY-038","HIGH_COMPLEMENTARITY","constructed-positive","VENUE0_CROSSING",9,9,32798.384439,10538.559996,0.32131338711515245,22259.824442999998,0.00867100000004939,16,22259.815771999998,0,0,0,21.83823745436996,10,0,1,10538.56,10538.559996,-0.00000399999953515362,-3.795584534465449e-10,0.4777816526647732,1,"LP_PASS",4167,2828,"PARTIAL_CROSS","MARKET:16"
"HIGH_COMPLEMENTARITY-038","HIGH_COMPLEMENTARITY","constructed-positive","VENUE0_FULL",9,9,32798.384439,10538.559996,0.32131338711515245,22259.824442999998,0.00867100000004939,16,22259.815771999998,0,0,0,17.89423826431929,8,11.07952866162967,1,10538.56,10538.559996,-0.00000399999953515362,-3.795584534465449e-10,0.4777816526647732,1,"LP_PASS",4167,2828,"PARTIAL_CROSS","EXECUTE_NOW:10 LIMIT:6"
"HIGH_COMPLEMENTARITY-039","HIGH_COMPLEMENTARITY","constructed-positive","MARKET_ONLY",3,3,7278.9225320000005,0,0,7278.9225320000005,0,6,7278.9225320000005,0,0,0,4.6052003323118305,6,0,0,3564.6800000000003,3564.679996,-0.000004000000444648322,-1.1221204833669e-9,0.60549288890275,0,"n/a",3969,"","MARKET_ONLY","MARKET:6"
"HIGH_COMPLEMENTARITY-039","HIGH_COMPLEMENTARITY","constructed-positive","BILATERAL_ONLY",3,3,7278.9225320000005,3564.6800000000003,0.48972632753388395,3714.2425319999998,0.012883999999758089,4,3714.229648,0,0,0,3.3656107561928392,9,0,0,3564.6800000000003,3564.679996,-0.000004000000444648322,-1.1221204833669e-9,0.60549288890275,0.21,"n/a",3969,2025,"CROSSED_BILATERAL","MARKET:4"
"HIGH_COMPLEMENTARITY-039","HIGH_COMPLEMENTARITY","constructed-positive","VENUE0_CROSSING",3,3,7278.9225320000005,3564.679996,0.48972632698435203,3714.2425359999997,0.012885999999980413,4,3714.22965,0,0,0,3.365610756786272,9,0,0,3564.6800000000003,3564.679996,-0.000004000000444648322,-1.1221204833669e-9,0.60549288890275,0,"EXACT_PASS",3969,2025,"PARTIAL_CROSS","MARKET:4"
"HIGH_COMPLEMENTARITY-039","HIGH_COMPLEMENTARITY","constructed-positive","VENUE0_FULL",3,3,7278.9225320000005,3564.679996,0.48972632698435203,3714.2425359999997,0.012885999999980413,4,3714.22965,0,0,0,2.8128918587519545,8,1.5993798623164803,0,3564.6800000000003,3564.679996,-0.000004000000444648322,-1.1221204833669e-9,0.60549288890275,0,"EXACT_PASS",3969,2025,"PARTIAL_CROSS","EXECUTE_NOW:3 LIMIT:1"
"LOW_COMPLEMENTARITY-000","LOW_COMPLEMENTARITY","stress/control","MARKET_ONLY",7,6,180045.258048,0,0,180045.258048,0,18,180045.258048,0,0,0,165.17994555766276,9,0,6,12672.48,12672.479996,-0.00000399999953515362,-3.1564457273979677e-10,0.08154102326919396,0,"n/a",5079,"","MARKET_ONLY","MARKET:18"
"LOW_COMPLEMENTARITY-000","LOW_COMPLEMENTARITY","stress/control","BILATERAL_ONLY",7,6,180045.258048,12672.48,0.07038496952039426,167372.778048,0.005529999999907886,17,167372.77251799998,0,0,0,159.42927331045922,10,0,6,12672.48,12672.479996,-0.00000399999953515362,-3.1564457273979677e-10,0.08154102326919396,0.22,"n/a",5079,4722,"CROSSED_BILATERAL","MARKET:17"
"LOW_COMPLEMENTARITY-000","LOW_COMPLEMENTARITY","stress/control","VENUE0_CROSSING",7,6,180045.258048,12672.479996,0.07038496949817763,167372.77805199998,0.005530999999791675,17,167372.77252099998,0,0,0,159.42927331239937,10,0,6,12672.48,12672.479996,-0.00000399999953515362,-3.1564457273979677e-10,0.08154102326919396,1,"LP_PASS",5079,4722,"PARTIAL_CROSS","MARKET:17"
"LOW_COMPLEMENTARITY-000","LOW_COMPLEMENTARITY","stress/control","VENUE0_FULL",7,6,180045.258048,12672.479996,0.07038496949817763,167372.77805199998,0.005530999999791675,17,167372.77252099998,0,0,0,120.28026216141906,7,101.71173720982875,6,12672.48,12672.479996,-0.00000399999953515362,-3.1564457273979677e-10,0.08154102326919396,1,"LP_PASS",5079,4722,"PARTIAL_CROSS","LIMIT:11 EXECUTE_NOW:6"
"LOW_COMPLEMENTARITY-001","LOW_COMPLEMENTARITY","stress/control","MARKET_ONLY",7,8,60101.15531800002,0,0,60101.15531800002,0,20,60101.15531800002,0,0,0,73.7467497736505,12,0,0,0,0,0,"",0,0,"n/a",4961,"","MARKET_ONLY","MARKET:20"
"LOW_COMPLEMENTARITY-001","LOW_COMPLEMENTARITY","stress/control","BILATERAL_ONLY",7,8,60101.15531800002,0,0,60101.15531800002,0,20,60101.15531800002,0,0,0,73.7467497736505,12,0,0,0,0,0,"",0,0,"n/a",4961,4961,"NO_CROSS","MARKET:20"
"LOW_COMPLEMENTARITY-001","LOW_COMPLEMENTARITY","stress/control","VENUE0_CROSSING",7,8,60101.15531800002,0,0,60101.15531800002,0,20,60101.15531800002,0,0,0,73.7467497736505,12,0,0,0,0,0,"",0,1,"LP_PASS",4961,4961,"NO_CROSS","MARKET:20"
"LOW_COMPLEMENTARITY-001","LOW_COMPLEMENTARITY","stress/control","VENUE0_FULL",7,8,60101.15531800002,0,0,60101.15531800002,0,20,60101.15531800002,0,0,0,54.14155777396522,9,32.20629616505118,0,0,0,0,"",0,1,"LP_PASS",4961,4961,"NO_CROSS","EXECUTE_NOW:12 LIMIT:8"
"LOW_COMPLEMENTARITY-002","LOW_COMPLEMENTARITY","stress/control","MARKET_ONLY",10,8,92768.85639199999,0,0,92768.85639199999,0,27,92768.85639199999,0,0,0,66.93940370959582,7,0,3,8804.640000000001,9504.079993,699.4399929999981,0.07943993087735535,0.1269885114485028,0,"n/a",3802,"","MARKET_ONLY","MARKET:27"
"LOW_COMPLEMENTARITY-002","LOW_COMPLEMENTARITY","stress/control","BILATERAL_ONLY",10,8,92768.85639199999,8804.640000000001,0.09490943774056568,83964.216392,0.013445999999987635,25,83964.20294599998,0,0,0,63.04950609112152,8,0,3,8804.640000000001,9504.079993,699.4399929999981,0.07943993087735535,0.1269885114485028,0.29,"n/a",3802,3441,"CROSSED_BILATERAL","MARKET:25"
"LOW_COMPLEMENTARITY-002","LOW_COMPLEMENTARITY","stress/control","VENUE0_CROSSING",10,8,92768.85639199999,9504.079993,0.10244903691428488,83264.776399,0.013448000000153115,25,83264.76295099998,0,0,0,63.0189445610387,8,0,3,8804.640000000001,9504.079993,699.4399929999981,0.07943993087735535,0.1269885114485028,1,"LP_PASS",3802,3412,"PARTIAL_CROSS","MARKET:25"
"LOW_COMPLEMENTARITY-002","LOW_COMPLEMENTARITY","stress/control","VENUE0_FULL",10,8,92768.85639199999,9504.079993,0.10244903691428488,83264.776399,0.013448000000153115,25,83264.76295099998,0,0,0,60.92370349494656,7,4.586796327552019,3,8804.640000000001,9504.079993,699.4399929999981,0.07943993087735535,0.1269885114485028,1,"LP_PASS",3802,3412,"PARTIAL_CROSS","EXECUTE_NOW:22 LIMIT:3"
"LOW_COMPLEMENTARITY-003","LOW_COMPLEMENTARITY","stress/control","MARKET_ONLY",9,7,132284.58338099997,0,0,132284.58338099997,0,23,132284.58338099997,0,0,0,143.01971410522307,11,0,6,17275.32,17275.319992999997,-0.000007000002369750291,-4.052024720671045e-10,0.1450548810871944,0,"n/a",4082,"","MARKET_ONLY","MARKET:23"
"LOW_COMPLEMENTARITY-003","LOW_COMPLEMENTARITY","stress/control","BILATERAL_ONLY",9,7,132284.58338099997,17275.32,0.1305920883482274,115009.26338099998,0.009923000000526372,21,115009.25345799999,0,0,0,134.68937239596747,12,0,4,17275.32,17275.319992999997,-0.000007000002369750291,-4.052024720671045e-10,0.1450548810871944,0.33,"n/a",4082,3549,"CROSSED_BILATERAL","MARKET:21"
"LOW_COMPLEMENTARITY-003","LOW_COMPLEMENTARITY","stress/control","VENUE0_CROSSING",9,7,132284.58338099997,17275.319992999997,0.13059208829531113,115009.263388,0.009925000000748696,21,115009.253463,0,0,0,134.68937239885256,12,0,4,17275.32,17275.319992999997,-0.000007000002369750291,-4.052024720671045e-10,0.1450548810871944,1,"LP_PASS",4082,3549,"PARTIAL_CROSS","MARKET:21"
"LOW_COMPLEMENTARITY-003","LOW_COMPLEMENTARITY","stress/control","VENUE0_FULL",9,7,132284.58338099997,17275.319992999997,0.13059208829531113,115009.263388,0.009925000000748696,21,115009.253463,0,0,0,99.4849832352314,9,68.3183446035138,4,17275.32,17275.319992999997,-0.000007000002369750291,-4.052024720671045e-10,0.1450548810871944,1,"LP_PASS",4082,3549,"PARTIAL_CROSS","LIMIT:11 EXECUTE_NOW:10"
"LOW_COMPLEMENTARITY-004","LOW_COMPLEMENTARITY","stress/control","MARKET_ONLY",4,7,54522.102379,0,0,54522.102379,0,11,54522.102379,0,0,0,61.29789594560698,11,0,1,0,0,0,"",0.15403616606014736,0,"n/a",4488,"","MARKET_ONLY","MARKET:11"
"LOW_COMPLEMENTARITY-004","LOW_COMPLEMENTARITY","stress/control","BILATERAL_ONLY",4,7,54522.102379,0,0,54522.102379,0,11,54522.102379,0,0,0,61.29789594560698,11,0,1,0,0,0,"",0.15403616606014736,0.26,"n/a",4488,4488,"NO_CROSS","MARKET:11"
"LOW_COMPLEMENTARITY-004","LOW_COMPLEMENTARITY","stress/control","VENUE0_CROSSING",4,7,54522.102379,0,0,54522.102379,0,11,54522.102379,0,0,0,61.29789594560698,11,0,1,0,0,0,"",0.15403616606014736,1,"EXACT_PASS",4488,4488,"NO_CROSS","MARKET:11"
"LOW_COMPLEMENTARITY-004","LOW_COMPLEMENTARITY","stress/control","VENUE0_FULL",4,7,54522.102379,0,0,54522.102379,0,11,54522.102379,0,0,0,43.27057172862863,8,26.8979094871396,1,0,0,0,"",0.15403616606014736,1,"EXACT_PASS",4488,4488,"NO_CROSS","EXECUTE_NOW:7 LIMIT:4"
"LOW_COMPLEMENTARITY-005","LOW_COMPLEMENTARITY","stress/control","MARKET_ONLY",8,8,125028.18385399999,0,0,125028.18385399999,0,24,125028.18385399999,0,0,0,65.69055532668584,5,0,2,0,0,0,"",0.09285584022844764,0,"n/a",5986,"","MARKET_ONLY","MARKET:24"
"LOW_COMPLEMENTARITY-005","LOW_COMPLEMENTARITY","stress/control","BILATERAL_ONLY",8,8,125028.18385399999,0,0,125028.18385399999,0,24,125028.18385399999,0,0,0,65.69055532668584,5,0,2,0,0,0,"",0.09285584022844764,0.26,"n/a",5986,5986,"NO_CROSS","MARKET:24"
"LOW_COMPLEMENTARITY-005","LOW_COMPLEMENTARITY","stress/control","VENUE0_CROSSING",8,8,125028.18385399999,0,0,125028.18385399999,0,24,125028.18385399999,0,0,0,65.69055532668584,5,0,2,0,0,0,"",0.09285584022844764,1,"LP_PASS",5986,5986,"NO_CROSS","MARKET:24"
"LOW_COMPLEMENTARITY-005","LOW_COMPLEMENTARITY","stress/control","VENUE0_FULL",8,8,125028.18385399999,0,0,125028.18385399999,0,24,125028.18385399999,0,0,0,42.04843046062208,3,12.487230821074096,2,0,0,0,"",0.09285584022844764,1,"LP_PASS",5986,5986,"NO_CROSS","EXECUTE_NOW:19 LIMIT:5"
"LOW_COMPLEMENTARITY-006","LOW_COMPLEMENTARITY","stress/control","MARKET_ONLY",8,9,43748.423286000005,0,0,43748.423286000005,0,25,43748.423286000005,0,0,0,41.538085077710825,9,0,1,4355.24,4355.239994000001,-0.000005999998393235728,-1.3776504608783277e-9,0.2371599896565927,0,"n/a",4199,"","MARKET_ONLY","MARKET:25"
"LOW_COMPLEMENTARITY-006","LOW_COMPLEMENTARITY","stress/control","BILATERAL_ONLY",8,9,43748.423286000005,4355.24,0.09955193062680562,39393.183286,0.018945999999459673,22,39393.16434,0,0,0,40.53053249974344,10,0,1,4355.24,4355.239994000001,-0.000005999998393235728,-1.3776504608783277e-9,0.2371599896565927,0.54,"n/a",4199,3781,"CROSSED_BILATERAL","MARKET:22"
"LOW_COMPLEMENTARITY-006","LOW_COMPLEMENTARITY","stress/control","VENUE0_CROSSING",8,9,43748.423286000005,4355.239994000001,0.09955193048965785,39393.183292,0.01894899999979316,22,39393.164343000004,0,0,0,40.53053250168361,10,0,1,4355.24,4355.239994000001,-0.000005999998393235728,-1.3776504608783277e-9,0.2371599896565927,1,"LP_PASS",4199,3781,"PARTIAL_CROSS","MARKET:22"
"LOW_COMPLEMENTARITY-006","LOW_COMPLEMENTARITY","stress/control","VENUE0_FULL",8,9,43748.423286000005,4355.239994000001,0.09955193048965785,39393.183292,0.01894899999979316,22,39393.164343000004,0,0,0,32.61291104843451,8,14.438155334441095,1,4355.24,4355.239994000001,-0.000005999998393235728,-1.3776504608783277e-9,0.2371599896565927,1,"LP_PASS",4199,3781,"PARTIAL_CROSS","EXECUTE_NOW:18 LIMIT:4"
"LOW_COMPLEMENTARITY-007","LOW_COMPLEMENTARITY","stress/control","MARKET_ONLY",5,7,24334.403054,0,0,24334.403054,0,14,24334.403054,0,0,0,19.27711527769012,8,0,0,0,0,0,"",0,0,"n/a",4098,"","MARKET_ONLY","MARKET:14"
"LOW_COMPLEMENTARITY-007","LOW_COMPLEMENTARITY","stress/control","BILATERAL_ONLY",5,7,24334.403054,0,0,24334.403054,0,14,24334.403054,0,0,0,19.27711527769012,8,0,0,0,0,0,"",0,0,"n/a",4098,4098,"NO_CROSS","MARKET:14"
"LOW_COMPLEMENTARITY-007","LOW_COMPLEMENTARITY","stress/control","VENUE0_CROSSING",5,7,24334.403054,0,0,24334.403054,0,14,24334.403054,0,0,0,19.27711527769012,8,0,0,0,0,0,"",0,1,"EXACT_PASS",4098,4098,"NO_CROSS","MARKET:14"
"LOW_COMPLEMENTARITY-007","LOW_COMPLEMENTARITY","stress/control","VENUE0_FULL",5,7,24334.403054,0,0,24334.403054,0,14,24334.403054,0,0,0,18.41537513829458,8,6.089030527240596,0,0,0,0,"",0,1,"EXACT_PASS",4098,4098,"NO_CROSS","EXECUTE_NOW:10 LIMIT:4"
"LOW_COMPLEMENTARITY-008","LOW_COMPLEMENTARITY","stress/control","MARKET_ONLY",8,4,70644.894144,0,0,70644.894144,0,16,70644.894144,0,0,0,84.67504568882094,12,0,2,0,0,0,"",0,0,"n/a",2839,"","MARKET_ONLY","MARKET:16"
"LOW_COMPLEMENTARITY-008","LOW_COMPLEMENTARITY","stress/control","BILATERAL_ONLY",8,4,70644.894144,0,0,70644.894144,0,16,70644.894144,0,0,0,84.67504568882094,12,0,2,0,0,0,"",0,0,"n/a",2839,2839,"NO_CROSS","MARKET:16"
"LOW_COMPLEMENTARITY-008","LOW_COMPLEMENTARITY","stress/control","VENUE0_CROSSING",8,4,70644.894144,0,0,70644.894144,0,16,70644.894144,0,0,0,84.67504568882094,12,0,2,0,0,0,"",0,1,"LP_PASS",2839,2839,"NO_CROSS","MARKET:16"
"LOW_COMPLEMENTARITY-008","LOW_COMPLEMENTARITY","stress/control","VENUE0_FULL",8,4,70644.894144,0,0,70644.894144,0,16,70644.894144,0,0,0,65.21618138215693,9,48.82064462936091,2,0,0,0,"",0,1,"LP_PASS",2839,2839,"NO_CROSS","EXECUTE_NOW:8 LIMIT:8"
"LOW_COMPLEMENTARITY-009","LOW_COMPLEMENTARITY","stress/control","MARKET_ONLY",4,9,23896.068990000003,0,0,23896.068990000003,0,13,23896.068990000003,0,0,0,37.8446045524763,16,0,0,0,0,0,"",0.045169752416252956,0,"n/a",4380,"","MARKET_ONLY","MARKET:13"
"LOW_COMPLEMENTARITY-009","LOW_COMPLEMENTARITY","stress/control","BILATERAL_ONLY",4,9,23896.068990000003,0,0,23896.068990000003,0,13,23896.068990000003,0,0,0,37.8446045524763,16,0,0,0,0,0,"",0.045169752416252956,0.39,"n/a",4380,4380,"NO_CROSS","MARKET:13"
"LOW_COMPLEMENTARITY-009","LOW_COMPLEMENTARITY","stress/control","VENUE0_CROSSING",4,9,23896.068990000003,0,0,23896.068990000003,0,13,23896.068990000003,0,0,0,37.8446045524763,16,0,0,0,0,0,"",0.045169752416252956,1,"EXACT_PASS",4380,4380,"NO_CROSS","MARKET:13"
"LOW_COMPLEMENTARITY-009","LOW_COMPLEMENTARITY","stress/control","VENUE0_FULL",4,9,23896.068990000003,0,0,23896.068990000003,0,13,23896.068990000003,0,0,0,21.751431073871125,9,14.428045039610085,0,0,0,0,"",0.045169752416252956,1,"EXACT_PASS",4380,4380,"NO_CROSS","EXECUTE_NOW:8 LIMIT:5"
"LOW_COMPLEMENTARITY-010","LOW_COMPLEMENTARITY","stress/control","MARKET_ONLY",5,8,38694.946139,0,0,38694.946139,0,17,38694.946139,0,0,0,38.73621152346341,10,0,1,0,0,0,"",0.03279190939927722,0,"n/a",5180,"","MARKET_ONLY","MARKET:17"
"LOW_COMPLEMENTARITY-010","LOW_COMPLEMENTARITY","stress/control","BILATERAL_ONLY",5,8,38694.946139,0,0,38694.946139,0,17,38694.946139,0,0,0,38.73621152346341,10,0,1,0,0,0,"",0.03279190939927722,0.37,"n/a",5180,5180,"NO_CROSS","MARKET:17"
"LOW_COMPLEMENTARITY-010","LOW_COMPLEMENTARITY","stress/control","VENUE0_CROSSING",5,8,38694.946139,0,0,38694.946139,0,17,38694.946139,0,0,0,38.73621152346341,10,0,1,0,0,0,"",0.03279190939927722,1,"EXACT_PASS",5180,5180,"NO_CROSS","MARKET:17"
"LOW_COMPLEMENTARITY-010","LOW_COMPLEMENTARITY","stress/control","VENUE0_FULL",5,8,38694.946139,0,0,38694.946139,0,17,38694.946139,0,0,0,25.318591114299824,7,17.033584741780402,1,0,0,0,"",0.03279190939927722,1,"EXACT_PASS",5180,5180,"NO_CROSS","LIMIT:6 EXECUTE_NOW:11"
"LOW_COMPLEMENTARITY-011","LOW_COMPLEMENTARITY","stress/control","MARKET_ONLY",7,8,106641.38446199999,0,0,106641.38446199999,0,22,106641.38446199999,0,0,0,78.72214907906762,7,0,5,18829.84,18829.839985,-0.000015000001440057531,-7.966080136664747e-10,0.21744235638897594,0,"n/a",3968,"","MARKET_ONLY","MARKET:22"
"LOW_COMPLEMENTARITY-011","LOW_COMPLEMENTARITY","stress/control","BILATERAL_ONLY",7,8,106641.38446199999,18829.84,0.1765716011189795,87811.544462,0.020376000000055683,17,87811.52408599999,0,0,0,68.78844702594026,8,0,5,18829.84,18829.839985,-0.000015000001440057531,-7.966080136664747e-10,0.21744235638897594,0.37,"n/a",3968,3268,"CROSSED_BILATERAL","MARKET:17"
"LOW_COMPLEMENTARITY-011","LOW_COMPLEMENTARITY","stress/control","VENUE0_CROSSING",7,8,106641.38446199999,18829.839985,0.17657160097832114,87811.54447699999,0.03383199999984754,14,87811.51064499999,0,0,0,68.78794381795845,8,0,5,18829.84,18829.839985,-0.000015000001440057531,-7.966080136664747e-10,0.21744235638897594,1,"LP_PASS",3968,3268,"PARTIAL_CROSS","MARKET:14"
"LOW_COMPLEMENTARITY-011","LOW_COMPLEMENTARITY","stress/control","VENUE0_FULL",7,8,106641.38446199999,18829.839985,0.17657160097832114,87811.54447699999,0.03383199999984754,14,87811.51064499999,0,0,0,59.48958695566053,7,41.73019969035619,5,18829.84,18829.839985,-0.000015000001440057531,-7.966080136664747e-10,0.21744235638897594,1,"LP_PASS",3968,3268,"PARTIAL_CROSS","EXECUTE_NOW:10 LIMIT:4"
"LOW_COMPLEMENTARITY-012","LOW_COMPLEMENTARITY","stress/control","MARKET_ONLY",10,9,59053.40577299999,0,0,59053.40577299999,0,34,59053.40577299999,0,0,0,37.831796775187065,6,0,1,16706.440000000002,16878.759983,172.3199829999976,0.010314584256131023,0.3636937172185881,0,"n/a",4155,"","MARKET_ONLY","MARKET:34"
"LOW_COMPLEMENTARITY-012","LOW_COMPLEMENTARITY","stress/control","BILATERAL_ONLY",10,9,59053.40577299999,16706.440000000002,0.28290392029579453,42346.96577299999,0.0539059999992233,25,42346.911866999995,0,0,0,30.020568815020326,7,0,1,16706.440000000002,16878.759983,172.3199829999976,0.010314584256131023,0.3636937172185881,0.53,"n/a",4155,2979,"CROSSED_BILATERAL","MARKET:25"
"LOW_COMPLEMENTARITY-012","LOW_COMPLEMENTARITY","stress/control","VENUE0_CROSSING",10,9,59053.40577299999,16878.759983,0.2858219566180753,42174.645789999995,0.02939300000029732,27,42174.616397,0,0,0,29.154331222436006,7,0,1,16706.440000000002,16878.759983,172.3199829999976,0.010314584256131023,0.3636937172185881,1,"LP_PASS",4155,2967,"PARTIAL_CROSS","MARKET:27"
"LOW_COMPLEMENTARITY-012","LOW_COMPLEMENTARITY","stress/control","VENUE0_FULL",10,9,59053.40577299999,16878.759983,0.2858219566180753,42174.645789999995,0.02939300000029732,27,42174.616397,0,0,0,28.057245533696687,7,8.100945020006263,1,16706.440000000002,16878.759983,172.3199829999976,0.010314584256131023,0.3636937172185881,1,"LP_PASS",4155,2967,"PARTIAL_CROSS","LIMIT:6 EXECUTE_NOW:21"
"LOW_COMPLEMENTARITY-013","LOW_COMPLEMENTARITY","stress/control","MARKET_ONLY",12,9,162891.92137399994,0,0,162891.92137399994,0,36,162891.92137399994,0,0,0,182.77790633256032,11,0,6,2906.7200000000003,6025.079980999999,3118.3599809999987,1.0728105840947868,0.1445342637093966,0,"n/a",5724,"","MARKET_ONLY","MARKET:36"
"LOW_COMPLEMENTARITY-013","LOW_COMPLEMENTARITY","stress/control","BILATERAL_ONLY",12,9,162891.92137399994,2906.7200000000003,0.017844469974211734,159985.201374,0.01579199999999048,34,159985.18558199998,0,0,0,178.19381074158375,11,0,5,2906.7200000000003,6025.079980999999,3118.3599809999987,1.0728105840947868,0.1445342637093966,0.48,"n/a",5724,5622,"CROSSED_BILATERAL","MARKET:34"
"LOW_COMPLEMENTARITY-013","LOW_COMPLEMENTARITY","stress/control","VENUE0_CROSSING",12,9,162891.92137399994,6025.079980999999,0.036988206230107706,156866.84139299998,0.037141000000012525,29,156866.80425199997,0,0,0,176.96952762317133,11,0,5,2906.7200000000003,6025.079980999999,3118.3599809999987,1.0728105840947868,0.1445342637093966,1,"LP_PASS",5724,5512,"PARTIAL_CROSS","MARKET:29"
"LOW_COMPLEMENTARITY-013","LOW_COMPLEMENTARITY","stress/control","VENUE0_FULL",12,9,162891.92137399994,6025.079980999999,0.036988206230107706,156866.84139299998,0.037141000000012525,29,156866.80425199997,0,0,0,136.818814392415,9,54.60108826680785,5,2906.7200000000003,6025.079980999999,3118.3599809999987,1.0728105840947868,0.1445342637093966,1,"LP_PASS",5724,5512,"PARTIAL_CROSS","EXECUTE_NOW:17 LIMIT:12"
"LOW_COMPLEMENTARITY-014","LOW_COMPLEMENTARITY","stress/control","MARKET_ONLY",7,8,54707.53499300001,0,0,54707.53499300001,0,19,54707.53499300001,0,0,0,44.94341735395398,8,0,1,8187.800000000002,8187.799993999999,-0.000006000002940709237,-7.327979360401128e-10,0.3566503555770983,0,"n/a",5173,"","MARKET_ONLY","MARKET:19"
"LOW_COMPLEMENTARITY-014","LOW_COMPLEMENTARITY","stress/control","BILATERAL_ONLY",7,8,54707.53499300001,8187.800000000002,0.14966494105515182,46519.734993,0.019917999999734093,16,46519.715075,0,0,0,36.594958815397376,8,0,1,8187.800000000002,8187.799993999999,-0.000006000002940709237,-7.327979360401128e-10,0.3566503555770983,0.26,"n/a",5173,4398,"CROSSED_BILATERAL","MARKET:16"
"LOW_COMPLEMENTARITY-014","LOW_COMPLEMENTARITY","stress/control","VENUE0_CROSSING",7,8,54707.53499300001,8187.799993999999,0.14966494094547766,46519.734999,0.019921000000294953,16,46519.715078,0,0,0,36.59495881755153,8,0,1,8187.800000000002,8187.799993999999,-0.000006000002940709237,-7.327979360401128e-10,0.3566503555770983,1,"LP_PASS",5173,4398,"PARTIAL_CROSS","MARKET:16"
"LOW_COMPLEMENTARITY-014","LOW_COMPLEMENTARITY","stress/control","VENUE0_FULL",7,8,54707.53499300001,8187.799993999999,0.14966494094547766,46519.734999,0.019921000000294953,16,46519.715078,0,0,0,33.30545131407715,7,12.85745595486501,1,8187.800000000002,8187.799993999999,-0.000006000002940709237,-7.327979360401128e-10,0.3566503555770983,1,"LP_PASS",5173,4398,"PARTIAL_CROSS","EXECUTE_NOW:12 LIMIT:4"
"LOW_COMPLEMENTARITY-015","LOW_COMPLEMENTARITY","stress/control","MARKET_ONLY",10,9,71096.238971,0,0,71096.238971,0,31,71096.238971,0,0,0,76.99886874233863,11,0,1,2367.04,2367.039996,-0.000003999999989900971,-1.68987426908754e-9,0.06898963474004159,0,"n/a",3836,"","MARKET_ONLY","MARKET:31"
"LOW_COMPLEMENTARITY-015","LOW_COMPLEMENTARITY","stress/control","BILATERAL_ONLY",10,9,71096.238971,2367.04,0.033293462977211925,68729.19897099999,0.019945000000120672,29,68729.179026,0,0,0,74.86081864471119,11,0,1,2367.04,2367.039996,-0.000003999999989900971,-1.68987426908754e-9,0.06898963474004159,0.34,"n/a",3836,3708,"CROSSED_BILATERAL","MARKET:29"
"LOW_COMPLEMENTARITY-015","LOW_COMPLEMENTARITY","stress/control","VENUE0_CROSSING",10,9,71096.238971,2367.039996,0.03329346292095016,68729.198975,0.019947000000115622,29,68729.179028,0,0,0,74.86081864612395,11,0,1,2367.04,2367.039996,-0.000003999999989900971,-1.68987426908754e-9,0.06898963474004159,1,"LP_PASS",3836,3708,"PARTIAL_CROSS","MARKET:29"
"LOW_COMPLEMENTARITY-015","LOW_COMPLEMENTARITY","stress/control","VENUE0_FULL",10,9,71096.238971,2367.039996,0.03329346292095016,68729.198975,0.019947000000115622,29,68729.179028,0,0,0,53.85236317281382,8,43.0210206567753,1,2367.04,2367.039996,-0.000003999999989900971,-1.68987426908754e-9,0.06898963474004159,1,"LP_PASS",3836,3708,"PARTIAL_CROSS","EXECUTE_NOW:20 LIMIT:9"
"LOW_COMPLEMENTARITY-016","LOW_COMPLEMENTARITY","stress/control","MARKET_ONLY",6,6,52970.23595299999,0,0,52970.23595299999,0,15,52970.23595299999,0,0,0,63.14763505562867,12,0,0,0,0,0,"",0.04309111683069116,0,"n/a",3256,"","MARKET_ONLY","MARKET:15"
"LOW_COMPLEMENTARITY-016","LOW_COMPLEMENTARITY","stress/control","BILATERAL_ONLY",6,6,52970.23595299999,0,0,52970.23595299999,0,15,52970.23595299999,0,0,0,63.14763505562867,12,0,0,0,0,0,"",0.04309111683069116,0.23,"n/a",3256,3256,"NO_CROSS","MARKET:15"
"LOW_COMPLEMENTARITY-016","LOW_COMPLEMENTARITY","stress/control","VENUE0_CROSSING",6,6,52970.23595299999,0,0,52970.23595299999,0,15,52970.23595299999,0,0,0,63.14763505562867,12,0,0,0,0,0,"",0.04309111683069116,1,"EXACT_PASS",3256,3256,"NO_CROSS","MARKET:15"
"LOW_COMPLEMENTARITY-016","LOW_COMPLEMENTARITY","stress/control","VENUE0_FULL",6,6,52970.23595299999,0,0,52970.23595299999,0,15,52970.23595299999,0,0,0,42.34968392550351,8,37.25303665292084,0,0,0,0,"",0.04309111683069116,1,"EXACT_PASS",3256,3256,"NO_CROSS","LIMIT:8 EXECUTE_NOW:7"
"LOW_COMPLEMENTARITY-017","LOW_COMPLEMENTARITY","stress/control","MARKET_ONLY",8,8,78040.17299800002,0,0,78040.17299800002,0,24,78040.17299800002,0,0,0,103.8265441017872,13,0,2,27923.64000000001,28543.379982,619.7399819999882,0.022194097259525907,0.43428518733381793,0,"n/a",5977,"","MARKET_ONLY","MARKET:24"
"LOW_COMPLEMENTARITY-017","LOW_COMPLEMENTARITY","stress/control","BILATERAL_ONLY",8,8,78040.17299800002,27923.64000000001,0.35781109814704826,50116.532997999995,0.01796799999937093,18,50116.515029999995,0,0,0,82.17187957570961,16,0,2,27923.64000000001,28543.379982,619.7399819999882,0.022194097259525907,0.43428518733381793,0.57,"n/a",5977,3838,"CROSSED_BILATERAL","MARKET:18"
"LOW_COMPLEMENTARITY-017","LOW_COMPLEMENTARITY","stress/control","VENUE0_CROSSING",8,8,78040.17299800002,28543.379982,0.3657523924598616,49496.79301600001,0.03164399999963052,15,49496.76137200001,0,0,0,81.95387046724677,17,0,2,27923.64000000001,28543.379982,619.7399819999882,0.022194097259525907,0.43428518733381793,1,"LP_PASS",5977,3791,"PARTIAL_CROSS","MARKET:15"
"LOW_COMPLEMENTARITY-017","LOW_COMPLEMENTARITY","stress/control","VENUE0_FULL",8,8,78040.17299800002,28543.379982,0.3657523924598616,49496.79301600001,0.03164399999963052,15,49496.76137200001,0,0,0,33.06332033922908,7,30.867873028055456,2,27923.64000000001,28543.379982,619.7399819999882,0.022194097259525907,0.43428518733381793,1,"LP_PASS",5977,3791,"PARTIAL_CROSS","LIMIT:5 EXECUTE_NOW:10"
"LOW_COMPLEMENTARITY-018","LOW_COMPLEMENTARITY","stress/control","MARKET_ONLY",6,4,33827.153295,0,0,33827.153295,0,12,33827.153295,0,0,0,41.43563837026724,12,0,2,0,0,0,"",0,0,"n/a",4303,"","MARKET_ONLY","MARKET:12"
"LOW_COMPLEMENTARITY-018","LOW_COMPLEMENTARITY","stress/control","BILATERAL_ONLY",6,4,33827.153295,0,0,33827.153295,0,12,33827.153295,0,0,0,41.43563837026724,12,0,2,0,0,0,"",0,0,"n/a",4303,4303,"NO_CROSS","MARKET:12"
"LOW_COMPLEMENTARITY-018","LOW_COMPLEMENTARITY","stress/control","VENUE0_CROSSING",6,4,33827.153295,0,0,33827.153295,0,12,33827.153295,0,0,0,41.43563837026724,12,0,2,0,0,0,"",0,1,"EXACT_PASS",4303,4303,"NO_CROSS","MARKET:12"
"LOW_COMPLEMENTARITY-018","LOW_COMPLEMENTARITY","stress/control","VENUE0_FULL",6,4,33827.153295,0,0,33827.153295,0,12,33827.153295,0,0,0,31.614888716117186,9,14.945130731869453,2,0,0,0,"",0,1,"EXACT_PASS",4303,4303,"NO_CROSS","EXECUTE_NOW:8 LIMIT:4"
"LOW_COMPLEMENTARITY-019","LOW_COMPLEMENTARITY","stress/control","MARKET_ONLY",8,8,52791.61469899999,0,0,52791.61469899999,0,22,52791.61469899999,0,0,0,63.81394436465936,12,0,2,1262.72,1262.719996,-0.000003999999989900971,-3.1677648171415444e-9,0.03486255195060103,0,"n/a",2801,"","MARKET_ONLY","MARKET:22"
"LOW_COMPLEMENTARITY-019","LOW_COMPLEMENTARITY","stress/control","BILATERAL_ONLY",8,8,52791.61469899999,1262.72,0.023918950143874254,51528.89469899999,0.0058249999999873125,20,51528.88887399999,0,0,0,62.640886039555404,12,0,2,1262.72,1262.719996,-0.000003999999989900971,-3.1677648171415444e-9,0.03486255195060103,0.33,"n/a",2801,2734,"CROSSED_BILATERAL","MARKET:20"
"LOW_COMPLEMENTARITY-019","LOW_COMPLEMENTARITY","stress/control","VENUE0_CROSSING",8,8,52791.61469899999,1262.719996,0.023918950068104645,51528.89470299999,0.000321999999982836,21,51528.89438099999,0,0,0,62.73467024516471,12,0,2,1262.72,1262.719996,-0.000003999999989900971,-3.1677648171415444e-9,0.03486255195060103,1,"LP_PASS",2801,2734,"PARTIAL_CROSS","MARKET:21"
"LOW_COMPLEMENTARITY-019","LOW_COMPLEMENTARITY","stress/control","VENUE0_FULL",8,8,52791.61469899999,1262.719996,0.023918950068104645,51528.89470299999,0.000321999999982836,21,51528.89438099999,0,0,0,47.24205006173137,9,28.759861253589726,2,1262.72,1262.719996,-0.000003999999989900971,-3.1677648171415444e-9,0.03486255195060103,1,"LP_PASS",2801,2734,"PARTIAL_CROSS","EXECUTE_NOW:12 LIMIT:9"
"LOW_COMPLEMENTARITY-020","LOW_COMPLEMENTARITY","stress/control","MARKET_ONLY",5,8,60590.810569999994,0,0,60590.810569999994,0,16,60590.810569999994,0,0,0,91.87877047016687,15,0,0,739,738.999996,-0.000003999999989900971,-5.4127198780797984e-9,0.04701425564705068,0,"n/a",5329,"","MARKET_ONLY","MARKET:16"
"LOW_COMPLEMENTARITY-020","LOW_COMPLEMENTARITY","stress/control","BILATERAL_ONLY",5,8,60590.810569999994,739,0.012196568968923766,59851.810569999994,0.0008029999999905613,15,59851.809767,0,0,0,91.32916321978792,15,0,0,739,738.999996,-0.000003999999989900971,-5.4127198780797984e-9,0.04701425564705068,0.28,"n/a",5329,5264,"CROSSED_BILATERAL","MARKET:15"
"LOW_COMPLEMENTARITY-020","LOW_COMPLEMENTARITY","stress/control","VENUE0_CROSSING",5,8,60590.810569999994,738.999996,0.012196568902907153,59851.810573999996,0.0008039999999880365,15,59851.80977,0,0,0,91.32916322198628,15,0,0,739,738.999996,-0.000003999999989900971,-5.4127198780797984e-9,0.04701425564705068,1,"EXACT_PASS",5329,5264,"PARTIAL_CROSS","MARKET:15"
"LOW_COMPLEMENTARITY-020","LOW_COMPLEMENTARITY","stress/control","VENUE0_FULL",5,8,60590.810569999994,738.999996,0.012196568902907153,59851.810573999996,0.0008039999999880365,15,59851.80977,0,0,0,48.839236247236656,8,44.80443060539565,0,739,738.999996,-0.000003999999989900971,-5.4127198780797984e-9,0.04701425564705068,1,"EXACT_PASS",5329,5264,"PARTIAL_CROSS","EXECUTE_NOW:7 LIMIT:8"
"LOW_COMPLEMENTARITY-021","LOW_COMPLEMENTARITY","stress/control","MARKET_ONLY",4,4,8313.534292,0,0,8313.534292,0,8,8313.534292,0,0,0,6.838956835610459,8,0,0,0,0,0,"",0,0,"n/a",3546,"","MARKET_ONLY","MARKET:8"
"LOW_COMPLEMENTARITY-021","LOW_COMPLEMENTARITY","stress/control","BILATERAL_ONLY",4,4,8313.534292,0,0,8313.534292,0,8,8313.534292,0,0,0,6.838956835610459,8,0,0,0,0,0,"",0,0,"n/a",3546,3546,"NO_CROSS","MARKET:8"
"LOW_COMPLEMENTARITY-021","LOW_COMPLEMENTARITY","stress/control","VENUE0_CROSSING",4,4,8313.534292,0,0,8313.534292,0,8,8313.534292,0,0,0,6.838956835610459,8,0,0,0,0,0,"",0,0,"EXACT_PASS",3546,3546,"NO_CROSS","MARKET:8"
"LOW_COMPLEMENTARITY-021","LOW_COMPLEMENTARITY","stress/control","VENUE0_FULL",4,4,8313.534292,0,0,8313.534292,0,8,8313.534292,0,0,0,6.678688600874043,8,3.69184799708955,0,0,0,0,"",0,0,"EXACT_PASS",3546,3546,"NO_CROSS","EXECUTE_NOW:6 LIMIT:2"
"LOW_COMPLEMENTARITY-022","LOW_COMPLEMENTARITY","stress/control","MARKET_ONLY",6,6,99053.37436700001,0,0,99053.37436700001,0,15,99053.37436700001,0,0,0,100.4294844182063,10,0,5,0,0,0,"",0.07824943541330007,0,"n/a",4476,"","MARKET_ONLY","MARKET:15"
"LOW_COMPLEMENTARITY-022","LOW_COMPLEMENTARITY","stress/control","BILATERAL_ONLY",6,6,99053.37436700001,0,0,99053.37436700001,0,15,99053.37436700001,0,0,0,100.4294844182063,10,0,5,0,0,0,"",0.07824943541330007,0.4,"n/a",4476,4476,"NO_CROSS","MARKET:15"
"LOW_COMPLEMENTARITY-022","LOW_COMPLEMENTARITY","stress/control","VENUE0_CROSSING",6,6,99053.37436700001,0,0,99053.37436700001,0,15,99053.37436700001,0,0,0,100.4294844182063,10,0,5,0,0,0,"",0.07824943541330007,1,"EXACT_PASS",4476,4476,"NO_CROSS","MARKET:15"
"LOW_COMPLEMENTARITY-022","LOW_COMPLEMENTARITY","stress/control","VENUE0_FULL",6,6,99053.37436700001,0,0,99053.37436700001,0,15,99053.37436700001,0,0,0,76.00437745941736,8,42.25181403351397,5,0,0,0,"",0.07824943541330007,1,"EXACT_PASS",4476,4476,"NO_CROSS","LIMIT:5 EXECUTE_NOW:10"
"LOW_COMPLEMENTARITY-023","LOW_COMPLEMENTARITY","stress/control","MARKET_ONLY",5,9,125689.99067300001,0,0,125689.99067300001,0,21,125689.99067300001,0,0,0,142.74403259620297,11,0,6,29305.64,29305.639996,-0.000003999997716164216,-1.3649241975825188e-10,0.3276478942316168,0,"n/a",7998,"","MARKET_ONLY","MARKET:21"
"LOW_COMPLEMENTARITY-023","LOW_COMPLEMENTARITY","stress/control","BILATERAL_ONLY",5,9,125689.99067300001,29305.64,0.2331581046596041,96384.350673,0.008797999999842432,20,96384.341875,0,0,0,122.93059688506663,13,0,3,29305.64,29305.639996,-0.000003999997716164216,-1.3649241975825188e-10,0.3276478942316168,0.31,"n/a",7998,6134,"CROSSED_BILATERAL","MARKET:20"
"LOW_COMPLEMENTARITY-023","LOW_COMPLEMENTARITY","stress/control","VENUE0_CROSSING",5,9,125689.99067300001,29305.639996,0.23315810462777978,96384.35067700001,0.008798999999271473,20,96384.341878,0,0,0,122.93059688786461,13,0,3,29305.64,29305.639996,-0.000003999997716164216,-1.3649241975825188e-10,0.3276478942316168,1,"EXACT_PASS",7998,6134,"PARTIAL_CROSS","MARKET:20"
"LOW_COMPLEMENTARITY-023","LOW_COMPLEMENTARITY","stress/control","VENUE0_FULL",5,9,125689.99067300001,29305.639996,0.23315810462777978,96384.35067700001,0.008798999999271473,20,96384.341878,0,0,0,73.52333908752158,8,49.47242688326294,3,29305.64,29305.639996,-0.000003999997716164216,-1.3649241975825188e-10,0.3276478942316168,1,"EXACT_PASS",7998,6134,"PARTIAL_CROSS","EXECUTE_NOW:12 LIMIT:8"
"LOW_COMPLEMENTARITY-024","LOW_COMPLEMENTARITY","stress/control","MARKET_ONLY",8,4,72296.94728699999,0,0,72296.94728699999,0,16,72296.94728699999,0,0,0,77.71484095648944,11,0,2,0,0,0,"",0,0,"n/a",3624,"","MARKET_ONLY","MARKET:16"
"LOW_COMPLEMENTARITY-024","LOW_COMPLEMENTARITY","stress/control","BILATERAL_ONLY",8,4,72296.94728699999,0,0,72296.94728699999,0,16,72296.94728699999,0,0,0,77.71484095648944,11,0,2,0,0,0,"",0,0,"n/a",3624,3624,"NO_CROSS","MARKET:16"
"LOW_COMPLEMENTARITY-024","LOW_COMPLEMENTARITY","stress/control","VENUE0_CROSSING",8,4,72296.94728699999,0,0,72296.94728699999,0,16,72296.94728699999,0,0,0,77.71484095648944,11,0,2,0,0,0,"",0,1,"LP_PASS",3624,3624,"NO_CROSS","MARKET:16"
"LOW_COMPLEMENTARITY-024","LOW_COMPLEMENTARITY","stress/control","VENUE0_FULL",8,4,72296.94728699999,0,0,72296.94728699999,0,16,72296.94728699999,0,0,0,63.05104411360377,9,32.57755096802029,2,0,0,0,"",0,1,"LP_PASS",3624,3624,"NO_CROSS","LIMIT:7 EXECUTE_NOW:9"
"LOW_COMPLEMENTARITY-025","LOW_COMPLEMENTARITY","stress/control","MARKET_ONLY",9,8,145950.11309199996,0,0,145950.11309199996,0,29,145950.11309199996,0,0,0,154.84501425830095,11,0,6,31623.519999999997,32492.999987,869.4799870000024,0.027494725033772413,0.41485259880431596,0,"n/a",5640,"","MARKET_ONLY","MARKET:29"
"LOW_COMPLEMENTARITY-025","LOW_COMPLEMENTARITY","stress/control","BILATERAL_ONLY",9,8,145950.11309199996,31623.519999999997,0.21667348746805043,114326.59309199998,0.027037999999436124,25,114326.56605399998,0,0,0,123.43450902697359,11,0,6,31623.519999999997,32492.999987,869.4799870000024,0.027494725033772413,0.41485259880431596,0.36,"n/a",5640,4418,"CROSSED_BILATERAL","MARKET:25"
"LOW_COMPLEMENTARITY-025","LOW_COMPLEMENTARITY","stress/control","VENUE0_CROSSING",9,8,145950.11309199996,32492.999987,0.22263086542809302,113457.113105,0.03256900000002361,23,113457.08053599998,0,0,0,123.27384421251223,11,0,6,31623.519999999997,32492.999987,869.4799870000024,0.027494725033772413,0.41485259880431596,1,"LP_PASS",5640,4384,"PARTIAL_CROSS","MARKET:23"
"LOW_COMPLEMENTARITY-025","LOW_COMPLEMENTARITY","stress/control","VENUE0_FULL",9,8,145950.11309199996,32492.999987,0.22263086542809302,113457.113105,0.03256900000002361,23,113457.08053599998,0,0,0,75.79571523523906,7,47.30183686450161,6,31623.519999999997,32492.999987,869.4799870000024,0.027494725033772413,0.41485259880431596,1,"LP_PASS",5640,4384,"PARTIAL_CROSS","EXECUTE_NOW:17 LIMIT:6"
"LOW_COMPLEMENTARITY-026","LOW_COMPLEMENTARITY","stress/control","MARKET_ONLY",5,8,47082.057930999996,0,0,47082.057930999996,0,14,47082.057930999996,0,0,0,59.36405917367692,13,0,2,0,0,0,"",0.035900236486627594,0,"n/a",3652,"","MARKET_ONLY","MARKET:14"
"LOW_COMPLEMENTARITY-026","LOW_COMPLEMENTARITY","stress/control","BILATERAL_ONLY",5,8,47082.057930999996,0,0,47082.057930999996,0,14,47082.057930999996,0,0,0,59.36405917367692,13,0,2,0,0,0,"",0.035900236486627594,0.29,"n/a",3652,3652,"NO_CROSS","MARKET:14"
"LOW_COMPLEMENTARITY-026","LOW_COMPLEMENTARITY","stress/control","VENUE0_CROSSING",5,8,47082.057930999996,0,0,47082.057930999996,0,14,47082.057930999996,0,0,0,59.36405917367692,13,0,2,0,0,0,"",0.035900236486627594,1,"EXACT_PASS",3652,3652,"NO_CROSS","MARKET:14"
"LOW_COMPLEMENTARITY-026","LOW_COMPLEMENTARITY","stress/control","VENUE0_FULL",5,8,47082.057930999996,0,0,47082.057930999996,0,14,47082.057930999996,0,0,0,42.55099408686568,9,38.93424819018033,2,0,0,0,"",0.035900236486627594,1,"EXACT_PASS",3652,3652,"NO_CROSS","EXECUTE_NOW:6 LIMIT:8"
"LOW_COMPLEMENTARITY-027","LOW_COMPLEMENTARITY","stress/control","MARKET_ONLY",10,9,114971.63531499998,0,0,114971.63531499998,0,31,114971.63531499998,0,0,0,81.89164980522645,7,0,5,21958.199999999993,29222.139987000002,7263.939987000009,0.3308076248053124,0.3968065309935443,0,"n/a",4587,"","MARKET_ONLY","MARKET:31"
"LOW_COMPLEMENTARITY-027","LOW_COMPLEMENTARITY","stress/control","BILATERAL_ONLY",10,9,114971.63531499998,21958.199999999993,0.19098797664170633,93013.43531499998,0.01621699999992643,29,93013.41909799998,0,0,0,71.07555467350063,8,0,2,21958.199999999993,29222.139987000002,7263.939987000009,0.3308076248053124,0.3968065309935443,0.44,"n/a",4587,3711,"CROSSED_BILATERAL","MARKET:29"
"LOW_COMPLEMENTARITY-027","LOW_COMPLEMENTARITY","stress/control","VENUE0_CROSSING",10,9,114971.63531499998,29222.139987000002,0.25416825556092165,85749.49532799999,0.017696000000398726,27,85749.477632,0,0,0,67.07194969504936,8,0,4,21958.199999999993,29222.139987000002,7263.939987000009,0.3308076248053124,0.3968065309935443,1,"LP_PASS",4587,3421,"PARTIAL_CROSS","MARKET:27"
"LOW_COMPLEMENTARITY-027","LOW_COMPLEMENTARITY","stress/control","VENUE0_FULL",10,9,114971.63531499998,29222.139987000002,0.25416825556092165,85749.49532799999,0.017696000000398726,27,85749.477632,0,0,0,53.44543488812596,6,28.592587281870358,4,21958.199999999993,29222.139987000002,7263.939987000009,0.3308076248053124,0.3968065309935443,1,"LP_PASS",4587,3421,"PARTIAL_CROSS","EXECUTE_NOW:18 LIMIT:9"
"LOW_COMPLEMENTARITY-028","LOW_COMPLEMENTARITY","stress/control","MARKET_ONLY",11,9,178004.80346000002,0,0,178004.80346000002,0,35,178004.80346000002,0,0,0,173.93979348839514,10,0,6,8014.24,8637.559983000001,623.3199830000012,0.07777655560602144,0.05742456426630634,0,"n/a",4502,"","MARKET_ONLY","MARKET:35"
"LOW_COMPLEMENTARITY-028","LOW_COMPLEMENTARITY","stress/control","BILATERAL_ONLY",11,9,178004.80346000002,8014.24,0.04502260525683456,169990.56346000003,0.02977299999980687,31,169990.53368700005,0,0,0,166.91900763538314,10,0,6,8014.24,8637.559983000001,623.3199830000012,0.07777655560602144,0.05742456426630634,0.55,"n/a",4502,4299,"CROSSED_BILATERAL","MARKET:31"
"LOW_COMPLEMENTARITY-028","LOW_COMPLEMENTARITY","stress/control","VENUE0_CROSSING",11,9,178004.80346000002,8637.559983000001,0.04852430841812071,169367.24347700004,0.03749300000004041,29,169367.205984,0,0,0,166.31549282372373,10,0,6,8014.24,8637.559983000001,623.3199830000012,0.07777655560602144,0.05742456426630634,1,"LP_PASS",4502,4283,"PARTIAL_CROSS","MARKET:29"
"LOW_COMPLEMENTARITY-028","LOW_COMPLEMENTARITY","stress/control","VENUE0_FULL",11,9,178004.80346000002,8637.559983000001,0.04852430841812071,169367.24347700004,0.03749300000004041,29,169367.205984,0,0,0,132.84280792862967,8,72.6531265936442,6,8014.24,8637.559983000001,623.3199830000012,0.07777655560602144,0.05742456426630634,1,"LP_PASS",4502,4283,"PARTIAL_CROSS","LIMIT:15 EXECUTE_NOW:14"
"LOW_COMPLEMENTARITY-029","LOW_COMPLEMENTARITY","stress/control","MARKET_ONLY",5,4,21554.759263,0,0,21554.759263,0,10,21554.759263,0,0,0,27.775870353963573,13,0,0,0,0,0,"",0,0,"n/a",4099,"","MARKET_ONLY","MARKET:10"
"LOW_COMPLEMENTARITY-029","LOW_COMPLEMENTARITY","stress/control","BILATERAL_ONLY",5,4,21554.759263,0,0,21554.759263,0,10,21554.759263,0,0,0,27.775870353963573,13,0,0,0,0,0,"",0,0,"n/a",4099,4099,"NO_CROSS","MARKET:10"
"LOW_COMPLEMENTARITY-029","LOW_COMPLEMENTARITY","stress/control","VENUE0_CROSSING",5,4,21554.759263,0,0,21554.759263,0,10,21554.759263,0,0,0,27.775870353963573,13,0,0,0,0,0,"",0,1,"EXACT_PASS",4099,4099,"NO_CROSS","MARKET:10"
"LOW_COMPLEMENTARITY-029","LOW_COMPLEMENTARITY","stress/control","VENUE0_FULL",5,4,21554.759263,0,0,21554.759263,0,10,21554.759263,0,0,0,21.169196903026503,10,10.475960421739916,0,0,0,0,"",0,1,"EXACT_PASS",4099,4099,"NO_CROSS","EXECUTE_NOW:7 LIMIT:3"
"LOW_COMPLEMENTARITY-030","LOW_COMPLEMENTARITY","stress/control","MARKET_ONLY",6,4,50859.829928,0,0,50859.829928,0,12,50859.829928,0,0,0,40.990055442455905,8,0,2,0,0,0,"",0,0,"n/a",3459,"","MARKET_ONLY","MARKET:12"
"LOW_COMPLEMENTARITY-030","LOW_COMPLEMENTARITY","stress/control","BILATERAL_ONLY",6,4,50859.829928,0,0,50859.829928,0,12,50859.829928,0,0,0,40.990055442455905,8,0,2,0,0,0,"",0,0,"n/a",3459,3459,"NO_CROSS","MARKET:12"
"LOW_COMPLEMENTARITY-030","LOW_COMPLEMENTARITY","stress/control","VENUE0_CROSSING",6,4,50859.829928,0,0,50859.829928,0,12,50859.829928,0,0,0,40.990055442455905,8,0,2,0,0,0,"",0,1,"EXACT_PASS",3459,3459,"NO_CROSS","MARKET:12"
"LOW_COMPLEMENTARITY-030","LOW_COMPLEMENTARITY","stress/control","VENUE0_FULL",6,4,50859.829928,0,0,50859.829928,0,12,50859.829928,0,0,0,39.10842247862635,8,8.248817371794814,2,0,0,0,"",0,1,"EXACT_PASS",3459,3459,"NO_CROSS","EXECUTE_NOW:9 LIMIT:3"
"LOW_COMPLEMENTARITY-031","LOW_COMPLEMENTARITY","stress/control","MARKET_ONLY",10,9,89688.061713,0,0,89688.061713,0,24,89688.061713,0,0,0,123.87986479736452,14,0,4,0,0,0,"",0,0,"n/a",4282,"","MARKET_ONLY","MARKET:24"
"LOW_COMPLEMENTARITY-031","LOW_COMPLEMENTARITY","stress/control","BILATERAL_ONLY",10,9,89688.061713,0,0,89688.061713,0,24,89688.061713,0,0,0,123.87986479736452,14,0,4,0,0,0,"",0,0,"n/a",4282,4282,"NO_CROSS","MARKET:24"
"LOW_COMPLEMENTARITY-031","LOW_COMPLEMENTARITY","stress/control","VENUE0_CROSSING",10,9,89688.061713,0,0,89688.061713,0,24,89688.061713,0,0,0,123.87986479736452,14,0,4,0,0,0,"",0,1,"LP_PASS",4282,4282,"NO_CROSS","MARKET:24"
"LOW_COMPLEMENTARITY-031","LOW_COMPLEMENTARITY","stress/control","VENUE0_FULL",10,9,89688.061713,0,0,89688.061713,0,24,89688.061713,0,0,0,85.03291647869094,9,77.76374892333054,4,0,0,0,"",0,1,"LP_PASS",4282,4282,"NO_CROSS","EXECUTE_NOW:19 LIMIT:5"
"LOW_COMPLEMENTARITY-032","LOW_COMPLEMENTARITY","stress/control","MARKET_ONLY",10,9,66204.573674,0,0,66204.573674,0,27,66204.573674,0,0,0,69.63861543495211,11,0,2,3449,3772.3399910000003,323.3399910000003,0.09374891011887512,0.07845763988417463,0,"n/a",3057,"","MARKET_ONLY","MARKET:27"
"LOW_COMPLEMENTARITY-032","LOW_COMPLEMENTARITY","stress/control","BILATERAL_ONLY",10,9,66204.573674,3449,0.052096098631845715,62755.57367400001,0.011182000000047765,25,62755.562492000005,0,0,0,66.11244049967034,11,0,2,3449,3772.3399910000003,323.3399910000003,0.09374891011887512,0.07845763988417463,0.3,"n/a",3057,2897,"CROSSED_BILATERAL","MARKET:25"
"LOW_COMPLEMENTARITY-032","LOW_COMPLEMENTARITY","stress/control","VENUE0_CROSSING",10,9,66204.573674,3772.3399910000003,0.05698005110002667,62432.23368300001,0.011407000000048129,25,62432.222276000015,0,0,0,65.86213929627198,11,0,2,3449,3772.3399910000003,323.3399910000003,0.09374891011887512,0.07845763988417463,1,"LP_PASS",3057,2883,"PARTIAL_CROSS","MARKET:25"
"LOW_COMPLEMENTARITY-032","LOW_COMPLEMENTARITY","stress/control","VENUE0_FULL",10,9,66204.573674,3772.3399910000003,0.05698005110002667,62432.23368300001,0.011407000000048129,25,62432.222276000015,0,0,0,52.04195039571156,8,20.227633906522975,2,3449,3772.3399910000003,323.3399910000003,0.09374891011887512,0.07845763988417463,1,"LP_PASS",3057,2883,"PARTIAL_CROSS","EXECUTE_NOW:19 LIMIT:6"
"LOW_COMPLEMENTARITY-033","LOW_COMPLEMENTARITY","stress/control","MARKET_ONLY",4,7,22533.120231,0,0,22533.120231,0,12,22533.120231,0,0,0,22.673801814611675,10,0,0,0,0,0,"",0,0,"n/a",4739,"","MARKET_ONLY","MARKET:12"
"LOW_COMPLEMENTARITY-033","LOW_COMPLEMENTARITY","stress/control","BILATERAL_ONLY",4,7,22533.120231,0,0,22533.120231,0,12,22533.120231,0,0,0,22.673801814611675,10,0,0,0,0,0,"",0,0,"n/a",4739,4739,"NO_CROSS","MARKET:12"
"LOW_COMPLEMENTARITY-033","LOW_COMPLEMENTARITY","stress/control","VENUE0_CROSSING",4,7,22533.120231,0,0,22533.120231,0,12,22533.120231,0,0,0,22.673801814611675,10,0,0,0,0,0,"",0,1,"EXACT_PASS",4739,4739,"NO_CROSS","MARKET:12"
"LOW_COMPLEMENTARITY-033","LOW_COMPLEMENTARITY","stress/control","VENUE0_FULL",4,7,22533.120231,0,0,22533.120231,0,12,22533.120231,0,0,0,19.47814056137404,9,13.019917833387684,0,0,0,0,"",0,1,"EXACT_PASS",4739,4739,"NO_CROSS","LIMIT:7 EXECUTE_NOW:5"
"LOW_COMPLEMENTARITY-034","LOW_COMPLEMENTARITY","stress/control","MARKET_ONLY",10,4,43070.611962,0,0,43070.611962,0,20,43070.611962,0,0,0,43.6963022630718,10,0,0,0,0,0,"",0,0,"n/a",3390,"","MARKET_ONLY","MARKET:20"
"LOW_COMPLEMENTARITY-034","LOW_COMPLEMENTARITY","stress/control","BILATERAL_ONLY",10,4,43070.611962,0,0,43070.611962,0,20,43070.611962,0,0,0,43.6963022630718,10,0,0,0,0,0,"",0,0,"n/a",3390,3390,"NO_CROSS","MARKET:20"
"LOW_COMPLEMENTARITY-034","LOW_COMPLEMENTARITY","stress/control","VENUE0_CROSSING",10,4,43070.611962,0,0,43070.611962,0,20,43070.611962,0,0,0,43.6963022630718,10,0,0,0,0,0,"",0,1,"LP_PASS",3390,3390,"NO_CROSS","MARKET:20"
"LOW_COMPLEMENTARITY-034","LOW_COMPLEMENTARITY","stress/control","VENUE0_FULL",10,4,43070.611962,0,0,43070.611962,0,20,43070.611962,0,0,0,35.87304859301316,8,14.901721403116479,0,0,0,0,"",0,1,"LP_PASS",3390,3390,"NO_CROSS","EXECUTE_NOW:15 LIMIT:5"
"LOW_COMPLEMENTARITY-035","LOW_COMPLEMENTARITY","stress/control","MARKET_ONLY",11,9,75288.189927,0,0,75288.189927,0,31,75288.189927,0,0,0,93.52123421575061,12,0,2,2468.7200000000003,11691.999984,9223.279984,3.736057545610681,0.2589599806942375,0,"n/a",3921,"","MARKET_ONLY","MARKET:31"
"LOW_COMPLEMENTARITY-035","LOW_COMPLEMENTARITY","stress/control","BILATERAL_ONLY",11,9,75288.189927,2468.7200000000003,0.032790268996952775,72819.469927,0.013880999999912547,28,72819.456046,0,0,0,91.40023266389368,13,0,2,2468.7200000000003,11691.999984,9223.279984,3.736057545610681,0.2589599806942375,0.46,"n/a",3921,3793,"CROSSED_BILATERAL","MARKET:28"
"LOW_COMPLEMENTARITY-035","LOW_COMPLEMENTARITY","stress/control","VENUE0_CROSSING",11,9,75288.189927,11691.999984,0.15529660090562214,63596.189943,0.047200000000032105,23,63596.142743,0,0,0,85.30986588333359,13,0,2,2468.7200000000003,11691.999984,9223.279984,3.736057545610681,0.2589599806942375,1,"LP_PASS",3921,3312,"PARTIAL_CROSS","MARKET:23"
"LOW_COMPLEMENTARITY-035","LOW_COMPLEMENTARITY","stress/control","VENUE0_FULL",11,9,75288.189927,11691.999984,0.15529660090562214,63596.189943,0.047200000000032105,23,63596.142743,0,0,0,53.76916119514925,8,28.221967736114113,2,2468.7200000000003,11691.999984,9223.279984,3.736057545610681,0.2589599806942375,1,"LP_PASS",3921,3312,"PARTIAL_CROSS","EXECUTE_NOW:15 LIMIT:8"
"LOW_COMPLEMENTARITY-036","LOW_COMPLEMENTARITY","stress/control","MARKET_ONLY",10,9,170405.54125600006,0,0,170405.54125600006,0,33,170405.54125600006,0,0,0,225.04261531911766,13,0,3,13889.119999999999,13889.119993,-0.000006999998731771484,-5.039915222686163e-10,0.2735946431457869,0,"n/a",6075,"","MARKET_ONLY","MARKET:33"
"LOW_COMPLEMENTARITY-036","LOW_COMPLEMENTARITY","stress/control","BILATERAL_ONLY",10,9,170405.54125600006,13889.119999999999,0.08150626967660864,156516.421256,0.017239999999901556,31,156516.40401600001,0,0,0,217.04234909797776,14,0,2,13889.119999999999,13889.119993,-0.000006999998731771484,-5.039915222686163e-10,0.2735946431457869,0.33,"n/a",6075,5580,"CROSSED_BILATERAL","MARKET:31"
"LOW_COMPLEMENTARITY-036","LOW_COMPLEMENTARITY","stress/control","VENUE0_CROSSING",10,9,170405.54125600006,13889.119993,0.08150626963553016,156516.42126300003,0.017241999999896507,31,156516.40402100002,0,0,0,217.0423491015832,14,0,2,13889.119999999999,13889.119993,-0.000006999998731771484,-5.039915222686163e-10,0.2735946431457869,1,"LP_PASS",6075,5580,"PARTIAL_CROSS","MARKET:31"
"LOW_COMPLEMENTARITY-036","LOW_COMPLEMENTARITY","stress/control","VENUE0_FULL",10,9,170405.54125600006,13889.119993,0.08150626963553016,156516.42126300003,0.017241999999896507,31,156516.40402100002,0,0,0,139.39009965605402,9,117.81709438643072,2,13889.119999999999,13889.119993,-0.000006999998731771484,-5.039915222686163e-10,0.2735946431457869,1,"LP_PASS",6075,5580,"PARTIAL_CROSS","EXECUTE_NOW:15 LIMIT:16"
"LOW_COMPLEMENTARITY-037","LOW_COMPLEMENTARITY","stress/control","MARKET_ONLY",9,7,40656.239239,0,0,40656.239239,0,23,40656.239239,0,0,0,37.02803704847932,9,0,0,0,0,0,"",0.02643203764329364,0,"n/a",3076,"","MARKET_ONLY","MARKET:23"
"LOW_COMPLEMENTARITY-037","LOW_COMPLEMENTARITY","stress/control","BILATERAL_ONLY",9,7,40656.239239,0,0,40656.239239,0,23,40656.239239,0,0,0,37.02803704847932,9,0,0,0,0,0,"",0.02643203764329364,0.31,"n/a",3076,3076,"NO_CROSS","MARKET:23"
"LOW_COMPLEMENTARITY-037","LOW_COMPLEMENTARITY","stress/control","VENUE0_CROSSING",9,7,40656.239239,0,0,40656.239239,0,23,40656.239239,0,0,0,37.02803704847932,9,0,0,0,0,0,"",0.02643203764329364,1,"LP_PASS",3076,3076,"NO_CROSS","MARKET:23"
"LOW_COMPLEMENTARITY-037","LOW_COMPLEMENTARITY","stress/control","VENUE0_FULL",9,7,40656.239239,0,0,40656.239239,0,23,40656.239239,0,0,0,31.787800950874356,8,18.157597346606444,0,0,0,0,"",0.02643203764329364,1,"LP_PASS",3076,3076,"NO_CROSS","EXECUTE_NOW:17 LIMIT:6"
"LOW_COMPLEMENTARITY-038","LOW_COMPLEMENTARITY","stress/control","MARKET_ONLY",9,4,98280.893635,0,0,98280.893635,0,18,98280.893635,0,0,0,104.57359775884015,11,0,4,0,0,0,"",0,0,"n/a",3086,"","MARKET_ONLY","MARKET:18"
"LOW_COMPLEMENTARITY-038","LOW_COMPLEMENTARITY","stress/control","BILATERAL_ONLY",9,4,98280.893635,0,0,98280.893635,0,18,98280.893635,0,0,0,104.57359775884015,11,0,4,0,0,0,"",0,0,"n/a",3086,3086,"NO_CROSS","MARKET:18"
"LOW_COMPLEMENTARITY-038","LOW_COMPLEMENTARITY","stress/control","VENUE0_CROSSING",9,4,98280.893635,0,0,98280.893635,0,18,98280.893635,0,0,0,104.57359775884015,11,0,4,0,0,0,"",0,1,"LP_PASS",3086,3086,"NO_CROSS","MARKET:18"
"LOW_COMPLEMENTARITY-038","LOW_COMPLEMENTARITY","stress/control","VENUE0_FULL",9,4,98280.893635,0,0,98280.893635,0,18,98280.893635,0,0,0,84.994915298857,9,54.535833127636266,4,0,0,0,"",0,1,"LP_PASS",3086,3086,"NO_CROSS","EXECUTE_NOW:9 LIMIT:9"
"LOW_COMPLEMENTARITY-039","LOW_COMPLEMENTARITY","stress/control","MARKET_ONLY",5,5,48855.961862,0,0,48855.961862,0,12,48855.961862,0,0,0,47.80953910766724,10,0,0,0,0,0,"",0.2188343275320039,0,"n/a",4228,"","MARKET_ONLY","MARKET:12"
"LOW_COMPLEMENTARITY-039","LOW_COMPLEMENTARITY","stress/control","BILATERAL_ONLY",5,5,48855.961862,0,0,48855.961862,0,12,48855.961862,0,0,0,47.80953910766724,10,0,0,0,0,0,"",0.2188343275320039,0.28,"n/a",4228,4228,"NO_CROSS","MARKET:12"
"LOW_COMPLEMENTARITY-039","LOW_COMPLEMENTARITY","stress/control","VENUE0_CROSSING",5,5,48855.961862,0,0,48855.961862,0,12,48855.961862,0,0,0,47.80953910766724,10,0,0,0,0,0,"",0.2188343275320039,1,"EXACT_PASS",4228,4228,"NO_CROSS","MARKET:12"
"LOW_COMPLEMENTARITY-039","LOW_COMPLEMENTARITY","stress/control","VENUE0_FULL",5,5,48855.961862,0,0,48855.961862,0,12,48855.961862,0,0,0,37.04760560020932,8,12.919569400778828,0,0,0,0,"",0.2188343275320039,1,"EXACT_PASS",4228,4228,"NO_CROSS","EXECUTE_NOW:9 LIMIT:3"
"ZERO_OVERLAP-000","ZERO_OVERLAP","stress/control","MARKET_ONLY",9,9,129005.64650799999,0,0,129005.64650799999,0,26,129005.64650799999,0,0,0,100.02226796688963,8,0,3,0,0,0,"",0,0,"n/a",4705,"","MARKET_ONLY","MARKET:26"
"ZERO_OVERLAP-000","ZERO_OVERLAP","stress/control","BILATERAL_ONLY",9,9,129005.64650799999,0,0,129005.64650799999,0,26,129005.64650799999,0,0,0,100.02226796688963,8,0,3,0,0,0,"",0,0,"n/a",4705,4705,"NO_CROSS","MARKET:26"
"ZERO_OVERLAP-000","ZERO_OVERLAP","stress/control","VENUE0_CROSSING",9,9,129005.64650799999,0,0,129005.64650799999,0,26,129005.64650799999,0,0,0,100.02226796688963,8,0,3,0,0,0,"",0,1,"LP_PASS",4705,4705,"NO_CROSS","MARKET:26"
"ZERO_OVERLAP-000","ZERO_OVERLAP","stress/control","VENUE0_FULL",9,9,129005.64650799999,0,0,129005.64650799999,0,26,129005.64650799999,0,0,0,95.76153861169752,7,13.211359557417387,3,0,0,0,"",0,1,"LP_PASS",4705,4705,"NO_CROSS","LIMIT:6 EXECUTE_NOW:20"
"ZERO_OVERLAP-001","ZERO_OVERLAP","stress/control","MARKET_ONLY",8,9,49833.485,0,0,49833.485,0,25,49833.485,0,0,0,44.48402320900934,9,0,3,0,0,0,"",0,0,"n/a",4087,"","MARKET_ONLY","MARKET:25"
"ZERO_OVERLAP-001","ZERO_OVERLAP","stress/control","BILATERAL_ONLY",8,9,49833.485,0,0,49833.485,0,25,49833.485,0,0,0,44.48402320900934,9,0,3,0,0,0,"",0,0,"n/a",4087,4087,"NO_CROSS","MARKET:25"
"ZERO_OVERLAP-001","ZERO_OVERLAP","stress/control","VENUE0_CROSSING",8,9,49833.485,0,0,49833.485,0,25,49833.485,0,0,0,44.48402320900934,9,0,3,0,0,0,"",0,1,"LP_PASS",4087,4087,"NO_CROSS","MARKET:25"
"ZERO_OVERLAP-001","ZERO_OVERLAP","stress/control","VENUE0_FULL",8,9,49833.485,0,0,49833.485,0,25,49833.485,0,0,0,33.33342755093309,7,10.279625340172593,3,0,0,0,"",0,1,"LP_PASS",4087,4087,"NO_CROSS","EXECUTE_NOW:19 LIMIT:6"
"ZERO_OVERLAP-002","ZERO_OVERLAP","stress/control","MARKET_ONLY",2,5,41550.601776,0,0,41550.601776,0,8,41550.601776,0,0,0,57.629915186683405,14,0,4,0,0,0,"",0,0,"n/a",3871,"","MARKET_ONLY","MARKET:8"
"ZERO_OVERLAP-002","ZERO_OVERLAP","stress/control","BILATERAL_ONLY",2,5,41550.601776,0,0,41550.601776,0,8,41550.601776,0,0,0,57.629915186683405,14,0,4,0,0,0,"",0,0,"n/a",3871,3871,"NO_CROSS","MARKET:8"
"ZERO_OVERLAP-002","ZERO_OVERLAP","stress/control","VENUE0_CROSSING",2,5,41550.601776,0,0,41550.601776,0,8,41550.601776,0,0,0,57.629915186683405,14,0,4,0,0,0,"",0,0,"EXACT_PASS",3871,3871,"NO_CROSS","MARKET:8"
"ZERO_OVERLAP-002","ZERO_OVERLAP","stress/control","VENUE0_FULL",2,5,41550.601776,0,0,41550.601776,0,8,41550.601776,0,0,0,32.423311195883954,8,21.03947521265987,4,0,0,0,"",0,0,"EXACT_PASS",3871,3871,"NO_CROSS","EXECUTE_NOW:4 LIMIT:4"
"ZERO_OVERLAP-003","ZERO_OVERLAP","stress/control","MARKET_ONLY",8,8,133313.88552599997,0,0,133313.88552599997,0,23,133313.88552599997,0,0,0,131.5803637123416,10,0,6,0,0,0,"",0,0,"n/a",4533,"","MARKET_ONLY","MARKET:23"
"ZERO_OVERLAP-003","ZERO_OVERLAP","stress/control","BILATERAL_ONLY",8,8,133313.88552599997,0,0,133313.88552599997,0,23,133313.88552599997,0,0,0,131.5803637123416,10,0,6,0,0,0,"",0,0,"n/a",4533,4533,"NO_CROSS","MARKET:23"
"ZERO_OVERLAP-003","ZERO_OVERLAP","stress/control","VENUE0_CROSSING",8,8,133313.88552599997,0,0,133313.88552599997,0,23,133313.88552599997,0,0,0,131.5803637123416,10,0,6,0,0,0,"",0,1,"LP_PASS",4533,4533,"NO_CROSS","MARKET:23"
"ZERO_OVERLAP-003","ZERO_OVERLAP","stress/control","VENUE0_FULL",8,8,133313.88552599997,0,0,133313.88552599997,0,23,133313.88552599997,0,0,0,84.75206156746279,6,36.842495656723614,6,0,0,0,"",0,1,"LP_PASS",4533,4533,"NO_CROSS","EXECUTE_NOW:14 LIMIT:9"
"ZERO_OVERLAP-004","ZERO_OVERLAP","stress/control","MARKET_ONLY",3,7,10913.936103,0,0,10913.936103,0,9,10913.936103,0,0,0,4.980250853715918,5,0,1,0,0,0,"",0,0,"n/a",5735,"","MARKET_ONLY","MARKET:9"
"ZERO_OVERLAP-004","ZERO_OVERLAP","stress/control","BILATERAL_ONLY",3,7,10913.936103,0,0,10913.936103,0,9,10913.936103,0,0,0,4.980250853715918,5,0,1,0,0,0,"",0,0,"n/a",5735,5735,"NO_CROSS","MARKET:9"
"ZERO_OVERLAP-004","ZERO_OVERLAP","stress/control","VENUE0_CROSSING",3,7,10913.936103,0,0,10913.936103,0,9,10913.936103,0,0,0,4.980250853715918,5,0,1,0,0,0,"",0,0,"EXACT_PASS",5735,5735,"NO_CROSS","MARKET:9"
"ZERO_OVERLAP-004","ZERO_OVERLAP","stress/control","VENUE0_FULL",3,7,10913.936103,0,0,10913.936103,0,9,10913.936103,0,0,0,4.916599736010428,5,-0.7412504986959432,1,0,0,0,"",0,0,"EXACT_PASS",5735,5735,"NO_CROSS","EXECUTE_NOW:8 LIMIT:1"
"ZERO_OVERLAP-005","ZERO_OVERLAP","stress/control","MARKET_ONLY",8,9,78301.022867,0,0,78301.022867,0,25,78301.022867,0,0,0,77.48988807269467,10,0,3,0,0,0,"",0,0,"n/a",3762,"","MARKET_ONLY","MARKET:25"
"ZERO_OVERLAP-005","ZERO_OVERLAP","stress/control","BILATERAL_ONLY",8,9,78301.022867,0,0,78301.022867,0,25,78301.022867,0,0,0,77.48988807269467,10,0,3,0,0,0,"",0,0,"n/a",3762,3762,"NO_CROSS","MARKET:25"
"ZERO_OVERLAP-005","ZERO_OVERLAP","stress/control","VENUE0_CROSSING",8,9,78301.022867,0,0,78301.022867,0,25,78301.022867,0,0,0,77.48988807269467,10,0,3,0,0,0,"",0,1,"LP_PASS",3762,3762,"NO_CROSS","MARKET:25"
"ZERO_OVERLAP-005","ZERO_OVERLAP","stress/control","VENUE0_FULL",8,9,78301.022867,0,0,78301.022867,0,25,78301.022867,0,0,0,40.49837116908069,5,23.42793590561466,3,0,0,0,"",0,1,"LP_PASS",3762,3762,"NO_CROSS","EXECUTE_NOW:16 LIMIT:9"
"ZERO_OVERLAP-006","ZERO_OVERLAP","stress/control","MARKET_ONLY",3,5,42675.756577,0,0,42675.756577,0,7,42675.756577,0,0,0,32.01671259443159,8,0,2,0,0,0,"",0,0,"n/a",4139,"","MARKET_ONLY","MARKET:7"
"ZERO_OVERLAP-006","ZERO_OVERLAP","stress/control","BILATERAL_ONLY",3,5,42675.756577,0,0,42675.756577,0,7,42675.756577,0,0,0,32.01671259443159,8,0,2,0,0,0,"",0,0,"n/a",4139,4139,"NO_CROSS","MARKET:7"
"ZERO_OVERLAP-006","ZERO_OVERLAP","stress/control","VENUE0_CROSSING",3,5,42675.756577,0,0,42675.756577,0,7,42675.756577,0,0,0,32.01671259443159,8,0,2,0,0,0,"",0,0,"EXACT_PASS",4139,4139,"NO_CROSS","MARKET:7"
"ZERO_OVERLAP-006","ZERO_OVERLAP","stress/control","VENUE0_FULL",3,5,42675.756577,0,0,42675.756577,0,7,42675.756577,0,0,0,30.234090965938154,7,19.30486632909819,2,0,0,0,"",0,0,"EXACT_PASS",4139,4139,"NO_CROSS","EXECUTE_NOW:5 LIMIT:2"
"ZERO_OVERLAP-007","ZERO_OVERLAP","stress/control","MARKET_ONLY",5,8,47033.23292400001,0,0,47033.23292400001,0,15,47033.23292400001,0,0,0,35.62755888544637,8,0,1,0,0,0,"",0,0,"n/a",4765,"","MARKET_ONLY","MARKET:15"
"ZERO_OVERLAP-007","ZERO_OVERLAP","stress/control","BILATERAL_ONLY",5,8,47033.23292400001,0,0,47033.23292400001,0,15,47033.23292400001,0,0,0,35.62755888544637,8,0,1,0,0,0,"",0,0,"n/a",4765,4765,"NO_CROSS","MARKET:15"
"ZERO_OVERLAP-007","ZERO_OVERLAP","stress/control","VENUE0_CROSSING",5,8,47033.23292400001,0,0,47033.23292400001,0,15,47033.23292400001,0,0,0,35.62755888544637,8,0,1,0,0,0,"",0,1,"EXACT_PASS",4765,4765,"NO_CROSS","MARKET:15"
"ZERO_OVERLAP-007","ZERO_OVERLAP","stress/control","VENUE0_FULL",5,8,47033.23292400001,0,0,47033.23292400001,0,15,47033.23292400001,0,0,0,19.41438573383056,4,8.198638083171991,1,0,0,0,"",0,1,"EXACT_PASS",4765,4765,"NO_CROSS","LIMIT:5 EXECUTE_NOW:10"
"ZERO_OVERLAP-008","ZERO_OVERLAP","stress/control","MARKET_ONLY",9,9,173547.65255100004,0,0,173547.65255100004,0,24,173547.65255100004,0,0,0,130.26572377397162,8,0,7,0,0,0,"",0,0,"n/a",4625,"","MARKET_ONLY","MARKET:24"
"ZERO_OVERLAP-008","ZERO_OVERLAP","stress/control","BILATERAL_ONLY",9,9,173547.65255100004,0,0,173547.65255100004,0,24,173547.65255100004,0,0,0,130.26572377397162,8,0,7,0,0,0,"",0,0,"n/a",4625,4625,"NO_CROSS","MARKET:24"
"ZERO_OVERLAP-008","ZERO_OVERLAP","stress/control","VENUE0_CROSSING",9,9,173547.65255100004,0,0,173547.65255100004,0,24,173547.65255100004,0,0,0,130.26572377397162,8,0,7,0,0,0,"",0,1,"LP_PASS",4625,4625,"NO_CROSS","MARKET:24"
"ZERO_OVERLAP-008","ZERO_OVERLAP","stress/control","VENUE0_FULL",9,9,173547.65255100004,0,0,173547.65255100004,0,24,173547.65255100004,0,0,0,102.04621052606312,6,32.30320520374419,7,0,0,0,"",0,1,"LP_PASS",4625,4625,"NO_CROSS","LIMIT:7 EXECUTE_NOW:17"
"ZERO_OVERLAP-009","ZERO_OVERLAP","stress/control","MARKET_ONLY",4,6,46156.96600399999,0,0,46156.96600399999,0,10,46156.96600399999,0,0,0,44.78251676374986,10,0,1,0,0,0,"",0,0,"n/a",6476,"","MARKET_ONLY","MARKET:10"
"ZERO_OVERLAP-009","ZERO_OVERLAP","stress/control","BILATERAL_ONLY",4,6,46156.96600399999,0,0,46156.96600399999,0,10,46156.96600399999,0,0,0,44.78251676374986,10,0,1,0,0,0,"",0,0,"n/a",6476,6476,"NO_CROSS","MARKET:10"
"ZERO_OVERLAP-009","ZERO_OVERLAP","stress/control","VENUE0_CROSSING",4,6,46156.96600399999,0,0,46156.96600399999,0,10,46156.96600399999,0,0,0,44.78251676374986,10,0,1,0,0,0,"",0,0,"EXACT_PASS",6476,6476,"NO_CROSS","MARKET:10"
"ZERO_OVERLAP-009","ZERO_OVERLAP","stress/control","VENUE0_FULL",4,6,46156.96600399999,0,0,46156.96600399999,0,10,46156.96600399999,0,0,0,32.0785683251673,7,12.346892938516849,1,0,0,0,"",0,0,"EXACT_PASS",6476,6476,"NO_CROSS","LIMIT:4 EXECUTE_NOW:6"
"ZERO_OVERLAP-010","ZERO_OVERLAP","stress/control","MARKET_ONLY",9,9,138379.267062,0,0,138379.267062,0,28,138379.267062,0,0,0,108.45490222453074,8,0,9,0,0,0,"",0,0,"n/a",5712,"","MARKET_ONLY","MARKET:28"
"ZERO_OVERLAP-010","ZERO_OVERLAP","stress/control","BILATERAL_ONLY",9,9,138379.267062,0,0,138379.267062,0,28,138379.267062,0,0,0,108.45490222453074,8,0,9,0,0,0,"",0,0,"n/a",5712,5712,"NO_CROSS","MARKET:28"
"ZERO_OVERLAP-010","ZERO_OVERLAP","stress/control","VENUE0_CROSSING",9,9,138379.267062,0,0,138379.267062,0,28,138379.267062,0,0,0,108.45490222453074,8,0,9,0,0,0,"",0,1,"LP_PASS",5712,5712,"NO_CROSS","MARKET:28"
"ZERO_OVERLAP-010","ZERO_OVERLAP","stress/control","VENUE0_FULL",9,9,138379.267062,0,0,138379.267062,0,28,138379.267062,0,0,0,73.60298907656794,5,41.18666124619078,9,0,0,0,"",0,1,"LP_PASS",5712,5712,"NO_CROSS","EXECUTE_NOW:19 LIMIT:9"
"ZERO_OVERLAP-011","ZERO_OVERLAP","stress/control","MARKET_ONLY",9,8,65645.54356299998,0,0,65645.54356299998,0,24,65645.54356299998,0,0,0,46.11400960052574,7,0,5,0,0,0,"",0,0,"n/a",4222,"","MARKET_ONLY","MARKET:24"
"ZERO_OVERLAP-011","ZERO_OVERLAP","stress/control","BILATERAL_ONLY",9,8,65645.54356299998,0,0,65645.54356299998,0,24,65645.54356299998,0,0,0,46.11400960052574,7,0,5,0,0,0,"",0,0,"n/a",4222,4222,"NO_CROSS","MARKET:24"
"ZERO_OVERLAP-011","ZERO_OVERLAP","stress/control","VENUE0_CROSSING",9,8,65645.54356299998,0,0,65645.54356299998,0,24,65645.54356299998,0,0,0,46.11400960052574,7,0,5,0,0,0,"",0,1,"LP_PASS",4222,4222,"NO_CROSS","MARKET:24"
"ZERO_OVERLAP-011","ZERO_OVERLAP","stress/control","VENUE0_FULL",9,8,65645.54356299998,0,0,65645.54356299998,0,24,65645.54356299998,0,0,0,42.59103502901068,6,13.216265526408455,5,0,0,0,"",0,1,"LP_PASS",4222,4222,"NO_CROSS","EXECUTE_NOW:18 LIMIT:6"
"ZERO_OVERLAP-012","ZERO_OVERLAP","stress/control","MARKET_ONLY",5,9,57065.000048999995,0,0,57065.000048999995,0,15,57065.000048999995,0,0,0,59.86221972956288,10,0,1,0,0,0,"",0,0,"n/a",5362,"","MARKET_ONLY","MARKET:15"
"ZERO_OVERLAP-012","ZERO_OVERLAP","stress/control","BILATERAL_ONLY",5,9,57065.000048999995,0,0,57065.000048999995,0,15,57065.000048999995,0,0,0,59.86221972956288,10,0,1,0,0,0,"",0,0,"n/a",5362,5362,"NO_CROSS","MARKET:15"
"ZERO_OVERLAP-012","ZERO_OVERLAP","stress/control","VENUE0_CROSSING",5,9,57065.000048999995,0,0,57065.000048999995,0,15,57065.000048999995,0,0,0,59.86221972956288,10,0,1,0,0,0,"",0,1,"EXACT_PASS",5362,5362,"NO_CROSS","MARKET:15"
"ZERO_OVERLAP-012","ZERO_OVERLAP","stress/control","VENUE0_FULL",5,9,57065.000048999995,0,0,57065.000048999995,0,15,57065.000048999995,0,0,0,45.017170411701365,8,17.005220060867053,1,0,0,0,"",0,1,"EXACT_PASS",5362,5362,"NO_CROSS","EXECUTE_NOW:11 LIMIT:4"
"ZERO_OVERLAP-013","ZERO_OVERLAP","stress/control","MARKET_ONLY",2,5,5561.392887000001,0,0,5561.392887000001,0,5,5561.392887000001,0,0,0,4.300183082244677,8,0,0,0,0,0,"",0,0,"n/a",4583,"","MARKET_ONLY","MARKET:5"
"ZERO_OVERLAP-013","ZERO_OVERLAP","stress/control","BILATERAL_ONLY",2,5,5561.392887000001,0,0,5561.392887000001,0,5,5561.392887000001,0,0,0,4.300183082244677,8,0,0,0,0,0,"",0,0,"n/a",4583,4583,"NO_CROSS","MARKET:5"
"ZERO_OVERLAP-013","ZERO_OVERLAP","stress/control","VENUE0_CROSSING",2,5,5561.392887000001,0,0,5561.392887000001,0,5,5561.392887000001,0,0,0,4.300183082244677,8,0,0,0,0,0,"",0,0,"EXACT_PASS",4583,4583,"NO_CROSS","MARKET:5"
"ZERO_OVERLAP-013","ZERO_OVERLAP","stress/control","VENUE0_FULL",2,5,5561.392887000001,0,0,5561.392887000001,0,5,5561.392887000001,0,0,0,4.102425959807086,7,1.1921044171532529,0,0,0,0,"",0,0,"EXACT_PASS",4583,4583,"NO_CROSS","EXECUTE_NOW:4 LIMIT:1"
"ZERO_OVERLAP-014","ZERO_OVERLAP","stress/control","MARKET_ONLY",9,9,56827.436534,0,0,56827.436534,0,27,56827.436534,0,0,0,27.674618711928368,5,0,3,0,0,0,"",0,0,"n/a",3439,"","MARKET_ONLY","MARKET:27"
"ZERO_OVERLAP-014","ZERO_OVERLAP","stress/control","BILATERAL_ONLY",9,9,56827.436534,0,0,56827.436534,0,27,56827.436534,0,0,0,27.674618711928368,5,0,3,0,0,0,"",0,0,"n/a",3439,3439,"NO_CROSS","MARKET:27"
"ZERO_OVERLAP-014","ZERO_OVERLAP","stress/control","VENUE0_CROSSING",9,9,56827.436534,0,0,56827.436534,0,27,56827.436534,0,0,0,27.674618711928368,5,0,3,0,0,0,"",0,1,"LP_PASS",3439,3439,"NO_CROSS","MARKET:27"
"ZERO_OVERLAP-014","ZERO_OVERLAP","stress/control","VENUE0_FULL",9,9,56827.436534,0,0,56827.436534,0,27,56827.436534,0,0,0,24.80712386960479,4,-2.015278080562689,3,0,0,0,"",0,1,"LP_PASS",3439,3439,"NO_CROSS","EXECUTE_NOW:23 LIMIT:4"
"ZERO_OVERLAP-015","ZERO_OVERLAP","stress/control","MARKET_ONLY",9,9,75328.87046400002,0,0,75328.87046400002,0,23,75328.87046400002,0,0,0,64.68804827327646,9,0,4,0,0,0,"",0,0,"n/a",3379,"","MARKET_ONLY","MARKET:23"
"ZERO_OVERLAP-015","ZERO_OVERLAP","stress/control","BILATERAL_ONLY",9,9,75328.87046400002,0,0,75328.87046400002,0,23,75328.87046400002,0,0,0,64.68804827327646,9,0,4,0,0,0,"",0,0,"n/a",3379,3379,"NO_CROSS","MARKET:23"
"ZERO_OVERLAP-015","ZERO_OVERLAP","stress/control","VENUE0_CROSSING",9,9,75328.87046400002,0,0,75328.87046400002,0,23,75328.87046400002,0,0,0,64.68804827327646,9,0,4,0,0,0,"",0,1,"LP_PASS",3379,3379,"NO_CROSS","MARKET:23"
"ZERO_OVERLAP-015","ZERO_OVERLAP","stress/control","VENUE0_FULL",9,9,75328.87046400002,0,0,75328.87046400002,0,23,75328.87046400002,0,0,0,40.628719832672225,5,18.68643714873826,4,0,0,0,"",0,1,"LP_PASS",3379,3379,"NO_CROSS","EXECUTE_NOW:15 LIMIT:8"
"ZERO_OVERLAP-016","ZERO_OVERLAP","stress/control","MARKET_ONLY",8,8,79322.24344600001,0,0,79322.24344600001,0,23,79322.24344600001,0,0,0,84.35272252824714,11,0,4,0,0,0,"",0,0,"n/a",4090,"","MARKET_ONLY","MARKET:23"
"ZERO_OVERLAP-016","ZERO_OVERLAP","stress/control","BILATERAL_ONLY",8,8,79322.24344600001,0,0,79322.24344600001,0,23,79322.24344600001,0,0,0,84.35272252824714,11,0,4,0,0,0,"",0,0,"n/a",4090,4090,"NO_CROSS","MARKET:23"
"ZERO_OVERLAP-016","ZERO_OVERLAP","stress/control","VENUE0_CROSSING",8,8,79322.24344600001,0,0,79322.24344600001,0,23,79322.24344600001,0,0,0,84.35272252824714,11,0,4,0,0,0,"",0,1,"LP_PASS",4090,4090,"NO_CROSS","MARKET:23"
"ZERO_OVERLAP-016","ZERO_OVERLAP","stress/control","VENUE0_FULL",8,8,79322.24344600001,0,0,79322.24344600001,0,23,79322.24344600001,0,0,0,64.28330217714516,8,19.688307407565837,4,0,0,0,"",0,1,"LP_PASS",4090,4090,"NO_CROSS","EXECUTE_NOW:18 LIMIT:5"
"ZERO_OVERLAP-017","ZERO_OVERLAP","stress/control","MARKET_ONLY",2,5,4671.578274,0,0,4671.578274,0,5,4671.578274,0,0,0,3.8607223842935063,8,0,1,0,0,0,"",0,0,"n/a",3154,"","MARKET_ONLY","MARKET:5"
"ZERO_OVERLAP-017","ZERO_OVERLAP","stress/control","BILATERAL_ONLY",2,5,4671.578274,0,0,4671.578274,0,5,4671.578274,0,0,0,3.8607223842935063,8,0,1,0,0,0,"",0,0,"n/a",3154,3154,"NO_CROSS","MARKET:5"
"ZERO_OVERLAP-017","ZERO_OVERLAP","stress/control","VENUE0_CROSSING",2,5,4671.578274,0,0,4671.578274,0,5,4671.578274,0,0,0,3.8607223842935063,8,0,1,0,0,0,"",0,0,"EXACT_PASS",3154,3154,"NO_CROSS","MARKET:5"
"ZERO_OVERLAP-017","ZERO_OVERLAP","stress/control","VENUE0_FULL",2,5,4671.578274,0,0,4671.578274,0,5,4671.578274,0,0,0,3.602322800930481,8,2.08612782635319,1,0,0,0,"",0,0,"EXACT_PASS",3154,3154,"NO_CROSS","EXECUTE_NOW:3 LIMIT:2"
"ZERO_OVERLAP-018","ZERO_OVERLAP","stress/control","MARKET_ONLY",5,8,65334.349990999995,0,0,65334.349990999995,0,16,65334.349990999995,0,0,0,48.83463467871062,7,0,3,0,0,0,"",0,0,"n/a",5148,"","MARKET_ONLY","MARKET:16"
"ZERO_OVERLAP-018","ZERO_OVERLAP","stress/control","BILATERAL_ONLY",5,8,65334.349990999995,0,0,65334.349990999995,0,16,65334.349990999995,0,0,0,48.83463467871062,7,0,3,0,0,0,"",0,0,"n/a",5148,5148,"NO_CROSS","MARKET:16"
"ZERO_OVERLAP-018","ZERO_OVERLAP","stress/control","VENUE0_CROSSING",5,8,65334.349990999995,0,0,65334.349990999995,0,16,65334.349990999995,0,0,0,48.83463467871062,7,0,3,0,0,0,"",0,1,"EXACT_PASS",5148,5148,"NO_CROSS","MARKET:16"
"ZERO_OVERLAP-018","ZERO_OVERLAP","stress/control","VENUE0_FULL",5,8,65334.349990999995,0,0,65334.349990999995,0,16,65334.349990999995,0,0,0,45.50131870419034,7,9.952813513042232,3,0,0,0,"",0,1,"EXACT_PASS",5148,5148,"NO_CROSS","LIMIT:5 EXECUTE_NOW:11"
"ZERO_OVERLAP-019","ZERO_OVERLAP","stress/control","MARKET_ONLY",9,9,53060.24108700001,0,0,53060.24108700001,0,25,53060.24108700001,0,0,0,39.80010194071597,8,0,2,0,0,0,"",0,0,"n/a",4902,"","MARKET_ONLY","MARKET:25"
"ZERO_OVERLAP-019","ZERO_OVERLAP","stress/control","BILATERAL_ONLY",9,9,53060.24108700001,0,0,53060.24108700001,0,25,53060.24108700001,0,0,0,39.80010194071597,8,0,2,0,0,0,"",0,0,"n/a",4902,4902,"NO_CROSS","MARKET:25"
"ZERO_OVERLAP-019","ZERO_OVERLAP","stress/control","VENUE0_CROSSING",9,9,53060.24108700001,0,0,53060.24108700001,0,25,53060.24108700001,0,0,0,39.80010194071597,8,0,2,0,0,0,"",0,1,"LP_PASS",4902,4902,"NO_CROSS","MARKET:25"
"ZERO_OVERLAP-019","ZERO_OVERLAP","stress/control","VENUE0_FULL",9,9,53060.24108700001,0,0,53060.24108700001,0,25,53060.24108700001,0,0,0,33.12152180077839,6,4.649448503881747,2,0,0,0,"",0,1,"LP_PASS",4902,4902,"NO_CROSS","EXECUTE_NOW:21 LIMIT:4"
"ZERO_OVERLAP-020","ZERO_OVERLAP","stress/control","MARKET_ONLY",10,8,59785.22069199999,0,0,59785.22069199999,0,31,59785.22069199999,0,0,0,55.520303872035484,9,0,3,0,0,0,"",0,0,"n/a",3897,"","MARKET_ONLY","MARKET:31"
"ZERO_OVERLAP-020","ZERO_OVERLAP","stress/control","BILATERAL_ONLY",10,8,59785.22069199999,0,0,59785.22069199999,0,31,59785.22069199999,0,0,0,55.520303872035484,9,0,3,0,0,0,"",0,0,"n/a",3897,3897,"NO_CROSS","MARKET:31"
"ZERO_OVERLAP-020","ZERO_OVERLAP","stress/control","VENUE0_CROSSING",10,8,59785.22069199999,0,0,59785.22069199999,0,31,59785.22069199999,0,0,0,55.520303872035484,9,0,3,0,0,0,"",0,1,"LP_PASS",3897,3897,"NO_CROSS","MARKET:31"
"ZERO_OVERLAP-020","ZERO_OVERLAP","stress/control","VENUE0_FULL",10,8,59785.22069199999,0,0,59785.22069199999,0,31,59785.22069199999,0,0,0,45.99886614126566,8,22.517721760114387,3,0,0,0,"",0,1,"LP_PASS",3897,3897,"NO_CROSS","LIMIT:8 EXECUTE_NOW:23"
"ZERO_OVERLAP-021","ZERO_OVERLAP","stress/control","MARKET_ONLY",2,4,5747.684802000001,0,0,5747.684802000001,0,7,5747.684802000001,0,0,0,3.271366645026805,6,0,1,0,0,0,"",0,0,"n/a",2397,"","MARKET_ONLY","MARKET:7"
"ZERO_OVERLAP-021","ZERO_OVERLAP","stress/control","BILATERAL_ONLY",2,4,5747.684802000001,0,0,5747.684802000001,0,7,5747.684802000001,0,0,0,3.271366645026805,6,0,1,0,0,0,"",0,0,"n/a",2397,2397,"NO_CROSS","MARKET:7"
"ZERO_OVERLAP-021","ZERO_OVERLAP","stress/control","VENUE0_CROSSING",2,4,5747.684802000001,0,0,5747.684802000001,0,7,5747.684802000001,0,0,0,3.271366645026805,6,0,1,0,0,0,"",0,0,"EXACT_PASS",2397,2397,"NO_CROSS","MARKET:7"
"ZERO_OVERLAP-021","ZERO_OVERLAP","stress/control","VENUE0_FULL",2,4,5747.684802000001,0,0,5747.684802000001,0,7,5747.684802000001,0,0,0,3.271366645026805,6,0,1,0,0,0,"",0,0,"EXACT_PASS",2397,2397,"NO_CROSS","EXECUTE_NOW:7"
"ZERO_OVERLAP-022","ZERO_OVERLAP","stress/control","MARKET_ONLY",4,8,53175.277286,0,0,53175.277286,0,14,53175.277286,0,0,0,61.3644846623166,12,0,3,0,0,0,"",0,0,"n/a",3807,"","MARKET_ONLY","MARKET:14"
"ZERO_OVERLAP-022","ZERO_OVERLAP","stress/control","BILATERAL_ONLY",4,8,53175.277286,0,0,53175.277286,0,14,53175.277286,0,0,0,61.3644846623166,12,0,3,0,0,0,"",0,0,"n/a",3807,3807,"NO_CROSS","MARKET:14"
"ZERO_OVERLAP-022","ZERO_OVERLAP","stress/control","VENUE0_CROSSING",4,8,53175.277286,0,0,53175.277286,0,14,53175.277286,0,0,0,61.3644846623166,12,0,3,0,0,0,"",0,1,"EXACT_PASS",3807,3807,"NO_CROSS","MARKET:14"
"ZERO_OVERLAP-022","ZERO_OVERLAP","stress/control","VENUE0_FULL",4,8,53175.277286,0,0,53175.277286,0,14,53175.277286,0,0,0,43.89248389863387,8,33.43123007271342,3,0,0,0,"",0,1,"EXACT_PASS",3807,3807,"NO_CROSS","EXECUTE_NOW:10 LIMIT:4"
"ZERO_OVERLAP-023","ZERO_OVERLAP","stress/control","MARKET_ONLY",3,7,58098.460981,0,0,58098.460981,0,8,58098.460981,0,0,0,43.78405225479272,8,0,3,0,0,0,"",0,0,"n/a",4718,"","MARKET_ONLY","MARKET:8"
"ZERO_OVERLAP-023","ZERO_OVERLAP","stress/control","BILATERAL_ONLY",3,7,58098.460981,0,0,58098.460981,0,8,58098.460981,0,0,0,43.78405225479272,8,0,3,0,0,0,"",0,0,"n/a",4718,4718,"NO_CROSS","MARKET:8"
"ZERO_OVERLAP-023","ZERO_OVERLAP","stress/control","VENUE0_CROSSING",3,7,58098.460981,0,0,58098.460981,0,8,58098.460981,0,0,0,43.78405225479272,8,0,3,0,0,0,"",0,0,"EXACT_PASS",4718,4718,"NO_CROSS","MARKET:8"
"ZERO_OVERLAP-023","ZERO_OVERLAP","stress/control","VENUE0_FULL",3,7,58098.460981,0,0,58098.460981,0,8,58098.460981,0,0,0,17.02315171397259,3,11.204433702484513,3,0,0,0,"",0,0,"EXACT_PASS",4718,4718,"NO_CROSS","EXECUTE_NOW:5 LIMIT:3"
"ZERO_OVERLAP-024","ZERO_OVERLAP","stress/control","MARKET_ONLY",8,8,42667.085153,0,0,42667.085153,0,24,42667.085153,0,0,0,51.86770614468929,12,0,3,0,0,0,"",0,0,"n/a",4650,"","MARKET_ONLY","MARKET:24"
"ZERO_OVERLAP-024","ZERO_OVERLAP","stress/control","BILATERAL_ONLY",8,8,42667.085153,0,0,42667.085153,0,24,42667.085153,0,0,0,51.86770614468929,12,0,3,0,0,0,"",0,0,"n/a",4650,4650,"NO_CROSS","MARKET:24"
"ZERO_OVERLAP-024","ZERO_OVERLAP","stress/control","VENUE0_CROSSING",8,8,42667.085153,0,0,42667.085153,0,24,42667.085153,0,0,0,51.86770614468929,12,0,3,0,0,0,"",0,1,"LP_PASS",4650,4650,"NO_CROSS","MARKET:24"
"ZERO_OVERLAP-024","ZERO_OVERLAP","stress/control","VENUE0_FULL",8,8,42667.085153,0,0,42667.085153,0,24,42667.085153,0,0,0,32.85945973735227,8,14.745810714994194,3,0,0,0,"",0,1,"LP_PASS",4650,4650,"NO_CROSS","EXECUTE_NOW:20 LIMIT:4"
"ZERO_OVERLAP-025","ZERO_OVERLAP","stress/control","MARKET_ONLY",5,8,85280.253417,0,0,85280.253417,0,17,85280.253417,0,0,0,124.68993562730824,15,0,5,0,0,0,"",0,0,"n/a",4767,"","MARKET_ONLY","MARKET:17"
"ZERO_OVERLAP-025","ZERO_OVERLAP","stress/control","BILATERAL_ONLY",5,8,85280.253417,0,0,85280.253417,0,17,85280.253417,0,0,0,124.68993562730824,15,0,5,0,0,0,"",0,0,"n/a",4767,4767,"NO_CROSS","MARKET:17"
"ZERO_OVERLAP-025","ZERO_OVERLAP","stress/control","VENUE0_CROSSING",5,8,85280.253417,0,0,85280.253417,0,17,85280.253417,0,0,0,124.68993562730824,15,0,5,0,0,0,"",0,1,"EXACT_PASS",4767,4767,"NO_CROSS","MARKET:17"
"ZERO_OVERLAP-025","ZERO_OVERLAP","stress/control","VENUE0_FULL",5,8,85280.253417,0,0,85280.253417,0,17,85280.253417,0,0,0,73.21372479320156,9,41.01971025138455,5,0,0,0,"",0,1,"EXACT_PASS",4767,4767,"NO_CROSS","LIMIT:4 EXECUTE_NOW:13"
"ZERO_OVERLAP-026","ZERO_OVERLAP","stress/control","MARKET_ONLY",7,9,35459.226123,0,0,35459.226123,0,24,35459.226123,0,0,0,8.064125773890535,2,0,3,0,0,0,"",0,0,"n/a",3793,"","MARKET_ONLY","MARKET:24"
"ZERO_OVERLAP-026","ZERO_OVERLAP","stress/control","BILATERAL_ONLY",7,9,35459.226123,0,0,35459.226123,0,24,35459.226123,0,0,0,8.064125773890535,2,0,3,0,0,0,"",0,0,"n/a",3793,3793,"NO_CROSS","MARKET:24"
"ZERO_OVERLAP-026","ZERO_OVERLAP","stress/control","VENUE0_CROSSING",7,9,35459.226123,0,0,35459.226123,0,24,35459.226123,0,0,0,8.064125773890535,2,0,3,0,0,0,"",0,1,"LP_PASS",3793,3793,"NO_CROSS","MARKET:24"
"ZERO_OVERLAP-026","ZERO_OVERLAP","stress/control","VENUE0_FULL",7,9,35459.226123,0,0,35459.226123,0,24,35459.226123,0,0,0,5.286718419042252,1,-5.166338196107709,3,0,0,0,"",0,1,"LP_PASS",3793,3793,"NO_CROSS","EXECUTE_NOW:20 LIMIT:4"
"ZERO_OVERLAP-027","ZERO_OVERLAP","stress/control","MARKET_ONLY",8,9,59257.565277999995,0,0,59257.565277999995,0,26,59257.565277999995,0,0,0,61.6138302677727,10,0,6,0,0,0,"",0,0,"n/a",4643,"","MARKET_ONLY","MARKET:26"
"ZERO_OVERLAP-027","ZERO_OVERLAP","stress/control","BILATERAL_ONLY",8,9,59257.565277999995,0,0,59257.565277999995,0,26,59257.565277999995,0,0,0,61.6138302677727,10,0,6,0,0,0,"",0,0,"n/a",4643,4643,"NO_CROSS","MARKET:26"
"ZERO_OVERLAP-027","ZERO_OVERLAP","stress/control","VENUE0_CROSSING",8,9,59257.565277999995,0,0,59257.565277999995,0,26,59257.565277999995,0,0,0,61.6138302677727,10,0,6,0,0,0,"",0,1,"LP_PASS",4643,4643,"NO_CROSS","MARKET:26"
"ZERO_OVERLAP-027","ZERO_OVERLAP","stress/control","VENUE0_FULL",8,9,59257.565277999995,0,0,59257.565277999995,0,26,59257.565277999995,0,0,0,45.874088315351344,8,19.69679761905789,6,0,0,0,"",0,1,"LP_PASS",4643,4643,"NO_CROSS","EXECUTE_NOW:20 LIMIT:6"
"ZERO_OVERLAP-028","ZERO_OVERLAP","stress/control","MARKET_ONLY",5,9,62148.05247,0,0,62148.05247,0,13,62148.05247,0,0,0,90.45213161333464,15,0,4,0,0,0,"",0,0,"n/a",4461,"","MARKET_ONLY","MARKET:13"
"ZERO_OVERLAP-028","ZERO_OVERLAP","stress/control","BILATERAL_ONLY",5,9,62148.05247,0,0,62148.05247,0,13,62148.05247,0,0,0,90.45213161333464,15,0,4,0,0,0,"",0,0,"n/a",4461,4461,"NO_CROSS","MARKET:13"
"ZERO_OVERLAP-028","ZERO_OVERLAP","stress/control","VENUE0_CROSSING",5,9,62148.05247,0,0,62148.05247,0,13,62148.05247,0,0,0,90.45213161333464,15,0,4,0,0,0,"",0,1,"EXACT_PASS",4461,4461,"NO_CROSS","MARKET:13"
"ZERO_OVERLAP-028","ZERO_OVERLAP","stress/control","VENUE0_FULL",5,9,62148.05247,0,0,62148.05247,0,12,62145.621668,0,2.430802,0,50.88300072433918,8,35.643066168085326,4,0,0,0,"",0,1,"EXACT_PASS",4461,4461,"NO_CROSS","LIMIT:6 EXECUTE_NOW:6 AGGREGATE:1"
"ZERO_OVERLAP-029","ZERO_OVERLAP","stress/control","MARKET_ONLY",10,9,185924.71012400003,0,0,185924.71012400003,0,24,185924.71012400003,0,0,0,201.9366612753685,11,0,9,0,0,0,"",0,0,"n/a",5329,"","MARKET_ONLY","MARKET:24"
"ZERO_OVERLAP-029","ZERO_OVERLAP","stress/control","BILATERAL_ONLY",10,9,185924.71012400003,0,0,185924.71012400003,0,24,185924.71012400003,0,0,0,201.9366612753685,11,0,9,0,0,0,"",0,0,"n/a",5329,5329,"NO_CROSS","MARKET:24"
"ZERO_OVERLAP-029","ZERO_OVERLAP","stress/control","VENUE0_CROSSING",10,9,185924.71012400003,0,0,185924.71012400003,0,24,185924.71012400003,0,0,0,201.9366612753685,11,0,9,0,0,0,"",0,1,"LP_PASS",5329,5329,"NO_CROSS","MARKET:24"
"ZERO_OVERLAP-029","ZERO_OVERLAP","stress/control","VENUE0_FULL",10,9,185924.71012400003,0,0,185924.71012400003,0,24,185924.71012400003,0,0,0,165.40717317344138,9,67.86687888142367,9,0,0,0,"",0,1,"LP_PASS",5329,5329,"NO_CROSS","EXECUTE_NOW:15 LIMIT:9"
"ZERO_OVERLAP-030","ZERO_OVERLAP","stress/control","MARKET_ONLY",6,8,33858.344966000004,0,0,33858.344966000004,0,18,33858.344966000004,0,0,0,27.613982338516838,8,0,0,0,0,0,"",0,0,"n/a",4284,"","MARKET_ONLY","MARKET:18"
"ZERO_OVERLAP-030","ZERO_OVERLAP","stress/control","BILATERAL_ONLY",6,8,33858.344966000004,0,0,33858.344966000004,0,18,33858.344966000004,0,0,0,27.613982338516838,8,0,0,0,0,0,"",0,0,"n/a",4284,4284,"NO_CROSS","MARKET:18"
"ZERO_OVERLAP-030","ZERO_OVERLAP","stress/control","VENUE0_CROSSING",6,8,33858.344966000004,0,0,33858.344966000004,0,18,33858.344966000004,0,0,0,27.613982338516838,8,0,0,0,0,0,"",0,1,"EXACT_PASS",4284,4284,"NO_CROSS","MARKET:18"
"ZERO_OVERLAP-030","ZERO_OVERLAP","stress/control","VENUE0_FULL",6,8,33858.344966000004,0,0,33858.344966000004,0,18,33858.344966000004,0,0,0,24.98781055780955,7,14.202971540900977,0,0,0,0,"",0,1,"EXACT_PASS",4284,4284,"NO_CROSS","LIMIT:4 EXECUTE_NOW:14"
"ZERO_OVERLAP-031","ZERO_OVERLAP","stress/control","MARKET_ONLY",10,8,63491.50941100001,0,0,63491.50941100001,0,29,63491.50941100001,0,0,0,43.02653530567681,7,0,3,0,0,0,"",0,0,"n/a",4609,"","MARKET_ONLY","MARKET:29"
"ZERO_OVERLAP-031","ZERO_OVERLAP","stress/control","BILATERAL_ONLY",10,8,63491.50941100001,0,0,63491.50941100001,0,29,63491.50941100001,0,0,0,43.02653530567681,7,0,3,0,0,0,"",0,0,"n/a",4609,4609,"NO_CROSS","MARKET:29"
"ZERO_OVERLAP-031","ZERO_OVERLAP","stress/control","VENUE0_CROSSING",10,8,63491.50941100001,0,0,63491.50941100001,0,29,63491.50941100001,0,0,0,43.02653530567681,7,0,3,0,0,0,"",0,1,"LP_PASS",4609,4609,"NO_CROSS","MARKET:29"
"ZERO_OVERLAP-031","ZERO_OVERLAP","stress/control","VENUE0_FULL",10,8,63491.50941100001,0,0,63491.50941100001,0,29,63491.50941100001,0,0,0,26.63258601669975,4,8.003396235648998,3,0,0,0,"",0,1,"LP_PASS",4609,4609,"NO_CROSS","EXECUTE_NOW:22 LIMIT:7"
"ZERO_OVERLAP-032","ZERO_OVERLAP","stress/control","MARKET_ONLY",6,9,107579.30786500001,0,0,107579.30786500001,0,19,107579.30786500001,0,0,0,120.61630391993357,11,0,4,0,0,0,"",0,0,"n/a",6112,"","MARKET_ONLY","MARKET:19"
"ZERO_OVERLAP-032","ZERO_OVERLAP","stress/control","BILATERAL_ONLY",6,9,107579.30786500001,0,0,107579.30786500001,0,19,107579.30786500001,0,0,0,120.61630391993357,11,0,4,0,0,0,"",0,0,"n/a",6112,6112,"NO_CROSS","MARKET:19"
"ZERO_OVERLAP-032","ZERO_OVERLAP","stress/control","VENUE0_CROSSING",6,9,107579.30786500001,0,0,107579.30786500001,0,19,107579.30786500001,0,0,0,120.61630391993357,11,0,4,0,0,0,"",0,1,"EXACT_PASS",6112,6112,"NO_CROSS","MARKET:19"
"ZERO_OVERLAP-032","ZERO_OVERLAP","stress/control","VENUE0_FULL",6,9,107579.30786500001,0,0,107579.30786500001,0,19,107579.30786500001,0,0,0,89.1568767582631,8,43.00667736423166,4,0,0,0,"",0,1,"EXACT_PASS",6112,6112,"NO_CROSS","EXECUTE_NOW:12 LIMIT:7"
"ZERO_OVERLAP-033","ZERO_OVERLAP","stress/control","MARKET_ONLY",10,8,101457.443381,0,0,101457.443381,0,28,101457.443381,0,0,0,75.21257938726008,7,0,5,0,0,0,"",0,0,"n/a",4796,"","MARKET_ONLY","MARKET:28"
"ZERO_OVERLAP-033","ZERO_OVERLAP","stress/control","BILATERAL_ONLY",10,8,101457.443381,0,0,101457.443381,0,28,101457.443381,0,0,0,75.21257938726008,7,0,5,0,0,0,"",0,0,"n/a",4796,4796,"NO_CROSS","MARKET:28"
"ZERO_OVERLAP-033","ZERO_OVERLAP","stress/control","VENUE0_CROSSING",10,8,101457.443381,0,0,101457.443381,0,28,101457.443381,0,0,0,75.21257938726008,7,0,5,0,0,0,"",0,1,"LP_PASS",4796,4796,"NO_CROSS","MARKET:28"
"ZERO_OVERLAP-033","ZERO_OVERLAP","stress/control","VENUE0_FULL",10,8,101457.443381,0,0,101457.443381,0,28,101457.443381,0,0,0,53.58665087574073,5,9.634658007301981,5,0,0,0,"",0,1,"LP_PASS",4796,4796,"NO_CROSS","LIMIT:8 EXECUTE_NOW:20"
"ZERO_OVERLAP-034","ZERO_OVERLAP","stress/control","MARKET_ONLY",6,7,58945.96707200001,0,0,58945.96707200001,0,19,58945.96707200001,0,0,0,88.3905810429893,15,0,5,0,0,0,"",0,0,"n/a",4830,"","MARKET_ONLY","MARKET:19"
"ZERO_OVERLAP-034","ZERO_OVERLAP","stress/control","BILATERAL_ONLY",6,7,58945.96707200001,0,0,58945.96707200001,0,19,58945.96707200001,0,0,0,88.3905810429893,15,0,5,0,0,0,"",0,0,"n/a",4830,4830,"NO_CROSS","MARKET:19"
"ZERO_OVERLAP-034","ZERO_OVERLAP","stress/control","VENUE0_CROSSING",6,7,58945.96707200001,0,0,58945.96707200001,0,19,58945.96707200001,0,0,0,88.3905810429893,15,0,5,0,0,0,"",0,1,"EXACT_PASS",4830,4830,"NO_CROSS","MARKET:19"
"ZERO_OVERLAP-034","ZERO_OVERLAP","stress/control","VENUE0_FULL",6,7,58945.96707200001,0,0,58945.96707200001,0,19,58945.96707200001,0,0,0,49.56633767156836,8,35.27353827535857,5,0,0,0,"",0,1,"EXACT_PASS",4830,4830,"NO_CROSS","EXECUTE_NOW:11 LIMIT:8"
"ZERO_OVERLAP-035","ZERO_OVERLAP","stress/control","MARKET_ONLY",5,8,11187.131944,0,0,11187.131944,0,14,11187.131944,0,0,0,6.531240612303439,6,0,1,0,0,0,"",0,0,"n/a",5130,"","MARKET_ONLY","MARKET:14"
"ZERO_OVERLAP-035","ZERO_OVERLAP","stress/control","BILATERAL_ONLY",5,8,11187.131944,0,0,11187.131944,0,14,11187.131944,0,0,0,6.531240612303439,6,0,1,0,0,0,"",0,0,"n/a",5130,5130,"NO_CROSS","MARKET:14"
"ZERO_OVERLAP-035","ZERO_OVERLAP","stress/control","VENUE0_CROSSING",5,8,11187.131944,0,0,11187.131944,0,14,11187.131944,0,0,0,6.531240612303439,6,0,1,0,0,0,"",0,1,"EXACT_PASS",5130,5130,"NO_CROSS","MARKET:14"
"ZERO_OVERLAP-035","ZERO_OVERLAP","stress/control","VENUE0_FULL",5,8,11187.131944,0,0,11187.131944,0,14,11187.131944,0,0,0,6.430404875555748,6,0.9847079688521864,1,0,0,0,"",0,1,"EXACT_PASS",5130,5130,"NO_CROSS","EXECUTE_NOW:13 LIMIT:1"
"ZERO_OVERLAP-036","ZERO_OVERLAP","stress/control","MARKET_ONLY",5,9,33920.870153,0,0,33920.870153,0,14,33920.870153,0,0,0,20.791786351650842,6,0,2,0,0,0,"",0,0,"n/a",4056,"","MARKET_ONLY","MARKET:14"
"ZERO_OVERLAP-036","ZERO_OVERLAP","stress/control","BILATERAL_ONLY",5,9,33920.870153,0,0,33920.870153,0,14,33920.870153,0,0,0,20.791786351650842,6,0,2,0,0,0,"",0,0,"n/a",4056,4056,"NO_CROSS","MARKET:14"
"ZERO_OVERLAP-036","ZERO_OVERLAP","stress/control","VENUE0_CROSSING",5,9,33920.870153,0,0,33920.870153,0,14,33920.870153,0,0,0,20.791786351650842,6,0,2,0,0,0,"",0,1,"EXACT_PASS",4056,4056,"NO_CROSS","MARKET:14"
"ZERO_OVERLAP-036","ZERO_OVERLAP","stress/control","VENUE0_FULL",5,9,33920.870153,0,0,33920.870153,0,14,33920.870153,0,0,0,20.312796551488898,6,3.471338224404338,2,0,0,0,"",0,1,"EXACT_PASS",4056,4056,"NO_CROSS","EXECUTE_NOW:11 LIMIT:3"
"ZERO_OVERLAP-037","ZERO_OVERLAP","stress/control","MARKET_ONLY",4,8,45570.79753,0,0,45570.79753,0,11,45570.79753,0,0,0,11.704807313942254,3,0,2,0,0,0,"",0,0,"n/a",5345,"","MARKET_ONLY","MARKET:11"
"ZERO_OVERLAP-037","ZERO_OVERLAP","stress/control","BILATERAL_ONLY",4,8,45570.79753,0,0,45570.79753,0,11,45570.79753,0,0,0,11.704807313942254,3,0,2,0,0,0,"",0,0,"n/a",5345,5345,"NO_CROSS","MARKET:11"
"ZERO_OVERLAP-037","ZERO_OVERLAP","stress/control","VENUE0_CROSSING",4,8,45570.79753,0,0,45570.79753,0,11,45570.79753,0,0,0,11.704807313942254,3,0,2,0,0,0,"",0,1,"EXACT_PASS",5345,5345,"NO_CROSS","MARKET:11"
"ZERO_OVERLAP-037","ZERO_OVERLAP","stress/control","VENUE0_FULL",4,8,45570.79753,0,0,45570.79753,0,11,45570.79753,0,0,0,8.369038865043661,2,-4.469211141579326,2,0,0,0,"",0,1,"EXACT_PASS",5345,5345,"NO_CROSS","LIMIT:5 EXECUTE_NOW:6"
"ZERO_OVERLAP-038","ZERO_OVERLAP","stress/control","MARKET_ONLY",7,8,41677.935218,0,0,41677.935218,0,24,41677.935218,0,0,0,44.8854425466878,11,0,3,0,0,0,"",0,0,"n/a",4194,"","MARKET_ONLY","MARKET:24"
"ZERO_OVERLAP-038","ZERO_OVERLAP","stress/control","BILATERAL_ONLY",7,8,41677.935218,0,0,41677.935218,0,24,41677.935218,0,0,0,44.8854425466878,11,0,3,0,0,0,"",0,0,"n/a",4194,4194,"NO_CROSS","MARKET:24"
"ZERO_OVERLAP-038","ZERO_OVERLAP","stress/control","VENUE0_CROSSING",7,8,41677.935218,0,0,41677.935218,0,24,41677.935218,0,0,0,44.8854425466878,11,0,3,0,0,0,"",0,1,"LP_PASS",4194,4194,"NO_CROSS","MARKET:24"
"ZERO_OVERLAP-038","ZERO_OVERLAP","stress/control","VENUE0_FULL",7,8,41677.935218,0,0,41677.935218,0,24,41677.935218,0,0,0,34.12680996453259,8,24.85815917488261,3,0,0,0,"",0,1,"LP_PASS",4194,4194,"NO_CROSS","EXECUTE_NOW:22 LIMIT:2"
"ZERO_OVERLAP-039","ZERO_OVERLAP","stress/control","MARKET_ONLY",4,7,62508.444392000005,0,0,62508.444392000005,0,12,62508.444392000005,0,0,0,109.74330058332052,18,0,3,0,0,0,"",0,0,"n/a",5370,"","MARKET_ONLY","MARKET:12"
"ZERO_OVERLAP-039","ZERO_OVERLAP","stress/control","BILATERAL_ONLY",4,7,62508.444392000005,0,0,62508.444392000005,0,12,62508.444392000005,0,0,0,109.74330058332052,18,0,3,0,0,0,"",0,0,"n/a",5370,5370,"NO_CROSS","MARKET:12"
"ZERO_OVERLAP-039","ZERO_OVERLAP","stress/control","VENUE0_CROSSING",4,7,62508.444392000005,0,0,62508.444392000005,0,12,62508.444392000005,0,0,0,109.74330058332052,18,0,3,0,0,0,"",0,1,"EXACT_PASS",5370,5370,"NO_CROSS","MARKET:12"
"ZERO_OVERLAP-039","ZERO_OVERLAP","stress/control","VENUE0_FULL",4,7,62508.444392000005,0,0,62508.444392000005,0,12,62508.444392000005,0,0,0,58.705145990908235,9,38.34237194035603,3,0,0,0,"",0,1,"EXACT_PASS",5370,5370,"NO_CROSS","EXECUTE_NOW:8 LIMIT:4"
"SIZE_SKEW-000","SIZE_SKEW","natural/randomized","MARKET_ONLY",10,9,967321.7873490002,0,0,967321.7873490002,0,60,967321.7873490002,0,0,0,244.46869043060184,3,0,8,17561.76,26224.039966000008,8662.27996600001,0.4932466886006875,0.04187687398731665,0,"n/a",8959,"","MARKET_ONLY","MARKET:60"
"SIZE_SKEW-000","SIZE_SKEW","natural/randomized","BILATERAL_ONLY",10,9,967321.7873490002,17561.76,0.018155034063823777,949760.0273489996,0.08898299999987103,43,949759.9383659998,0,0,0,230.00239555445643,2,0,8,17561.76,26224.039966000008,8662.27996600001,0.4932466886006875,0.04187687398731665,1.18,"n/a",8959,8796,"CROSSED_BILATERAL","MARKET:43"
"SIZE_SKEW-000","SIZE_SKEW","natural/randomized","VENUE0_CROSSING",10,9,967321.7873490002,26224.039966000008,0.027109944497237536,941097.747383,0.09102999999989692,43,941097.656353,0,0,0,219.96600429359555,2,0,8,17561.76,26224.039966000008,8662.27996600001,0.4932466886006875,0.04187687398731665,2,"LP_PASS",8959,8716,"PARTIAL_CROSS","MARKET:43"
"SIZE_SKEW-000","SIZE_SKEW","natural/randomized","VENUE0_FULL",10,9,967321.7873490002,26224.039966000008,0.027109944497237536,941097.747383,0.09102999999989692,43,941097.656353,0,0,0,61.335931762904046,1,-37.21042661385568,8,17561.76,26224.039966000008,8662.27996600001,0.4932466886006875,0.04187687398731665,2,"LP_PASS",8959,8716,"PARTIAL_CROSS","EXECUTE_NOW:29 LIMIT:14"
"SIZE_SKEW-001","SIZE_SKEW","natural/randomized","MARKET_ONLY",7,9,820452.0627909998,0,0,820452.0627909998,0,44,820452.0627909998,0,0,0,656.5484765294277,8,0,6,18215.92,20553.079970999996,2337.1599709999973,0.12830315301121203,0.03508475309828397,0,"n/a",7838,"","MARKET_ONLY","MARKET:44"
"SIZE_SKEW-001","SIZE_SKEW","natural/randomized","BILATERAL_ONLY",7,9,820452.0627909998,18215.92,0.022202296546166747,802236.1427909998,0.054444999999656574,32,802236.0883459997,0,0,0,642.4200551012234,8,0,6,18215.92,20553.079970999996,2337.1599709999973,0.12830315301121203,0.03508475309828397,0.71,"n/a",7838,7664,"CROSSED_BILATERAL","MARKET:32"
"SIZE_SKEW-001","SIZE_SKEW","natural/randomized","VENUE0_CROSSING",7,9,820452.0627909998,20553.079970999996,0.025050921197129886,799898.9828199998,0.08089099999994431,29,799898.9019289998,0,0,0,640.6154243526634,8,0,6,18215.92,20553.079970999996,2337.1599709999973,0.12830315301121203,0.03508475309828397,1,"LP_PASS",7838,7642,"PARTIAL_CROSS","MARKET:29"
"SIZE_SKEW-001","SIZE_SKEW","natural/randomized","VENUE0_FULL",7,9,820452.0627909998,20553.079970999996,0.025050921197129886,799898.9828199998,0.08089099999994431,29,799898.9019289998,0,0,0,400.494819366186,5,358.9425444597291,6,18215.92,20553.079970999996,2337.1599709999973,0.12830315301121203,0.03508475309828397,1,"LP_PASS",7838,7642,"PARTIAL_CROSS","EXECUTE_NOW:18 LIMIT:11"
"SIZE_SKEW-002","SIZE_SKEW","natural/randomized","MARKET_ONLY",6,9,647271.1830369999,0,0,647271.1830369999,0,38,647271.1830369999,0,0,0,821.7828290079611,13,0,10,6481.119999999999,12900.059980000002,6418.939980000003,0.9904059761275835,0.038882871176054414,0,"n/a",6273,"","MARKET_ONLY","MARKET:38"
"SIZE_SKEW-002","SIZE_SKEW","natural/randomized","BILATERAL_ONLY",6,9,647271.1830369999,6481.119999999999,0.01001299018070069,640790.0630370001,0.03404299999994009,33,640790.028994,0,0,0,815.5670548151115,13,0,9,6481.119999999999,12900.059980000002,6418.939980000003,0.9904059761275835,0.038882871176054414,0.52,"n/a",6273,6209,"CROSSED_BILATERAL","MARKET:33"
"SIZE_SKEW-002","SIZE_SKEW","natural/randomized","VENUE0_CROSSING",6,9,647271.1830369999,12900.059980000002,0.019929915494573465,634371.123057,0.041040000000023724,30,634371.082017,0,0,0,808.157406221126,13,0,8,6481.119999999999,12900.059980000002,6418.939980000003,0.9904059761275835,0.038882871176054414,1,"EXACT_PASS",6273,6147,"PARTIAL_CROSS","MARKET:30"
"SIZE_SKEW-002","SIZE_SKEW","natural/randomized","VENUE0_FULL",6,9,647271.1830369999,12900.059980000002,0.019929915494573465,634371.123057,0.041040000000023724,30,634371.082017,0,0,0,484.3258989760216,8,283.50064478494085,8,6481.119999999999,12900.059980000002,6418.939980000003,0.9904059761275835,0.038882871176054414,1,"EXACT_PASS",6273,6147,"PARTIAL_CROSS","EXECUTE_NOW:20 LIMIT:10"
"SIZE_SKEW-003","SIZE_SKEW","natural/randomized","MARKET_ONLY",5,9,458764.98763399984,0,0,458764.98763399984,0,27,458764.98763399984,0,0,0,852.3607347666224,19,0,3,3440.480000000001,4102.759988,662.2799879999989,0.19249639236385582,0.010946097176897627,0,"n/a",4487,"","MARKET_ONLY","MARKET:27"
"SIZE_SKEW-003","SIZE_SKEW","natural/randomized","BILATERAL_ONLY",5,9,458764.98763399984,3440.480000000001,0.007499438912598092,455324.5076339999,0.015700000000035352,23,455324.49193399993,0,0,0,846.3370957729983,19,0,3,3440.480000000001,4102.759988,662.2799879999989,0.19249639236385582,0.010946097176897627,0.58,"n/a",4487,4454,"CROSSED_BILATERAL","MARKET:23"
"SIZE_SKEW-003","SIZE_SKEW","natural/randomized","VENUE0_CROSSING",5,9,458764.98763399984,4102.759988,0.008943053848026343,454662.227646,0.01654100000008185,22,454662.21110499994,0,0,0,843.9795781977309,19,0,3,3440.480000000001,4102.759988,662.2799879999989,0.19249639236385582,0.010946097176897627,1,"EXACT_PASS",4487,4448,"PARTIAL_CROSS","MARKET:22"
"SIZE_SKEW-003","SIZE_SKEW","natural/randomized","VENUE0_FULL",5,9,458764.98763399984,4102.759988,0.008943053848026343,454662.227646,0.01654100000008185,22,454662.21110499994,0,0,0,402.72484407206537,9,235.64053364606568,3,3440.480000000001,4102.759988,662.2799879999989,0.19249639236385582,0.010946097176897627,1,"EXACT_PASS",4487,4448,"PARTIAL_CROSS","LIMIT:10 EXECUTE_NOW:12"
"SIZE_SKEW-004","SIZE_SKEW","natural/randomized","MARKET_ONLY",5,9,1043629.1475710002,0,0,1043629.1475710002,0,29,1043629.1475710002,0,0,0,1581.9677306947708,15,0,7,35884.00000000001,45897.799979,10013.799978999996,0.27906030484338407,0.05021467759689487,0,"n/a",9998,"","MARKET_ONLY","MARKET:29"
"SIZE_SKEW-004","SIZE_SKEW","natural/randomized","BILATERAL_ONLY",5,9,1043629.1475710002,35884.00000000001,0.0343838614353752,1007745.1475710003,0.04000699999932067,21,1007745.1075640003,0,0,0,1544.2804412770936,15,0,7,35884.00000000001,45897.799979,10013.799978999996,0.27906030484338407,0.05021467759689487,0.45,"n/a",9998,9654,"CROSSED_BILATERAL","MARKET:21"
"SIZE_SKEW-004","SIZE_SKEW","natural/randomized","VENUE0_CROSSING",5,9,1043629.1475710002,45897.799979,0.04397903228922368,997731.3475920003,0.041071000000101776,20,997731.3065210001,0,0,0,1536.3659619585435,15,0,7,35884.00000000001,45897.799979,10013.799978999996,0.27906030484338407,0.05021467759689487,1,"EXACT_PASS",9998,9557,"PARTIAL_CROSS","MARKET:20"
"SIZE_SKEW-004","SIZE_SKEW","natural/randomized","VENUE0_FULL",5,9,1043629.1475710002,45897.799979,0.04397903228922368,997731.3475920003,0.041071000000101776,20,997731.3065210001,0,0,0,913.0394879768863,9,681.5526985760195,7,35884.00000000001,45897.799979,10013.799978999996,0.27906030484338407,0.05021467759689487,1,"EXACT_PASS",9998,9557,"PARTIAL_CROSS","EXECUTE_NOW:14 LIMIT:6"
"SIZE_SKEW-005","SIZE_SKEW","natural/randomized","MARKET_ONLY",6,9,518519.3057830001,0,0,518519.3057830001,0,33,518519.3057830001,0,0,0,693.4515455486459,13,0,4,11114.560000000001,15070.739979999998,3956.179979999997,0.3559457126507929,0.04278711476036111,0,"n/a",4870,"","MARKET_ONLY","MARKET:33"
"SIZE_SKEW-005","SIZE_SKEW","natural/randomized","BILATERAL_ONLY",6,9,518519.3057830001,11114.560000000001,0.02143519031218374,507404.7457830001,0.029163999999902046,27,507404.7166190001,0,0,0,680.8868405794284,13,0,4,11114.560000000001,15070.739979999998,3956.179979999997,0.3559457126507929,0.04278711476036111,0.62,"n/a",4870,4765,"CROSSED_BILATERAL","MARKET:27"
"SIZE_SKEW-005","SIZE_SKEW","natural/randomized","VENUE0_CROSSING",6,9,518519.3057830001,15070.739979999998,0.029064954403659353,503448.5658029999,0.03722600000001819,26,503448.52857699996,0,0,0,674.9960306365033,13,0,4,11114.560000000001,15070.739979999998,3956.179979999997,0.3559457126507929,0.04278711476036111,1,"EXACT_PASS",4870,4728,"PARTIAL_CROSS","MARKET:26"
"SIZE_SKEW-005","SIZE_SKEW","natural/randomized","VENUE0_FULL",6,9,518519.3057830001,15070.739979999998,0.029064954403659353,503448.5658029999,0.03722600000001819,26,503448.52857699996,0,0,0,378.4059136115686,8,143.85019819050763,4,11114.560000000001,15070.739979999998,3956.179979999997,0.3559457126507929,0.04278711476036111,1,"EXACT_PASS",4870,4728,"PARTIAL_CROSS","EXECUTE_NOW:18 LIMIT:8"
"SIZE_SKEW-006","SIZE_SKEW","natural/randomized","MARKET_ONLY",5,9,1011642.7084109999,0,0,1011642.7084109999,0,30,1011642.7084109999,0,0,0,1222.7034742458584,12,0,4,5131.12,8724.67998,3593.559980000001,0.7003461193657528,0.009660563073054353,0,"n/a",9959,"","MARKET_ONLY","MARKET:30"
"SIZE_SKEW-006","SIZE_SKEW","natural/randomized","BILATERAL_ONLY",5,9,1011642.7084109999,5131.12,0.005072067398241337,1006511.588411,0.043454999999973154,22,1006511.5449559998,0,0,0,1217.058217536483,12,0,4,5131.12,8724.67998,3593.559980000001,0.7003461193657528,0.009660563073054353,0.59,"n/a",9959,9907,"CROSSED_BILATERAL","MARKET:22"
"SIZE_SKEW-006","SIZE_SKEW","natural/randomized","VENUE0_CROSSING",5,9,1011642.7084109999,8724.67998,0.008624270117761207,1002918.0284309998,0.04058800000006357,20,1002917.9878429999,0,0,0,1213.7491831367565,12,0,4,5131.12,8724.67998,3593.559980000001,0.7003461193657528,0.009660563073054353,1,"EXACT_PASS",9959,9873,"PARTIAL_CROSS","MARKET:20"
"SIZE_SKEW-006","SIZE_SKEW","natural/randomized","VENUE0_FULL",5,9,1011642.7084109999,8724.67998,0.008624270117761207,1002918.0284309998,0.04058800000006357,20,1002917.9878429999,0,0,0,853.7847054500544,9,508.2107568883986,4,5131.12,8724.67998,3593.559980000001,0.7003461193657528,0.009660563073054353,1,"EXACT_PASS",9959,9873,"PARTIAL_CROSS","LIMIT:5 EXECUTE_NOW:15"
"SIZE_SKEW-007","SIZE_SKEW","natural/randomized","MARKET_ONLY",10,9,334924.6196209998,0,0,334924.6196209998,0,53,334924.6196209998,0,0,0,543.3364800328671,16,0,5,16588.840000000004,27290.159959,10701.319958999997,0.6450915168872564,0.09471779505459486,0,"n/a",3107,"","MARKET_ONLY","MARKET:53"
"SIZE_SKEW-007","SIZE_SKEW","natural/randomized","BILATERAL_ONLY",10,9,334924.6196209998,16588.840000000004,0.04953007043427238,318335.779621,0.09323899999967722,38,318335.686382,0,0,0,526.0180379035835,17,0,5,16588.840000000004,27290.159959,10701.319958999997,0.6450915168872564,0.09471779505459486,0.88,"n/a",3107,2953,"CROSSED_BILATERAL","MARKET:38"
"SIZE_SKEW-007","SIZE_SKEW","natural/randomized","VENUE0_CROSSING",10,9,334924.6196209998,27290.159959,0.0814814987022498,307634.45966199995,0.16644999999983057,27,307634.29321199993,0,0,0,518.7665563662074,17,0,5,16588.840000000004,27290.159959,10701.319958999997,0.6450915168872564,0.09471779505459486,2,"LP_PASS",3107,2854,"PARTIAL_CROSS","MARKET:27"
"SIZE_SKEW-007","SIZE_SKEW","natural/randomized","VENUE0_FULL",10,9,334924.6196209998,27290.159959,0.0814814987022498,307634.45966199995,0.16644999999983057,27,307634.29321199993,0,0,0,302.93697784277146,10,185.99388720989518,5,16588.840000000004,27290.159959,10701.319958999997,0.6450915168872564,0.09471779505459486,2,"LP_PASS",3107,2854,"PARTIAL_CROSS","EXECUTE_NOW:20 LIMIT:7"
"SIZE_SKEW-008","SIZE_SKEW","natural/randomized","MARKET_ONLY",6,9,642134.058768,0,0,642134.058768,0,39,642134.058768,0,0,0,449.4249363800593,7,0,6,26983.72,28822.679969,1838.9599689999995,0.06815072084204844,0.05497069439631328,0,"n/a",6092,"","MARKET_ONLY","MARKET:39"
"SIZE_SKEW-008","SIZE_SKEW","natural/randomized","BILATERAL_ONLY",6,9,642134.058768,26983.72,0.0420219417293813,615150.3387679998,0.16674399999962475,26,615150.1720239999,0,0,0,426.40838629020334,7,0,6,26983.72,28822.679969,1838.9599689999995,0.06815072084204844,0.05497069439631328,0.92,"n/a",6092,5835,"CROSSED_BILATERAL","MARKET:26"
"SIZE_SKEW-008","SIZE_SKEW","natural/randomized","VENUE0_CROSSING",6,9,642134.058768,28822.679969,0.044885767349421186,613311.3787989998,0.08016899999972793,24,613311.29863,0,0,0,425.60030117574655,7,0,6,26983.72,28822.679969,1838.9599689999995,0.06815072084204844,0.05497069439631328,1,"EXACT_PASS",6092,5818,"PARTIAL_CROSS","MARKET:24"
"SIZE_SKEW-008","SIZE_SKEW","natural/randomized","VENUE0_FULL",6,9,642134.058768,28822.679969,0.044885767349421186,613311.3787989998,0.08016899999972793,24,613311.29863,0,0,0,325.12536067213244,5,104.60629451000692,6,26983.72,28822.679969,1838.9599689999995,0.06815072084204844,0.05497069439631328,1,"EXACT_PASS",6092,5818,"PARTIAL_CROSS","EXECUTE_NOW:19 LIMIT:5"
"SIZE_SKEW-009","SIZE_SKEW","natural/randomized","MARKET_ONLY",4,9,662855.6495369998,0,0,662855.6495369998,0,22,662855.6495369998,0,0,0,774.5410402619912,12,0,5,6577.040000000001,6659.019988,81.97998799999914,0.012464571904686474,0.010813266042171542,0,"n/a",6419,"","MARKET_ONLY","MARKET:22"
"SIZE_SKEW-009","SIZE_SKEW","natural/randomized","BILATERAL_ONLY",4,9,662855.6495369998,6577.040000000001,0.009922280974136706,656278.6095370001,0.018511000000060562,18,656278.5910260001,0,0,0,769.2746939360618,12,0,5,6577.040000000001,6659.019988,81.97998799999914,0.012464571904686474,0.010813266042171542,0.31,"n/a",6419,6356,"CROSSED_BILATERAL","MARKET:18"
"SIZE_SKEW-009","SIZE_SKEW","natural/randomized","VENUE0_CROSSING",4,9,662855.6495369998,6659.019988,0.010045957958797336,656196.6295489998,0.028115999999911878,17,656196.6014329998,0,0,0,769.2523122550236,12,0,5,6577.040000000001,6659.019988,81.97998799999914,0.012464571904686474,0.010813266042171542,1,"EXACT_PASS",6419,6355,"PARTIAL_CROSS","MARKET:17"
"SIZE_SKEW-009","SIZE_SKEW","natural/randomized","VENUE0_FULL",4,9,662855.6495369998,6659.019988,0.010045957958797336,656196.6295489998,0.028115999999911878,17,656196.6014329998,0,0,0,466.20685550971746,7,298.55707898876074,5,6577.040000000001,6659.019988,81.97998799999914,0.012464571904686474,0.010813266042171542,1,"EXACT_PASS",6419,6355,"PARTIAL_CROSS","EXECUTE_NOW:14 LIMIT:3"
"SIZE_SKEW-010","SIZE_SKEW","natural/randomized","MARKET_ONLY",10,9,1047996.9803170002,0,0,1047996.9803170002,0,59,1047996.9803170002,0,0,0,1518.9362867595923,14,0,10,29640.32,36971.25995800001,7330.93995800001,0.24732998692321845,0.05319748439841534,0,"n/a",9897,"","MARKET_ONLY","MARKET:59"
"SIZE_SKEW-010","SIZE_SKEW","natural/randomized","BILATERAL_ONLY",10,9,1047996.9803170002,29640.32,0.028282829585095117,1018356.6603170001,0.0991849999997445,38,1018356.5611320002,0,0,0,1475.441173349859,14,0,8,29640.32,36971.25995800001,7330.93995800001,0.24732998692321845,0.05319748439841534,1.05,"n/a",9897,9616,"CROSSED_BILATERAL","MARKET:38"
"SIZE_SKEW-010","SIZE_SKEW","natural/randomized","VENUE0_CROSSING",10,9,1047996.9803170002,36971.25995800001,0.03527802145652831,1011025.7203590005,0.14013800000042842,33,1011025.5802210006,0,0,0,1466.3338544556407,15,0,7,29640.32,36971.25995800001,7330.93995800001,0.24732998692321845,0.05319748439841534,2,"LP_PASS",9897,9547,"PARTIAL_CROSS","MARKET:33"
"SIZE_SKEW-010","SIZE_SKEW","natural/randomized","VENUE0_FULL",10,9,1047996.9803170002,36971.25995800001,0.03527802145652831,1011025.7203590005,0.14013800000042842,33,1011025.5802210006,0,0,0,903.1734459162432,9,525.2748540291615,7,29640.32,36971.25995800001,7330.93995800001,0.24732998692321845,0.05319748439841534,2,"LP_PASS",9897,9547,"PARTIAL_CROSS","LIMIT:14 EXECUTE_NOW:19"
"SIZE_SKEW-011","SIZE_SKEW","natural/randomized","MARKET_ONLY",8,9,757599.2680889999,0,0,757599.2680889999,0,45,757599.2680889999,0,0,0,498.19048617439745,7,0,8,14114.84,19734.799968999996,5619.959968999996,0.3981596652176005,0.04736559820406857,0,"n/a",7238,"","MARKET_ONLY","MARKET:45"
"SIZE_SKEW-011","SIZE_SKEW","natural/randomized","BILATERAL_ONLY",8,9,757599.2680889999,14114.84,0.01863101060749948,743484.4280889999,0.04786599999997776,37,743484.380223,0,0,0,480.81222577344215,6,0,7,14114.84,19734.799968999996,5619.959968999996,0.3981596652176005,0.04736559820406857,0.74,"n/a",7238,7103,"CROSSED_BILATERAL","MARKET:37"
"SIZE_SKEW-011","SIZE_SKEW","natural/randomized","VENUE0_CROSSING",8,9,757599.2680889999,19734.799968999996,0.026049127553647036,737864.4681199997,0.07457300000034195,31,737864.3935469999,0,0,0,468.2933451485202,6,0,6,14114.84,19734.799968999996,5619.959968999996,0.3981596652176005,0.04736559820406857,1,"LP_PASS",7238,7049,"PARTIAL_CROSS","MARKET:31"
"SIZE_SKEW-011","SIZE_SKEW","natural/randomized","VENUE0_FULL",8,9,757599.2680889999,19734.799968999996,0.026049127553647036,737864.4681199997,0.07457300000034195,31,737864.3935469999,0,0,0,175.8136691062948,2,78.45937988102652,6,14114.84,19734.799968999996,5619.959968999996,0.3981596652176005,0.04736559820406857,1,"LP_PASS",7238,7049,"PARTIAL_CROSS","EXECUTE_NOW:20 LIMIT:11"
"SIZE_SKEW-012","SIZE_SKEW","natural/randomized","MARKET_ONLY",10,9,1070154.964408,0,0,1070154.964408,0,51,1070154.964408,0,0,0,714.7924014430672,7,0,7,35306.16,48217.619963,12911.459962999994,0.3656999221382329,0.05865786833472802,0,"n/a",9862,"","MARKET_ONLY","MARKET:51"
"SIZE_SKEW-012","SIZE_SKEW","natural/randomized","BILATERAL_ONLY",10,9,1070154.964408,35306.16,0.03299163315056063,1034848.8044080001,0.06654299999965474,34,1034848.737865,0,0,0,682.1492730702925,7,0,5,35306.16,48217.619963,12911.459962999994,0.3656999221382329,0.05865786833472802,1.86,"n/a",9862,9536,"CROSSED_BILATERAL","MARKET:34"
"SIZE_SKEW-012","SIZE_SKEW","natural/randomized","VENUE0_CROSSING",10,9,1070154.964408,48217.619963,0.045056670824933795,1021937.3444450003,0.09279899999976227,32,1021937.2516460002,0,0,0,669.9536040527078,7,0,5,35306.16,48217.619963,12911.459962999994,0.3656999221382329,0.05865786833472802,2,"LP_PASS",9862,9417,"PARTIAL_CROSS","MARKET:32"
"SIZE_SKEW-012","SIZE_SKEW","natural/randomized","VENUE0_FULL",10,9,1070154.964408,48217.619963,0.045056670824933795,1021937.3444450003,0.09279899999976227,32,1021937.2516460002,0,0,0,586.2152726754676,6,231.7778990430401,5,35306.16,48217.619963,12911.459962999994,0.3656999221382329,0.05865786833472802,2,"LP_PASS",9862,9417,"PARTIAL_CROSS","LIMIT:13 EXECUTE_NOW:19"
"SIZE_SKEW-013","SIZE_SKEW","natural/randomized","MARKET_ONLY",9,9,989054.1520149999,0,0,989054.1520149999,0,56,989054.1520149999,0,0,0,622.5037008308266,6,0,6,28846.240000000013,33147.719956,4301.479955999988,0.1491175264436539,0.03890655714007498,0,"n/a",9240,"","MARKET_ONLY","MARKET:56"
"SIZE_SKEW-013","SIZE_SKEW","natural/randomized","BILATERAL_ONLY",9,9,989054.1520149999,28846.240000000013,0.029165480920565947,960207.9120149999,0.12036099999969685,35,960207.791654,0,0,0,594.3852680762952,6,0,6,28846.240000000013,33147.719956,4301.479955999988,0.1491175264436539,0.03890655714007498,1.11,"n/a",9240,8970,"CROSSED_BILATERAL","MARKET:35"
"SIZE_SKEW-013","SIZE_SKEW","natural/randomized","VENUE0_CROSSING",9,9,989054.1520149999,33147.719956,0.033514565292980324,955906.4320589997,0.152584000000355,30,955906.2794749998,0,0,0,593.8527282175304,6,0,6,28846.240000000013,33147.719956,4301.479955999988,0.1491175264436539,0.03890655714007498,2,"LP_PASS",9240,8930,"PARTIAL_CROSS","MARKET:30"
"SIZE_SKEW-013","SIZE_SKEW","natural/randomized","VENUE0_FULL",9,9,989054.1520149999,33147.719956,0.033514565292980324,955906.4320589997,0.152584000000355,30,955906.2794749998,0,0,0,556.345713067413,6,-99.43512672669685,6,28846.240000000013,33147.719956,4301.479955999988,0.1491175264436539,0.03890655714007498,2,"LP_PASS",9240,8930,"PARTIAL_CROSS","EXECUTE_NOW:24 LIMIT:6"
"SIZE_SKEW-014","SIZE_SKEW","natural/randomized","MARKET_ONLY",6,9,580173.6397769998,0,0,580173.6397769998,0,29,580173.6397769998,0,0,0,1190.9222546421283,21,0,5,6654.12,10995.919983,4341.799983,0.6524979986835224,0.02524358016615392,0,"n/a",5665,"","MARKET_ONLY","MARKET:29"
"SIZE_SKEW-014","SIZE_SKEW","natural/randomized","BILATERAL_ONLY",6,9,580173.6397769998,6654.12,0.011469187056753613,573519.5197769997,0.03972400000004761,23,573519.4800529999,0,0,0,1185.2641598336036,21,0,5,6654.12,10995.919983,4341.799983,0.6524979986835224,0.02524358016615392,0.54,"n/a",5665,5600,"CROSSED_BILATERAL","MARKET:23"
"SIZE_SKEW-014","SIZE_SKEW","natural/randomized","VENUE0_CROSSING",6,9,580173.6397769998,10995.919983,0.018952808657812306,569177.7197939998,0.04703100000013993,22,569177.6727629999,0,0,0,1179.31313890945,21,0,5,6654.12,10995.919983,4341.799983,0.6524979986835224,0.02524358016615392,1,"EXACT_PASS",5665,5557,"PARTIAL_CROSS","MARKET:22"
"SIZE_SKEW-014","SIZE_SKEW","natural/randomized","VENUE0_FULL",6,9,580173.6397769998,10995.919983,0.018952808657812306,569177.7197939998,0.04703100000013993,22,569177.6727629999,0,0,0,552.8985197850694,10,530.379118470809,5,6654.12,10995.919983,4341.799983,0.6524979986835224,0.02524358016615392,1,"EXACT_PASS",5665,5557,"PARTIAL_CROSS","EXECUTE_NOW:10 LIMIT:12"
"SIZE_SKEW-015","SIZE_SKEW","natural/randomized","MARKET_ONLY",7,9,617128.9259280001,0,0,617128.9259280001,0,42,617128.9259280001,0,0,0,852.4751660900699,14,0,5,20005.640000000003,24031.499966,4025.8599659999963,0.2012362496775907,0.04408059596800328,0,"n/a",5812,"","MARKET_ONLY","MARKET:42"
"SIZE_SKEW-015","SIZE_SKEW","natural/randomized","BILATERAL_ONLY",7,9,617128.9259280001,20005.640000000003,0.03241727807510686,597123.2859280001,0.06026399999964838,28,597123.2256640003,0,0,0,833.6668492636674,14,0,5,20005.640000000003,24031.499966,4025.8599659999963,0.2012362496775907,0.04408059596800328,0.82,"n/a",5812,5624,"CROSSED_BILATERAL","MARKET:28"
"SIZE_SKEW-015","SIZE_SKEW","natural/randomized","VENUE0_CROSSING",7,9,617128.9259280001,24031.499966,0.03894080953969695,593097.4259620002,0.08225000000001614,24,593097.3437120001,0,0,0,828.5395302601011,14,0,5,20005.640000000003,24031.499966,4025.8599659999963,0.2012362496775907,0.04408059596800328,1,"LP_PASS",5812,5586,"PARTIAL_CROSS","MARKET:24"
"SIZE_SKEW-015","SIZE_SKEW","natural/randomized","VENUE0_FULL",7,9,617128.9259280001,24031.499966,0.03894080953969695,593097.4259620002,0.08225000000001614,24,593097.3437120001,0,0,0,568.439602281619,10,265.8466281685094,5,20005.640000000003,24031.499966,4025.8599659999963,0.2012362496775907,0.04408059596800328,1,"LP_PASS",5812,5586,"PARTIAL_CROSS","LIMIT:10 EXECUTE_NOW:14"
"SIZE_SKEW-016","SIZE_SKEW","natural/randomized","MARKET_ONLY",10,9,720780.978196,0,0,720780.978196,0,55,720780.978196,0,0,0,1239.0754231472692,17,0,6,34245.68,45720.999957,11475.319957,0.33508810328777233,0.06395206366484522,0,"n/a",6648,"","MARKET_ONLY","MARKET:55"
"SIZE_SKEW-016","SIZE_SKEW","natural/randomized","BILATERAL_ONLY",10,9,720780.978196,34245.68,0.04751190866011959,686535.2981959999,0.10808799999974639,37,686535.190108,0,0,0,1210.5341073068448,18,0,5,34245.68,45720.999957,11475.319957,0.33508810328777233,0.06395206366484522,1.1,"n/a",6648,6331,"CROSSED_BILATERAL","MARKET:37"
"SIZE_SKEW-016","SIZE_SKEW","natural/randomized","VENUE0_CROSSING",10,9,720780.978196,45720.999957,0.06343258401662094,675059.978239,0.15730300000035058,29,675059.820936,0,0,0,1202.532147187407,18,0,5,34245.68,45720.999957,11475.319957,0.33508810328777233,0.06395206366484522,2,"LP_PASS",6648,6226,"PARTIAL_CROSS","MARKET:29"
"SIZE_SKEW-016","SIZE_SKEW","natural/randomized","VENUE0_FULL",10,9,720780.978196,45720.999957,0.06343258401662094,675059.978239,0.15730300000035058,29,675059.820936,0,0,0,517.3262764712711,8,442.9946128798772,5,34245.68,45720.999957,11475.319957,0.33508810328777233,0.06395206366484522,2,"LP_PASS",6648,6226,"PARTIAL_CROSS","EXECUTE_NOW:16 LIMIT:13"
"SIZE_SKEW-017","SIZE_SKEW","natural/randomized","MARKET_ONLY",6,9,666334.8847750002,0,0,666334.8847750002,0,31,666334.8847750002,0,0,0,1370.8290718465655,21,0,6,6134.120000000001,6608.039977,473.91997699999956,0.0772596520772335,0.015560990119106879,0,"n/a",6516,"","MARKET_ONLY","MARKET:31"
"SIZE_SKEW-017","SIZE_SKEW","natural/randomized","BILATERAL_ONLY",6,9,666334.8847750002,6134.120000000001,0.009205761457425864,660200.764775,0.05270799999978948,23,660200.712067,0,0,0,1363.1985327575262,21,0,6,6134.120000000001,6608.039977,473.91997699999956,0.0772596520772335,0.015560990119106879,0.62,"n/a",6516,6455,"CROSSED_BILATERAL","MARKET:23"
"SIZE_SKEW-017","SIZE_SKEW","natural/randomized","VENUE0_CROSSING",6,9,666334.8847750002,6608.039977,0.009916995384732593,659726.8447980004,0.05411600000002181,21,659726.7906820002,0,0,0,1361.5580617448215,21,0,6,6134.120000000001,6608.039977,473.91997699999956,0.0772596520772335,0.015560990119106879,1,"EXACT_PASS",6516,6451,"PARTIAL_CROSS","MARKET:21"
"SIZE_SKEW-017","SIZE_SKEW","natural/randomized","VENUE0_FULL",6,9,666334.8847750002,6608.039977,0.009916995384732593,659726.8447980004,0.05411600000002181,21,659726.7906820002,0,0,0,595.5880165391445,9,524.3168381062399,6,6134.120000000001,6608.039977,473.91997699999956,0.0772596520772335,0.015560990119106879,1,"EXACT_PASS",6516,6451,"PARTIAL_CROSS","EXECUTE_NOW:13 LIMIT:8"
"SIZE_SKEW-018","SIZE_SKEW","natural/randomized","MARKET_ONLY",5,9,959399.3713690001,0,0,959399.3713690001,0,31,959399.3713690001,0,0,0,552.5066271357387,6,0,4,4722.440000000001,5540.519979000001,818.0799789999992,0.17323247706693976,0.008995037213424264,0,"n/a",9376,"","MARKET_ONLY","MARKET:31"
"SIZE_SKEW-018","SIZE_SKEW","natural/randomized","BILATERAL_ONLY",5,9,959399.3713690001,4722.440000000001,0.004922287986557036,954676.9313689998,0.036350999999939404,23,954676.8950179998,0,0,0,549.660728188448,6,0,4,4722.440000000001,5540.519979000001,818.0799789999992,0.17323247706693976,0.008995037213424264,0.55,"n/a",9376,9329,"CROSSED_BILATERAL","MARKET:23"
"SIZE_SKEW-018","SIZE_SKEW","natural/randomized","VENUE0_CROSSING",5,9,959399.3713690001,5540.519979000001,0.005774988127305151,953858.85139,0.05042800000002501,21,953858.8009619999,0,0,0,547.8009391633937,6,0,4,4722.440000000001,5540.519979000001,818.0799789999992,0.17323247706693976,0.008995037213424264,1,"EXACT_PASS",9376,9321,"PARTIAL_CROSS","MARKET:21"
"SIZE_SKEW-018","SIZE_SKEW","natural/randomized","VENUE0_FULL",5,9,959399.3713690001,5540.519979000001,0.005774988127305151,953858.85139,0.05042800000002501,21,953858.8009619999,0,0,0,334.2241344132837,4,257.3466656374226,4,4722.440000000001,5540.519979000001,818.0799789999992,0.17323247706693976,0.008995037213424264,1,"EXACT_PASS",9376,9321,"PARTIAL_CROSS","EXECUTE_NOW:14 LIMIT:7"
"SIZE_SKEW-019","SIZE_SKEW","natural/randomized","MARKET_ONLY",4,9,716850.6849600002,0,0,716850.6849600002,0,23,716850.6849600002,0,0,0,644.41466557792,9,0,5,11350.28,13271.419991,1921.139991,0.16925925977156508,0.02774400096598883,0,"n/a",6994,"","MARKET_ONLY","MARKET:23"
"SIZE_SKEW-019","SIZE_SKEW","natural/randomized","BILATERAL_ONLY",4,9,716850.6849600002,11350.28,0.015833534427930885,705500.4049600002,0.003918999999768857,22,705500.4010410002,0,0,0,639.2830334428941,9,0,5,11350.28,13271.419991,1921.139991,0.16925925977156508,0.02774400096598883,0.32,"n/a",6994,6883,"CROSSED_BILATERAL","MARKET:22"
"SIZE_SKEW-019","SIZE_SKEW","natural/randomized","VENUE0_CROSSING",4,9,716850.6849600002,13271.419991,0.01851350674477006,703579.2649690001,0.013468000000074198,20,703579.2515010001,0,0,0,634.552596886274,9,0,5,11350.28,13271.419991,1921.139991,0.16925925977156508,0.02774400096598883,1,"EXACT_PASS",6994,6864,"PARTIAL_CROSS","MARKET:20"
"SIZE_SKEW-019","SIZE_SKEW","natural/randomized","VENUE0_FULL",4,9,716850.6849600002,13271.419991,0.01851350674477006,703579.2649690001,0.013468000000074198,20,703579.2515010001,0,0,0,369.4266618453245,5,255.51695343536218,5,11350.28,13271.419991,1921.139991,0.16925925977156508,0.02774400096598883,1,"EXACT_PASS",6994,6864,"PARTIAL_CROSS","EXECUTE_NOW:12 LIMIT:8"
"SIZE_SKEW-020","SIZE_SKEW","natural/randomized","MARKET_ONLY",9,9,611593.4554699998,0,0,611593.4554699998,0,52,611593.4554699998,0,0,0,915.4820149768548,15,0,6,34962.19999999998,51103.03996000001,16140.839960000027,0.46166545469106735,0.10900060616699986,0,"n/a",5716,"","MARKET_ONLY","MARKET:52"
"SIZE_SKEW-020","SIZE_SKEW","natural/randomized","BILATERAL_ONLY",9,9,611593.4554699998,34962.19999999998,0.05716575232665315,576631.25547,0.08551199999991255,35,576631.169958,0,0,0,879.0648016331444,15,0,6,34962.19999999998,51103.03996000001,16140.839960000027,0.46166545469106735,0.10900060616699986,1.05,"n/a",5716,5390,"CROSSED_BILATERAL","MARKET:35"
"SIZE_SKEW-020","SIZE_SKEW","natural/randomized","VENUE0_CROSSING",9,9,611593.4554699998,51103.03996000001,0.08355720536729443,560490.4155099997,0.12539499999954273,27,560490.290115,0,0,0,864.1212021616577,15,0,6,34962.19999999998,51103.03996000001,16140.839960000027,0.46166545469106735,0.10900060616699986,2,"LP_PASS",5716,5238,"PARTIAL_CROSS","MARKET:27"
"SIZE_SKEW-020","SIZE_SKEW","natural/randomized","VENUE0_FULL",9,9,611593.4554699998,51103.03996000001,0.08355720536729443,560490.4155099997,0.12539499999954273,26,560487.439867,0,2.850248,0,456.82879023537174,8,427.2210498627645,6,34962.19999999998,51103.03996000001,16140.839960000027,0.46166545469106735,0.10900060616699986,2,"LP_PASS",5716,5238,"PARTIAL_CROSS","EXECUTE_NOW:18 LIMIT:8 AGGREGATE:1"
"SIZE_SKEW-021","SIZE_SKEW","natural/randomized","MARKET_ONLY",10,9,1012841.3325670003,0,0,1012841.3325670003,0,64,1012841.3325670003,0,0,0,1048.3805884484084,10,0,5,21970.799999999996,29515.89995,7545.099950000003,0.3434148938591223,0.032674002003972163,0,"n/a",9635,"","MARKET_ONLY","MARKET:64"
"SIZE_SKEW-021","SIZE_SKEW","natural/randomized","BILATERAL_ONLY",10,9,1012841.3325670003,21970.799999999996,0.021692242697398615,990870.5325669998,0.16786100000008908,38,990870.3647059998,0,0,0,1028.8841022751094,10,0,4,21970.799999999996,29515.89995,7545.099950000003,0.3434148938591223,0.032674002003972163,1.62,"n/a",9635,9426,"CROSSED_BILATERAL","MARKET:38"
"SIZE_SKEW-021","SIZE_SKEW","natural/randomized","VENUE0_CROSSING",10,9,1012841.3325670003,29515.89995,0.029141681920892084,983325.4326170002,0.15143900000020594,34,983325.281178,0,0,0,1019.9570371369152,10,0,4,21970.799999999996,29515.89995,7545.099950000003,0.3434148938591223,0.032674002003972163,2,"LP_PASS",9635,9354,"PARTIAL_CROSS","MARKET:34"
"SIZE_SKEW-021","SIZE_SKEW","natural/randomized","VENUE0_FULL",10,9,1012841.3325670003,29515.89995,0.029141681920892084,983325.4326170002,0.15143900000020594,34,983325.281178,0,0,0,819.4876899180773,8,102.70773914102081,4,21970.799999999996,29515.89995,7545.099950000003,0.3434148938591223,0.032674002003972163,2,"LP_PASS",9635,9354,"PARTIAL_CROSS","EXECUTE_NOW:27 LIMIT:7"
"SIZE_SKEW-022","SIZE_SKEW","natural/randomized","MARKET_ONLY",8,9,1010202.9510409997,0,0,1010202.9510409997,0,39,1010202.9510409997,0,0,0,1021.3028022483838,10,0,5,13332.400000000005,21028.699967,7696.299966999995,0.5772629059284144,0.02249691539168512,0,"n/a",9672,"","MARKET_ONLY","MARKET:39"
"SIZE_SKEW-022","SIZE_SKEW","natural/randomized","BILATERAL_ONLY",8,9,1010202.9510409997,13332.400000000005,0.013197744063468788,996870.5510409995,0.04910199999989828,28,996870.5019389997,0,0,0,1009.6695015920478,10,0,5,13332.400000000005,21028.699967,7696.299966999995,0.5772629059284144,0.02249691539168512,0.71,"n/a",9672,9544,"CROSSED_BILATERAL","MARKET:28"
"SIZE_SKEW-022","SIZE_SKEW","natural/randomized","VENUE0_CROSSING",8,9,1010202.9510409997,21028.699967,0.02081631215324626,989174.2510739999,0.0709899999999486,21,989174.1800840001,0,0,0,1001.2299785367818,10,0,5,13332.400000000005,21028.699967,7696.299966999995,0.5772629059284144,0.02249691539168512,1,"LP_PASS",9672,9470,"PARTIAL_CROSS","MARKET:21"
"SIZE_SKEW-022","SIZE_SKEW","natural/randomized","VENUE0_FULL",8,9,1010202.9510409997,21028.699967,0.02081631215324626,989174.2510739999,0.0709899999999486,21,989174.1800840001,0,0,0,773.5937754289511,8,496.04535904772337,5,13332.400000000005,21028.699967,7696.299966999995,0.5772629059284144,0.02249691539168512,1,"LP_PASS",9672,9470,"PARTIAL_CROSS","LIMIT:7 EXECUTE_NOW:14"
"SIZE_SKEW-023","SIZE_SKEW","natural/randomized","MARKET_ONLY",10,9,473947.77579099993,0,0,473947.77579099993,0,56,473947.77579099993,0,0,0,437.70900433859646,9,0,6,15674.359999999997,35116.159962,19441.799962,1.2403568606309925,0.08673024216095619,0,"n/a",4439,"","MARKET_ONLY","MARKET:56"
"SIZE_SKEW-023","SIZE_SKEW","natural/randomized","BILATERAL_ONLY",10,9,473947.77579099993,15674.359999999997,0.033071913828143014,458273.41579100006,0.06073399999996454,41,458273.355057,0,0,0,420.73352306594956,9,0,5,15674.359999999997,35116.159962,19441.799962,1.2403568606309925,0.08673024216095619,1.42,"n/a",4439,4292,"CROSSED_BILATERAL","MARKET:41"
"SIZE_SKEW-023","SIZE_SKEW","natural/randomized","VENUE0_CROSSING",10,9,473947.77579099993,35116.159962,0.0740928890390772,438831.61582899996,0.11873400000031076,35,438831.49709499994,0,0,0,402.8487371337424,9,0,4,15674.359999999997,35116.159962,19441.799962,1.2403568606309925,0.08673024216095619,3,"LP_PASS",4439,4110,"PARTIAL_CROSS","MARKET:35"
"SIZE_SKEW-023","SIZE_SKEW","natural/randomized","VENUE0_FULL",10,9,473947.77579099993,35116.159962,0.0740928890390772,438831.61582899996,0.11873400000031076,35,438831.49709499994,0,0,0,315.763286888336,7,225.0837545269768,4,15674.359999999997,35116.159962,19441.799962,1.2403568606309925,0.08673024216095619,3,"LP_PASS",4439,4110,"PARTIAL_CROSS","EXECUTE_NOW:24 LIMIT:11"
"SIZE_SKEW-024","SIZE_SKEW","natural/randomized","MARKET_ONLY",8,9,794708.9480849999,0,0,794708.9480849999,0,50,794708.9480849999,0,0,0,1022.8508281984638,13,0,4,37980.880000000005,44399.279964,6418.3999639999965,0.16899029100958154,0.06972741659638791,0,"n/a",7405,"","MARKET_ONLY","MARKET:50"
"SIZE_SKEW-024","SIZE_SKEW","natural/randomized","BILATERAL_ONLY",8,9,794708.9480849999,37980.880000000005,0.0477921886893586,756728.068085,0.07194700000027865,36,756727.996138,0,0,0,978.6632331603753,13,0,4,37980.880000000005,44399.279964,6418.3999639999965,0.16899029100958154,0.06972741659638791,0.89,"n/a",7405,7051,"CROSSED_BILATERAL","MARKET:36"
"SIZE_SKEW-024","SIZE_SKEW","natural/randomized","VENUE0_CROSSING",8,9,794708.9480849999,44399.279964,0.05586860456395814,750309.668121,0.08913100000010132,31,750309.5789900002,0,0,0,970.9869789513233,13,0,4,37980.880000000005,44399.279964,6418.3999639999965,0.16899029100958154,0.06972741659638791,2,"LP_PASS",7405,6991,"PARTIAL_CROSS","MARKET:31"
"SIZE_SKEW-024","SIZE_SKEW","natural/randomized","VENUE0_FULL",8,9,794708.9480849999,44399.279964,0.05586860456395814,750309.668121,0.08913100000010132,30,750308.2234970002,0,1.355493,0,716.3361113199655,10,189.7186267432302,4,37980.880000000005,44399.279964,6418.3999639999965,0.16899029100958154,0.06972741659638791,2,"LP_PASS",7405,6991,"PARTIAL_CROSS","LIMIT:14 EXECUTE_NOW:16 AGGREGATE:1"
"SIZE_SKEW-025","SIZE_SKEW","natural/randomized","MARKET_ONLY",6,9,849818.6992260001,0,0,849818.6992260001,0,37,849818.6992260001,0,0,0,1231.0032751806928,14,0,8,3255.76,3678.439985000002,422.6799850000016,0.1298252896405145,0.038195281444810686,0,"n/a",7948,"","MARKET_ONLY","MARKET:37"
"SIZE_SKEW-025","SIZE_SKEW","natural/randomized","BILATERAL_ONLY",6,9,849818.6992260001,3255.76,0.0038311230418503254,846562.9392260005,0.022604999999984443,34,846562.9166210004,0,0,0,1229.3801469822617,15,0,8,3255.76,3678.439985000002,422.6799850000016,0.1298252896405145,0.038195281444810686,0.88,"n/a",7948,7918,"CROSSED_BILATERAL","MARKET:34"
"SIZE_SKEW-025","SIZE_SKEW","natural/randomized","VENUE0_CROSSING",6,9,849818.6992260001,3678.439985000002,0.004328499700406992,846140.259241,0.01904599999994616,34,846140.2401950001,0,0,0,1228.9658917693555,15,0,8,3255.76,3678.439985000002,422.6799850000016,0.1298252896405145,0.038195281444810686,1,"EXACT_PASS",7948,7914,"PARTIAL_CROSS","MARKET:34"
"SIZE_SKEW-025","SIZE_SKEW","natural/randomized","VENUE0_FULL",6,9,849818.6992260001,3678.439985000002,0.004328499700406992,846140.259241,0.01904599999994616,34,846140.2401950001,0,0,0,675.3550085663508,8,528.4439536085749,8,3255.76,3678.439985000002,422.6799850000016,0.1298252896405145,0.038195281444810686,1,"EXACT_PASS",7948,7914,"PARTIAL_CROSS","EXECUTE_NOW:19 LIMIT:15"
"SIZE_SKEW-026","SIZE_SKEW","natural/randomized","MARKET_ONLY",8,9,992596.032263,0,0,992596.032263,0,51,992596.032263,0,0,0,1187.3569553030795,12,0,7,34399.56,37722.639962999994,3323.0799629999965,0.09660239732717502,0.041478048103955424,0,"n/a",9448,"","MARKET_ONLY","MARKET:51"
"SIZE_SKEW-026","SIZE_SKEW","natural/randomized","BILATERAL_ONLY",8,9,992596.032263,34399.56,0.03465615303898921,958196.4722630002,0.09147500000050535,30,958196.3807880002,0,0,0,1159.998272349505,12,0,7,34399.56,37722.639962999994,3323.0799629999965,0.09660239732717502,0.041478048103955424,1.05,"n/a",9448,9120,"CROSSED_BILATERAL","MARKET:30"
"SIZE_SKEW-026","SIZE_SKEW","natural/randomized","VENUE0_CROSSING",8,9,992596.032263,37722.639962999994,0.03800402050469303,954873.3923000002,0.0712539999999251,32,954873.3210460001,0,0,0,1157.5853146077864,12,0,7,34399.56,37722.639962999994,3323.0799629999965,0.09660239732717502,0.041478048103955424,1,"LP_PASS",9448,9089,"PARTIAL_CROSS","MARKET:32"
"SIZE_SKEW-026","SIZE_SKEW","natural/randomized","VENUE0_FULL",8,9,992596.032263,37722.639962999994,0.03800402050469303,954873.3923000002,0.0712539999999251,32,954873.3210460001,0,0,0,854.4887193753962,9,416.0560211631576,7,34399.56,37722.639962999994,3323.0799629999965,0.09660239732717502,0.041478048103955424,1,"LP_PASS",9448,9089,"PARTIAL_CROSS","EXECUTE_NOW:21 LIMIT:11"
"SIZE_SKEW-027","SIZE_SKEW","natural/randomized","MARKET_ONLY",7,9,847286.8101539998,0,0,847286.8101539998,0,39,847286.8101539998,0,0,0,698.377799219685,8,0,6,6168.24,12165.899975999997,5997.659975999997,0.9723454301389047,0.04303194794614245,0,"n/a",7949,"","MARKET_ONLY","MARKET:39"
"SIZE_SKEW-027","SIZE_SKEW","natural/randomized","BILATERAL_ONLY",7,9,847286.8101539998,6168.24,0.007279990584155184,841118.570154,0.04367400000002952,31,841118.5264799999,0,0,0,691.1325989946026,8,0,6,6168.24,12165.899975999997,5997.659975999997,0.9723454301389047,0.04303194794614245,0.64,"n/a",7949,7891,"CROSSED_BILATERAL","MARKET:31"
"SIZE_SKEW-027","SIZE_SKEW","natural/randomized","VENUE0_CROSSING",7,9,847286.8101539998,12165.899975999997,0.014358656160112733,835120.9101779999,0.04753600000008795,28,835120.8626419998,0,0,0,685.656109573207,8,0,6,6168.24,12165.899975999997,5997.659975999997,0.9723454301389047,0.04303194794614245,1,"LP_PASS",7949,7834,"PARTIAL_CROSS","MARKET:28"
"SIZE_SKEW-027","SIZE_SKEW","natural/randomized","VENUE0_FULL",7,9,847286.8101539998,12165.899975999997,0.014358656160112733,835120.9101779999,0.04753600000008795,28,835120.8626419998,0,0,0,514.5167346240142,6,282.1647200423129,6,6168.24,12165.899975999997,5997.659975999997,0.9723454301389047,0.04303194794614245,1,"LP_PASS",7949,7834,"PARTIAL_CROSS","LIMIT:14 EXECUTE_NOW:14"
"SIZE_SKEW-028","SIZE_SKEW","natural/randomized","MARKET_ONLY",7,9,982281.8350680001,0,0,982281.8350680001,0,39,982281.8350680001,0,0,0,1192.900750523783,12,0,7,19142.96,22379.299982,3236.3399820000013,0.16906162798229749,0.032499169786429014,0,"n/a",9309,"","MARKET_ONLY","MARKET:39"
"SIZE_SKEW-028","SIZE_SKEW","natural/randomized","BILATERAL_ONLY",7,9,982281.8350680001,19142.96,0.019488256136462906,963138.8750680002,0.03723499999977875,32,963138.8378330001,0,0,0,1181.7474098188536,12,0,7,19142.96,22379.299982,3236.3399820000013,0.16906162798229749,0.032499169786429014,0.62,"n/a",9309,9127,"CROSSED_BILATERAL","MARKET:32"
"SIZE_SKEW-028","SIZE_SKEW","natural/randomized","VENUE0_CROSSING",7,9,982281.8350680001,22379.299982,0.022782972445429324,959902.535086,0.038262999999574276,30,959902.496823,0,0,0,1181.1090259775244,12,0,7,19142.96,22379.299982,3236.3399820000013,0.16906162798229749,0.032499169786429014,1,"LP_PASS",9309,9097,"PARTIAL_CROSS","MARKET:30"
"SIZE_SKEW-028","SIZE_SKEW","natural/randomized","VENUE0_FULL",7,9,982281.8350680001,22379.299982,0.022782972445429324,959902.535086,0.038262999999574276,30,959902.496823,0,0,0,809.2177817599307,8,375.9218945615158,7,19142.96,22379.299982,3236.3399820000013,0.16906162798229749,0.032499169786429014,1,"LP_PASS",9309,9097,"PARTIAL_CROSS","EXECUTE_NOW:21 LIMIT:9"
"SIZE_SKEW-029","SIZE_SKEW","natural/randomized","MARKET_ONLY",4,9,1006237.28769,0,0,1006237.28769,0,26,1006237.28769,0,0,0,1458.8237875499565,14,0,6,5657,7413.919988,1756.9199879999996,0.3105745073360438,0.017370151664847414,0,"n/a",9795,"","MARKET_ONLY","MARKET:26"
"SIZE_SKEW-029","SIZE_SKEW","natural/randomized","BILATERAL_ONLY",4,9,1006237.28769,5657,0.00562193437791067,1000580.2876900001,0.028681000000062795,20,1000580.259009,0,0,0,1452.906565142861,15,0,6,5657,7413.919988,1756.9199879999996,0.3105745073360438,0.017370151664847414,0.57,"n/a",9795,9741,"CROSSED_BILATERAL","MARKET:20"
"SIZE_SKEW-029","SIZE_SKEW","natural/randomized","VENUE0_CROSSING",4,9,1006237.28769,7413.919988,0.007367963877605844,998823.3677019998,0.02121700000006399,22,998823.3464849999,0,0,0,1452.0227056640529,15,0,6,5657,7413.919988,1756.9199879999996,0.3105745073360438,0.017370151664847414,1,"EXACT_PASS",9795,9724,"PARTIAL_CROSS","MARKET:22"
"SIZE_SKEW-029","SIZE_SKEW","natural/randomized","VENUE0_FULL",4,9,1006237.28769,7413.919988,0.007367963877605844,998823.3677019998,0.02121700000006399,22,998823.3464849999,0,0,0,945.9780552548707,9,863.0444028206682,6,5657,7413.919988,1756.9199879999996,0.3105745073360438,0.017370151664847414,1,"EXACT_PASS",9795,9724,"PARTIAL_CROSS","LIMIT:11 EXECUTE_NOW:11"
"SIZE_SKEW-030","SIZE_SKEW","natural/randomized","MARKET_ONLY",6,9,823493.3419160001,0,0,823493.3419160001,0,32,823493.3419160001,0,0,0,882.554271072171,11,0,6,1832,4123.219985,2291.2199849999997,1.2506659306768557,0.01581556413522103,0,"n/a",7941,"","MARKET_ONLY","MARKET:32"
"SIZE_SKEW-030","SIZE_SKEW","natural/randomized","BILATERAL_ONLY",6,9,823493.3419160001,1832,0.0022246688670700533,821661.341916,0.019430999999996534,29,821661.322485,0,0,0,881.9896593227522,11,0,6,1832,4123.219985,2291.2199849999997,1.2506659306768557,0.01581556413522103,0.55,"n/a",7941,7923,"CROSSED_BILATERAL","MARKET:29"
"SIZE_SKEW-030","SIZE_SKEW","natural/randomized","VENUE0_CROSSING",6,9,823493.3419160001,4123.219985,0.005006986426152047,819370.1219309999,0.022830999999984003,27,819370.0991,0,0,0,879.7590950594825,11,0,6,1832,4123.219985,2291.2199849999997,1.2506659306768557,0.01581556413522103,1,"EXACT_PASS",7941,7902,"PARTIAL_CROSS","MARKET:27"
"SIZE_SKEW-030","SIZE_SKEW","natural/randomized","VENUE0_FULL",6,9,823493.3419160001,4123.219985,0.005006986426152047,819370.1219309999,0.022830999999984003,27,819370.0991,0,0,0,532.8128522992367,7,492.3907274831137,6,1832,4123.219985,2291.2199849999997,1.2506659306768557,0.01581556413522103,1,"EXACT_PASS",7941,7902,"PARTIAL_CROSS","EXECUTE_NOW:14 LIMIT:13"
"SIZE_SKEW-031","SIZE_SKEW","natural/randomized","MARKET_ONLY",8,9,974387.5540839997,0,0,974387.5540839997,0,40,974387.5540839997,0,0,0,910.0414726270376,9,0,8,11384.839999999998,12860.199983,1475.359983000002,0.12958987416599638,0.021659318273866853,0,"n/a",9141,"","MARKET_ONLY","MARKET:40"
"SIZE_SKEW-031","SIZE_SKEW","natural/randomized","BILATERAL_ONLY",8,9,974387.5540839997,11384.839999999998,0.011684098336726638,963002.7140840002,0.0203579999997876,35,963002.6937260001,0,0,0,896.6722406412515,9,0,8,11384.839999999998,12860.199983,1475.359983000002,0.12958987416599638,0.021659318273866853,0.71,"n/a",9141,9035,"CROSSED_BILATERAL","MARKET:35"
"SIZE_SKEW-031","SIZE_SKEW","natural/randomized","VENUE0_CROSSING",8,9,974387.5540839997,12860.199983,0.01319823916992617,961527.3541010004,0.020362999999948173,35,961527.3337380002,0,0,0,894.8266591438828,9,0,8,11384.839999999998,12860.199983,1475.359983000002,0.12958987416599638,0.021659318273866853,1,"LP_PASS",9141,9021,"PARTIAL_CROSS","MARKET:35"
"SIZE_SKEW-031","SIZE_SKEW","natural/randomized","VENUE0_FULL",8,9,974387.5540839997,12860.199983,0.01319823916992617,961527.3541010004,0.020362999999948173,35,961527.3337380002,0,0,0,522.4285294960633,5,85.89599161656497,8,11384.839999999998,12860.199983,1475.359983000002,0.12958987416599638,0.021659318273866853,1,"LP_PASS",9141,9021,"PARTIAL_CROSS","EXECUTE_NOW:29 LIMIT:6"
"SIZE_SKEW-032","SIZE_SKEW","natural/randomized","MARKET_ONLY",4,9,935788.1917179998,0,0,935788.1917179998,0,28,935788.1917179998,0,0,0,1069.7105360118824,11,0,7,12433.640000000005,13695.479984000003,1261.8399839999984,0.10148596742385961,0.027100490481121977,0,"n/a",9092,"","MARKET_ONLY","MARKET:28"
"SIZE_SKEW-032","SIZE_SKEW","natural/randomized","BILATERAL_ONLY",4,9,935788.1917179998,12433.640000000005,0.01328681010301409,923354.5517179999,0.024299000000027604,23,923354.5274189998,0,0,0,1060.824400848996,11,0,7,12433.640000000005,13695.479984000003,1261.8399839999984,0.10148596742385961,0.027100490481121977,0.86,"n/a",9092,8972,"CROSSED_BILATERAL","MARKET:23"
"SIZE_SKEW-032","SIZE_SKEW","natural/randomized","VENUE0_CROSSING",4,9,935788.1917179998,13695.479984000003,0.014635234880295587,922092.711734,0.026743999999943924,22,922092.68499,0,0,0,1057.9768961077157,11,0,7,12433.640000000005,13695.479984000003,1261.8399839999984,0.10148596742385961,0.027100490481121977,1,"EXACT_PASS",9092,8959,"PARTIAL_CROSS","MARKET:22"
"SIZE_SKEW-032","SIZE_SKEW","natural/randomized","VENUE0_FULL",4,9,935788.1917179998,13695.479984000003,0.014635234880295587,922092.711734,0.026743999999943924,22,922092.68499,0,0,0,617.881234007751,7,386.8111469811862,7,12433.640000000005,13695.479984000003,1261.8399839999984,0.10148596742385961,0.027100490481121977,1,"EXACT_PASS",9092,8959,"PARTIAL_CROSS","LIMIT:11 EXECUTE_NOW:11"
"SIZE_SKEW-033","SIZE_SKEW","natural/randomized","MARKET_ONLY",8,9,929785.1347180001,0,0,929785.1347180001,0,44,929785.1347180001,0,0,0,935.2238819694678,10,0,5,15543,21135.959967,5592.959966999999,0.3598378670140899,0.04065575148119025,0,"n/a",8905,"","MARKET_ONLY","MARKET:44"
"SIZE_SKEW-033","SIZE_SKEW","natural/randomized","BILATERAL_ONLY",8,9,929785.1347180001,15543,0.016716765432815965,914242.1347180002,0.04176599999997421,33,914242.0929520001,0,0,0,914.4919268078946,10,0,5,15543,21135.959967,5592.959966999999,0.3598378670140899,0.04065575148119025,0.88,"n/a",8905,8756,"CROSSED_BILATERAL","MARKET:33"
"SIZE_SKEW-033","SIZE_SKEW","natural/randomized","VENUE0_CROSSING",8,9,929785.1347180001,21135.959967,0.02273209064953533,908649.1747509998,0.061631000000165415,30,908649.1131199999,0,0,0,908.1635802297578,10,0,5,15543,21135.959967,5592.959966999999,0.3598378670140899,0.04065575148119025,1,"LP_PASS",8905,8702,"PARTIAL_CROSS","MARKET:30"
"SIZE_SKEW-033","SIZE_SKEW","natural/randomized","VENUE0_FULL",8,9,929785.1347180001,21135.959967,0.02273209064953533,908649.1747509998,0.061631000000165415,30,908649.1131199999,0,0,0,312.83569490239745,3,306.7311293712185,5,15543,21135.959967,5592.959966999999,0.3598378670140899,0.04065575148119025,1,"LP_PASS",8905,8702,"PARTIAL_CROSS","EXECUTE_NOW:21 LIMIT:9"
"SIZE_SKEW-034","SIZE_SKEW","natural/randomized","MARKET_ONLY",9,9,1031616.5530110002,0,0,1031616.5530110002,0,52,1031616.5530110002,0,0,0,1205.4000281756094,12,0,6,21156.920000000002,29775.979967000003,8619.059967000001,0.4073872740928264,0.03212144409788922,0,"n/a",9741,"","MARKET_ONLY","MARKET:52"
"SIZE_SKEW-034","SIZE_SKEW","natural/randomized","BILATERAL_ONLY",9,9,1031616.5530110002,21156.920000000002,0.020508511557175844,1010459.6330110002,0.0697789999999685,42,1010459.5632320001,0,0,0,1184.8591822883284,12,0,5,21156.920000000002,29775.979967000003,8619.059967000001,0.4073872740928264,0.03212144409788922,0.82,"n/a",9741,9541,"CROSSED_BILATERAL","MARKET:42"
"SIZE_SKEW-034","SIZE_SKEW","natural/randomized","VENUE0_CROSSING",9,9,1031616.5530110002,29775.979967000003,0.028863418176154936,1001840.5730440002,0.11984299999978987,36,1001840.453201,0,0,0,1177.8907915316934,12,0,5,21156.920000000002,29775.979967000003,8619.059967000001,0.4073872740928264,0.03212144409788922,2,"LP_PASS",9741,9459,"PARTIAL_CROSS","MARKET:36"
"SIZE_SKEW-034","SIZE_SKEW","natural/randomized","VENUE0_FULL",9,9,1031616.5530110002,29775.979967000003,0.028863418176154936,1001840.5730440002,0.11984299999978987,36,1001840.453201,0,0,0,611.5302350135053,6,218.55411652682676,5,21156.920000000002,29775.979967000003,8619.059967000001,0.4073872740928264,0.03212144409788922,2,"LP_PASS",9741,9459,"PARTIAL_CROSS","EXECUTE_NOW:23 LIMIT:13"
"SIZE_SKEW-035","SIZE_SKEW","natural/randomized","MARKET_ONLY",5,9,649925.67701,0,0,649925.67701,0,29,649925.67701,0,0,0,1046.897740239977,16,0,7,7087.079999999999,8888.159983,1801.0799830000005,0.25413569241492984,0.03536431395008011,0,"n/a",6340,"","MARKET_ONLY","MARKET:29"
"SIZE_SKEW-035","SIZE_SKEW","natural/randomized","BILATERAL_ONLY",5,9,649925.67701,7087.079999999999,0.010904446847836964,642838.59701,0.0175710000000322,24,642838.5794389999,0,0,0,1035.656428996603,16,0,6,7087.079999999999,8888.159983,1801.0799830000005,0.25413569241492984,0.03536431395008011,0.7,"n/a",6340,6271,"CROSSED_BILATERAL","MARKET:24"
"SIZE_SKEW-035","SIZE_SKEW","natural/randomized","VENUE0_CROSSING",5,9,649925.67701,8888.159983,0.013675655997913809,641037.5170270001,0.021870000000092205,23,641037.4951569999,0,0,0,1032.9700387542266,16,0,7,7087.079999999999,8888.159983,1801.0799830000005,0.25413569241492984,0.03536431395008011,1,"EXACT_PASS",6340,6254,"PARTIAL_CROSS","MARKET:23"
"SIZE_SKEW-035","SIZE_SKEW","natural/randomized","VENUE0_FULL",5,9,649925.67701,8888.159983,0.013675655997913809,641037.5170270001,0.021870000000092205,23,641037.4951569999,0,0,0,551.8597159801704,9,255.57877929364432,7,7087.079999999999,8888.159983,1801.0799830000005,0.25413569241492984,0.03536431395008011,1,"EXACT_PASS",6340,6254,"PARTIAL_CROSS","LIMIT:5 EXECUTE_NOW:18"
"SIZE_SKEW-036","SIZE_SKEW","natural/randomized","MARKET_ONLY",5,9,914032.5366139997,0,0,914032.5366139997,0,28,914032.5366139997,0,0,0,941.624365368593,10,0,6,17957.920000000002,21147.139982,3189.2199819999987,0.1775940633436388,0.034240604477756,0,"n/a",8814,"","MARKET_ONLY","MARKET:28"
"SIZE_SKEW-036","SIZE_SKEW","natural/randomized","BILATERAL_ONLY",5,9,914032.5366139997,17957.920000000002,0.01964691548784955,896074.6166139999,0.030655999999993355,23,896074.5859579999,0,0,0,930.6228545517731,10,0,6,17957.920000000002,21147.139982,3189.2199819999987,0.1775940633436388,0.034240604477756,0.54,"n/a",8814,8641,"CROSSED_BILATERAL","MARKET:23"
"SIZE_SKEW-036","SIZE_SKEW","natural/randomized","VENUE0_CROSSING",5,9,914032.5366139997,21147.139982,0.02313609104150582,892885.3966319999,0.03924200000048472,22,892885.3573899999,0,0,0,927.8962906884603,10,0,6,17957.920000000002,21147.139982,3189.2199819999987,0.1775940633436388,0.034240604477756,1,"EXACT_PASS",8814,8610,"PARTIAL_CROSS","MARKET:22"
"SIZE_SKEW-036","SIZE_SKEW","natural/randomized","VENUE0_FULL",5,9,914032.5366139997,21147.139982,0.02313609104150582,892885.3966319999,0.03924200000048472,22,892885.3573899999,0,0,0,659.2554235382535,7,450.7913224488127,6,17957.920000000002,21147.139982,3189.2199819999987,0.1775940633436388,0.034240604477756,1,"EXACT_PASS",8814,8610,"PARTIAL_CROSS","EXECUTE_NOW:13 LIMIT:9"
"SIZE_SKEW-037","SIZE_SKEW","natural/randomized","MARKET_ONLY",10,9,938048.0755919996,0,0,938048.0755919996,0,60,938048.0755919996,0,0,0,1580.2484691567715,17,0,6,35443.8,47163.29995899999,11719.499958999986,0.33065021129224254,0.051544339389519855,0,"n/a",8778,"","MARKET_ONLY","MARKET:60"
"SIZE_SKEW-037","SIZE_SKEW","natural/randomized","BILATERAL_ONLY",10,9,938048.0755919996,35443.8,0.037784630577309714,902604.2755919998,0.11557599999963131,41,902604.1600159998,0,0,0,1557.7913994009043,17,0,6,35443.8,47163.29995899999,11719.499958999986,0.33065021129224254,0.051544339389519855,1.16,"n/a",8778,8445,"CROSSED_BILATERAL","MARKET:41"
"SIZE_SKEW-037","SIZE_SKEW","natural/randomized","VENUE0_CROSSING",10,9,938048.0755919996,47163.29995899999,0.0502781266612965,890884.775633,0.1334759999995292,37,890884.6421569999,0,0,0,1548.9426863618833,17,0,6,35443.8,47163.29995899999,11719.499958999986,0.33065021129224254,0.051544339389519855,2,"LP_PASS",8778,8336,"PARTIAL_CROSS","MARKET:37"
"SIZE_SKEW-037","SIZE_SKEW","natural/randomized","VENUE0_FULL",10,9,938048.0755919996,47163.29995899999,0.0502781266612965,890884.775633,0.1334759999995292,37,890884.6421569999,0,0,0,873.4772409610109,10,633.1527254965703,6,35443.8,47163.29995899999,11719.499958999986,0.33065021129224254,0.051544339389519855,2,"LP_PASS",8778,8336,"PARTIAL_CROSS","EXECUTE_NOW:20 LIMIT:17"
"SIZE_SKEW-038","SIZE_SKEW","natural/randomized","MARKET_ONLY",9,9,989919.2182349998,0,0,989919.2182349998,0,49,989919.2182349998,0,0,0,2142.2602835759994,22,0,5,13362.320000000002,23411.179970999998,10048.859970999996,0.7520295855061093,0.051187094195772095,0,"n/a",9342,"","MARKET_ONLY","MARKET:49"
"SIZE_SKEW-038","SIZE_SKEW","natural/randomized","BILATERAL_ONLY",9,9,989919.2182349998,13362.320000000002,0.013498394367799697,976556.8982350003,0.047034999999963745,39,976556.8512000003,0,0,0,2131.207363469228,22,0,5,13362.320000000002,23411.179970999998,10048.859970999996,0.7520295855061093,0.051187094195772095,0.83,"n/a",9342,9216,"CROSSED_BILATERAL","MARKET:39"
"SIZE_SKEW-038","SIZE_SKEW","natural/randomized","VENUE0_CROSSING",9,9,989919.2182349998,23411.179970999998,0.023649586289214104,966508.038264,0.07148899999984692,35,966507.9667750001,0,0,0,2116.154371011116,22,0,5,13362.320000000002,23411.179970999998,10048.859970999996,0.7520295855061093,0.051187094195772095,1,"LP_PASS",9342,9122,"PARTIAL_CROSS","MARKET:35"
"SIZE_SKEW-038","SIZE_SKEW","natural/randomized","VENUE0_FULL",9,9,989919.2182349998,23411.179970999998,0.023649586289214104,966508.038264,0.07148899999984692,35,966507.9667750001,0,0,0,946.3766714486658,10,861.0376929821464,5,13362.320000000002,23411.179970999998,10048.859970999996,0.7520295855061093,0.051187094195772095,1,"LP_PASS",9342,9122,"PARTIAL_CROSS","LIMIT:13 EXECUTE_NOW:22"
"SIZE_SKEW-039","SIZE_SKEW","natural/randomized","MARKET_ONLY",7,9,1034180.1981540002,0,0,1034180.1981540002,0,38,1034180.1981540002,0,0,0,1909.436800105311,18,0,7,9369.76,11241.719977,1871.9599770000004,0.19978739871672277,0.020015965464190343,0,"n/a",9886,"","MARKET_ONLY","MARKET:38"
"SIZE_SKEW-039","SIZE_SKEW","natural/randomized","BILATERAL_ONLY",7,9,1034180.1981540002,9369.76,0.009060084515952747,1024810.4381540004,0.043722999999918244,32,1024810.3944310005,0,0,0,1894.9426293002134,18,0,7,9369.76,11241.719977,1871.9599770000004,0.19978739871672277,0.020015965464190343,0.47,"n/a",9886,9796,"CROSSED_BILATERAL","MARKET:32"
"SIZE_SKEW-039","SIZE_SKEW","natural/randomized","VENUE0_CROSSING",7,9,1034180.1981540002,11241.719977,0.010870175233548603,1022938.4781770001,0.06478199999995127,28,1022938.4133949999,0,0,0,1893.6120025732682,19,0,7,9369.76,11241.719977,1871.9599770000004,0.19978739871672277,0.020015965464190343,1,"LP_PASS",9886,9778,"PARTIAL_CROSS","MARKET:28"
"SIZE_SKEW-039","SIZE_SKEW","natural/randomized","VENUE0_FULL",7,9,1034180.1981540002,11241.719977,0.010870175233548603,1022938.4781770001,0.06478199999995127,28,1022938.4133949999,0,0,0,866.0737066230846,8,807.3793488456073,7,9369.76,11241.719977,1871.9599770000004,0.19978739871672277,0.020015965464190343,1,"LP_PASS",9886,9778,"PARTIAL_CROSS","EXECUTE_NOW:19 LIMIT:9"
"PARTIAL_MATCH-000","PARTIAL_MATCH","constructed-positive","MARKET_ONLY",4,4,35353.254617,0,0,35353.254617,0,8,35353.254617,0,0,0,44.46106587204548,13,0,0,3448.64,3448.639996,-0.000003999999989900971,-1.1598775140058027e-9,0.10910638190989046,0,"n/a",5638,"","MARKET_ONLY","MARKET:8"
"PARTIAL_MATCH-000","PARTIAL_MATCH","constructed-positive","BILATERAL_ONLY",4,4,35353.254617,3448.64,0.09754802032686642,31904.614617,0.009087000000022272,6,31904.60553,0,0,0,41.61349263846647,13,0,0,3448.64,3448.639996,-0.000003999999989900971,-1.1598775140058027e-9,0.10910638190989046,0.29,"n/a",5638,5088,"CROSSED_BILATERAL","MARKET:6"
"PARTIAL_MATCH-000","PARTIAL_MATCH","constructed-positive","VENUE0_CROSSING",4,4,35353.254617,3448.639996,0.09754802021372266,31904.614621,0.009089000000017222,6,31904.605532,0,0,0,41.613492639501466,13,0,0,3448.64,3448.639996,-0.000003999999989900971,-1.1598775140058027e-9,0.10910638190989046,1,"EXACT_PASS",5638,5088,"PARTIAL_CROSS","MARKET:6"
"PARTIAL_MATCH-000","PARTIAL_MATCH","constructed-positive","VENUE0_FULL",4,4,35353.254617,3448.639996,0.09754802021372266,31904.614621,0.009089000000017222,6,31904.605532,0,0,0,29.04979938918987,9,14.401188148990139,0,3448.64,3448.639996,-0.000003999999989900971,-1.1598775140058027e-9,0.10910638190989046,1,"EXACT_PASS",5638,5088,"PARTIAL_CROSS","LIMIT:3 EXECUTE_NOW:3"
"PARTIAL_MATCH-001","PARTIAL_MATCH","constructed-positive","MARKET_ONLY",4,4,25252.110277999996,0,0,25252.110277999996,0,8,25252.110277999996,0,0,0,51.42702484073733,20,0,0,0,2556.359994,2556.359994,"",0.5389052317681313,0,"n/a",3760,"","MARKET_ONLY","MARKET:8"
"PARTIAL_MATCH-001","PARTIAL_MATCH","constructed-positive","BILATERAL_ONLY",4,4,25252.110277999996,0,0,25252.110277999996,0,8,25252.110277999996,0,0,0,51.42702484073733,20,0,0,0,2556.359994,2556.359994,"",0.5389052317681313,0.26,"n/a",3760,3760,"NO_CROSS","MARKET:8"
"PARTIAL_MATCH-001","PARTIAL_MATCH","constructed-positive","VENUE0_CROSSING",4,4,25252.110277999996,2556.359994,0.10123351933193234,22695.750284,0.009838999999942644,6,22695.740445000003,0,0,0,46.71451209987169,21,0,0,0,2556.359994,2556.359994,"",0.5389052317681313,1,"EXACT_PASS",3760,3380,"PARTIAL_CROSS","MARKET:6"
"PARTIAL_MATCH-001","PARTIAL_MATCH","constructed-positive","VENUE0_FULL",4,4,25252.110277999996,2556.359994,0.10123351933193234,22695.750284,0.009838999999942644,6,22695.740445000003,0,0,0,22.24812557165882,10,22.587317357881965,0,0,2556.359994,2556.359994,"",0.5389052317681313,1,"EXACT_PASS",3760,3380,"PARTIAL_CROSS","EXECUTE_NOW:1 LIMIT:5"
"PARTIAL_MATCH-002","PARTIAL_MATCH","constructed-positive","MARKET_ONLY",6,6,16072.187334999999,0,0,16072.187334999999,0,12,16072.187334999999,0,0,0,23.049870238891675,14,0,0,0,2264.639994,2264.639994,"",0.30565651255831383,0,"n/a",3556,"","MARKET_ONLY","MARKET:12"
"PARTIAL_MATCH-002","PARTIAL_MATCH","constructed-positive","BILATERAL_ONLY",6,6,16072.187334999999,0,0,16072.187334999999,0,12,16072.187334999999,0,0,0,23.049870238891675,14,0,0,0,2264.639994,2264.639994,"",0.30565651255831383,0.28,"n/a",3556,3556,"NO_CROSS","MARKET:12"
"PARTIAL_MATCH-002","PARTIAL_MATCH","constructed-positive","VENUE0_CROSSING",6,6,16072.187334999999,2264.639994,0.14090428059336707,13807.547340999998,0.019644999999968604,10,13807.527696,0,0,0,20.971868815477002,15,0,0,0,2264.639994,2264.639994,"",0.30565651255831383,1,"EXACT_PASS",3556,3055,"PARTIAL_CROSS","MARKET:10"
"PARTIAL_MATCH-002","PARTIAL_MATCH","constructed-positive","VENUE0_FULL",6,6,16072.187334999999,2264.639994,0.14090428059336707,13807.547340999998,0.019644999999968604,10,13807.527696,0,0,0,11.123651367001354,8,10.092559853552398,0,0,2264.639994,2264.639994,"",0.30565651255831383,1,"EXACT_PASS",3556,3055,"PARTIAL_CROSS","EXECUTE_NOW:8 LIMIT:2"
"PARTIAL_MATCH-003","PARTIAL_MATCH","constructed-positive","MARKET_ONLY",5,5,23819.990386999998,0,0,23819.990386999998,0,10,23819.990386999998,0,0,0,40.38513975526478,17,0,0,2146.88,2146.879996,-0.000003999999989900971,-1.863168872923019e-9,0.1692463515938362,0,"n/a",3288,"","MARKET_ONLY","MARKET:10"
"PARTIAL_MATCH-003","PARTIAL_MATCH","constructed-positive","BILATERAL_ONLY",5,5,23819.990386999998,2146.88,0.09012933947998912,21673.110386999997,0.0012149999998882777,8,21673.109171999997,0,0,0,34.53138538021248,16,0,0,2146.88,2146.879996,-0.000003999999989900971,-1.863168872923019e-9,0.1692463515938362,0.26,"n/a",3288,2991,"CROSSED_BILATERAL","MARKET:8"
"PARTIAL_MATCH-003","PARTIAL_MATCH","constructed-positive","VENUE0_CROSSING",5,5,23819.990386999998,2146.879996,0.09012933931206293,21673.110391,0.0012169999998832282,8,21673.109173999997,0,0,0,34.53138538399284,16,0,0,2146.88,2146.879996,-0.000003999999989900971,-1.863168872923019e-9,0.1692463515938362,1,"EXACT_PASS",3288,2991,"PARTIAL_CROSS","MARKET:8"
"PARTIAL_MATCH-003","PARTIAL_MATCH","constructed-positive","VENUE0_FULL",5,5,23819.990386999998,2146.879996,0.09012933931206293,21673.110391,0.0012169999998832282,8,21673.109173999997,0,0,0,16.680202670923393,8,11.487859716383921,0,2146.88,2146.879996,-0.000003999999989900971,-1.863168872923019e-9,0.1692463515938362,1,"EXACT_PASS",3288,2991,"PARTIAL_CROSS","LIMIT:4 EXECUTE_NOW:4"
"PARTIAL_MATCH-004","PARTIAL_MATCH","constructed-positive","MARKET_ONLY",9,9,61935.74915799999,0,0,61935.74915799999,0,18,61935.74915799999,0,0,0,63.51507630647889,10,0,1,0,3776.3999919999997,3776.3999919999997,"",0.48520968385054764,0,"n/a",3814,"","MARKET_ONLY","MARKET:18"
"PARTIAL_MATCH-004","PARTIAL_MATCH","constructed-positive","BILATERAL_ONLY",9,9,61935.74915799999,0,0,61935.74915799999,0,18,61935.74915799999,0,0,0,63.51507630647889,10,0,1,0,3776.3999919999997,3776.3999919999997,"",0.48520968385054764,0.28,"n/a",3814,3814,"NO_CROSS","MARKET:18"
"PARTIAL_MATCH-004","PARTIAL_MATCH","constructed-positive","VENUE0_CROSSING",9,9,61935.74915799999,3776.3999919999997,0.060972863706972975,58159.349165999985,0.011853999999971165,16,58159.33731199999,0,0,0,61.24326089442039,11,0,1,0,3776.3999919999997,3776.3999919999997,"",0.48520968385054764,1,"LP_PASS",3814,3581,"PARTIAL_CROSS","MARKET:16"
"PARTIAL_MATCH-004","PARTIAL_MATCH","constructed-positive","VENUE0_FULL",9,9,61935.74915799999,3776.3999919999997,0.060972863706972975,58159.349165999985,0.011853999999971165,16,58159.33731199999,0,0,0,43.826896689457975,8,18.180415852532896,1,0,3776.3999919999997,3776.3999919999997,"",0.48520968385054764,1,"LP_PASS",3814,3581,"PARTIAL_CROSS","EXECUTE_NOW:9 LIMIT:7"
"PARTIAL_MATCH-005","PARTIAL_MATCH","constructed-positive","MARKET_ONLY",5,5,33901.770803,0,0,33901.770803,0,10,33901.770803,0,0,0,31.267106538329458,9,0,0,0,9946.079994,9946.079994,"",0.6444663220974464,0,"n/a",4668,"","MARKET_ONLY","MARKET:10"
"PARTIAL_MATCH-005","PARTIAL_MATCH","constructed-positive","BILATERAL_ONLY",5,5,33901.770803,0,0,33901.770803,0,10,33901.770803,0,0,0,31.267106538329458,9,0,0,0,9946.079994,9946.079994,"",0.6444663220974464,0.26,"n/a",4668,4668,"NO_CROSS","MARKET:10"
"PARTIAL_MATCH-005","PARTIAL_MATCH","constructed-positive","VENUE0_CROSSING",5,5,33901.770803,9946.079994,0.29337936510147905,23955.690809,0.017474000000220258,8,23955.673335,0,0,0,20.450725293057076,9,0,0,0,9946.079994,9946.079994,"",0.6444663220974464,1,"EXACT_PASS",4668,3299,"PARTIAL_CROSS","MARKET:8"
"PARTIAL_MATCH-005","PARTIAL_MATCH","constructed-positive","VENUE0_FULL",5,5,33901.770803,9946.079994,0.29337936510147905,23955.690809,0.017474000000220258,8,23955.673335,0,0,0,13.504135941936395,6,12.009609436141467,0,0,9946.079994,9946.079994,"",0.6444663220974464,1,"EXACT_PASS",4668,3299,"PARTIAL_CROSS","LIMIT:4 EXECUTE_NOW:4"
"PARTIAL_MATCH-006","PARTIAL_MATCH","constructed-positive","MARKET_ONLY",7,7,13379.711604999999,0,0,13379.711604999999,0,14,13379.711604999999,0,0,0,17.936758168050392,13,0,1,0,820.379994,820.379994,"",0.523535393198036,0,"n/a",2491,"","MARKET_ONLY","MARKET:14"
"PARTIAL_MATCH-006","PARTIAL_MATCH","constructed-positive","BILATERAL_ONLY",7,7,13379.711604999999,0,0,13379.711604999999,0,14,13379.711604999999,0,0,0,17.936758168050392,13,0,1,0,820.379994,820.379994,"",0.523535393198036,0.28,"n/a",2491,2491,"NO_CROSS","MARKET:14"
"PARTIAL_MATCH-006","PARTIAL_MATCH","constructed-positive","VENUE0_CROSSING",7,7,13379.711604999999,820.379994,0.06131522249653154,12559.331611,0.019184999999993124,12,12559.312425999999,0,0,0,16.770702032669057,13,0,1,0,820.379994,820.379994,"",0.523535393198036,1,"LP_PASS",2491,2339,"PARTIAL_CROSS","MARKET:12"
"PARTIAL_MATCH-006","PARTIAL_MATCH","constructed-positive","VENUE0_FULL",7,7,13379.711604999999,820.379994,0.06131522249653154,12559.331611,0.019184999999993124,12,12559.312425999999,0,0,0,9.873045903831438,8,5.636819584883536,1,0,820.379994,820.379994,"",0.523535393198036,1,"LP_PASS",2491,2339,"PARTIAL_CROSS","LIMIT:4 EXECUTE_NOW:8"
"PARTIAL_MATCH-007","PARTIAL_MATCH","constructed-positive","MARKET_ONLY",3,3,6789.0619830000005,0,0,6789.0619830000005,0,6,6789.0619830000005,0,0,0,4.791218173237894,7,0,0,380.52,380.519996,-0.000003999999989900971,-1.0511931015192292e-8,0.471552256853213,0,"n/a",1998,"","MARKET_ONLY","MARKET:6"
"PARTIAL_MATCH-007","PARTIAL_MATCH","constructed-positive","BILATERAL_ONLY",3,3,6789.0619830000005,380.52,0.05604898010252854,6408.541983,0.0013550000000179807,4,6408.540628,0,0,0,4.385286428967177,7,0,0,380.52,380.519996,-0.000003999999989900971,-1.0511931015192292e-8,0.471552256853213,0.25,"n/a",1998,1886,"CROSSED_BILATERAL","MARKET:4"
"PARTIAL_MATCH-007","PARTIAL_MATCH","constructed-positive","VENUE0_CROSSING",3,3,6789.0619830000005,380.519996,0.056048979513345525,6408.5419870000005,0.0013570000000129312,4,6408.54063,0,0,0,4.385286432970847,7,0,0,380.52,380.519996,-0.000003999999989900971,-1.0511931015192292e-8,0.471552256853213,0,"EXACT_PASS",1998,1886,"PARTIAL_CROSS","MARKET:4"
"PARTIAL_MATCH-007","PARTIAL_MATCH","constructed-positive","VENUE0_FULL",3,3,6789.0619830000005,380.519996,0.056048979513345525,6408.5419870000005,0.0013570000000129312,4,6408.54063,0,0,0,2.9251826953997178,5,1.704558860275624,0,380.52,380.519996,-0.000003999999989900971,-1.0511931015192292e-8,0.471552256853213,0,"EXACT_PASS",1998,1886,"PARTIAL_CROSS","EXECUTE_NOW:1 LIMIT:3"
"PARTIAL_MATCH-008","PARTIAL_MATCH","constructed-positive","MARKET_ONLY",7,7,13011.021921999998,0,0,13011.021921999998,0,14,13011.021921999998,0,0,0,6.887950165743521,5,0,0,0,1234.3999920000003,1234.3999920000003,"",0.4507143793282128,0,"n/a",2347,"","MARKET_ONLY","MARKET:14"
"PARTIAL_MATCH-008","PARTIAL_MATCH","constructed-positive","BILATERAL_ONLY",7,7,13011.021921999998,0,0,13011.021921999998,0,14,13011.021921999998,0,0,0,6.887950165743521,5,0,0,0,1234.3999920000003,1234.3999920000003,"",0.4507143793282128,0.28,"n/a",2347,2347,"NO_CROSS","MARKET:14"
"PARTIAL_MATCH-008","PARTIAL_MATCH","constructed-positive","VENUE0_CROSSING",7,7,13011.021921999998,1234.3999920000003,0.09487340805358152,11776.621930000001,0.0007339999999658176,12,11776.621196,0,0,0,5.796570034449966,5,0,0,0,1234.3999920000003,1234.3999920000003,"",0.4507143793282128,1,"LP_PASS",2347,2124,"PARTIAL_CROSS","MARKET:12"
"PARTIAL_MATCH-008","PARTIAL_MATCH","constructed-positive","VENUE0_FULL",7,7,13011.021921999998,1234.3999920000003,0.09487340805358152,11776.621930000001,0.0007339999999658176,12,11776.621196,0,0,0,4.715203717182627,4,3.129927516260186,0,0,1234.3999920000003,1234.3999920000003,"",0.4507143793282128,1,"LP_PASS",2347,2124,"PARTIAL_CROSS","EXECUTE_NOW:9 LIMIT:3"
"PARTIAL_MATCH-009","PARTIAL_MATCH","constructed-positive","MARKET_ONLY",9,9,37315.019415,0,0,37315.019415,0,18,37315.019415,0,0,0,42.02052382479794,11,0,0,0,877.4399880000001,877.4399880000001,"",0.3364424731601067,0,"n/a",3695,"","MARKET_ONLY","MARKET:18"
"PARTIAL_MATCH-009","PARTIAL_MATCH","constructed-positive","BILATERAL_ONLY",9,9,37315.019415,0,0,37315.019415,0,18,37315.019415,0,0,0,42.02052382479794,11,0,0,0,877.4399880000001,877.4399880000001,"",0.3364424731601067,0.31,"n/a",3695,3695,"NO_CROSS","MARKET:18"
"PARTIAL_MATCH-009","PARTIAL_MATCH","constructed-positive","VENUE0_CROSSING",9,9,37315.019415,877.4399880000001,0.02351439183888738,36437.579427,0.01461099999998794,16,36437.564816,0,0,0,40.90208999010581,11,0,0,0,877.4399880000001,877.4399880000001,"",0.3364424731601067,1,"LP_PASS",3695,3608,"PARTIAL_CROSS","MARKET:16"
"PARTIAL_MATCH-009","PARTIAL_MATCH","constructed-positive","VENUE0_FULL",9,9,37315.019415,877.4399880000001,0.02351439183888738,36437.579427,0.01461099999998794,16,36437.564816,0,0,0,28.856329600427614,8,19.17192474223318,0,0,877.4399880000001,877.4399880000001,"",0.3364424731601067,1,"LP_PASS",3695,3608,"PARTIAL_CROSS","EXECUTE_NOW:9 LIMIT:7"
"PARTIAL_MATCH-010","PARTIAL_MATCH","constructed-positive","MARKET_ONLY",3,3,10471.925238,0,0,10471.925238,0,6,10471.925238,0,0,0,12.704571684442524,12,0,1,0,1535.399994,1535.399994,"",0.3847965200685097,0,"n/a",3623,"","MARKET_ONLY","MARKET:6"
"PARTIAL_MATCH-010","PARTIAL_MATCH","constructed-positive","BILATERAL_ONLY",3,3,10471.925238,0,0,10471.925238,0,6,10471.925238,0,0,0,12.704571684442524,12,0,1,0,1535.399994,1535.399994,"",0.3847965200685097,0.27,"n/a",3623,3623,"NO_CROSS","MARKET:6"
"PARTIAL_MATCH-010","PARTIAL_MATCH","constructed-positive","VENUE0_CROSSING",3,3,10471.925238,1535.399994,0.1466206030986945,8936.525244,0.006513999999981479,4,8936.51873,0,0,0,11.370930379485964,13,0,1,0,1535.399994,1535.399994,"",0.3847965200685097,0,"EXACT_PASS",3623,3092,"PARTIAL_CROSS","MARKET:4"
"PARTIAL_MATCH-010","PARTIAL_MATCH","constructed-positive","VENUE0_FULL",3,3,10471.925238,1535.399994,0.1466206030986945,8936.525244,0.006513999999981479,4,8936.51873,0,0,0,6.065621474928601,7,3.3824808497996255,1,0,1535.399994,1535.399994,"",0.3847965200685097,0,"EXACT_PASS",3623,3092,"PARTIAL_CROSS","LIMIT:1 EXECUTE_NOW:3"
"PARTIAL_MATCH-011","PARTIAL_MATCH","constructed-positive","MARKET_ONLY",6,6,11918.878499999999,0,0,11918.878499999999,0,12,11918.878499999999,0,0,0,8.888912916063266,7,0,0,1994.56,1994.559996,-0.000003999999989900971,-2.0054548320937804e-9,0.40404180040932547,0,"n/a",3720,"","MARKET_ONLY","MARKET:12"
"PARTIAL_MATCH-011","PARTIAL_MATCH","constructed-positive","BILATERAL_ONLY",6,6,11918.878499999999,1994.56,0.1673446037729137,9924.3185,0.0070699999999987995,10,9924.31143,0,0,0,7.90143719802639,8,0,0,1994.56,1994.559996,-0.000003999999989900971,-2.0054548320937804e-9,0.40404180040932547,0.35,"n/a",3720,3097,"CROSSED_BILATERAL","MARKET:10"
"PARTIAL_MATCH-011","PARTIAL_MATCH","constructed-positive","VENUE0_CROSSING",6,6,11918.878499999999,1994.559996,0.16734460343731167,9924.318503999999,0.00707199999999375,10,9924.311431999999,0,0,0,7.901437199650378,8,0,0,1994.56,1994.559996,-0.000003999999989900971,-2.0054548320937804e-9,0.40404180040932547,1,"EXACT_PASS",3720,3097,"PARTIAL_CROSS","MARKET:10"
"PARTIAL_MATCH-011","PARTIAL_MATCH","constructed-positive","VENUE0_FULL",6,6,11918.878499999999,1994.559996,0.16734460343731167,9924.318503999999,0.00707199999999375,10,9924.311431999999,0,0,0,6.468413972481098,7,2.702181655430317,0,1994.56,1994.559996,-0.000003999999989900971,-2.0054548320937804e-9,0.40404180040932547,1,"EXACT_PASS",3720,3097,"PARTIAL_CROSS","EXECUTE_NOW:7 LIMIT:3"
"PARTIAL_MATCH-012","PARTIAL_MATCH","constructed-positive","MARKET_ONLY",6,6,17422.273394,0,0,17422.273394,0,12,17422.273394,0,0,0,21.23774801839566,12,0,0,0,1545.8399919999997,1545.8399919999997,"",0.42546498510078423,0,"n/a",4180,"","MARKET_ONLY","MARKET:12"
"PARTIAL_MATCH-012","PARTIAL_MATCH","constructed-positive","BILATERAL_ONLY",6,6,17422.273394,0,0,17422.273394,0,12,17422.273394,0,0,0,21.23774801839566,12,0,0,0,1545.8399919999997,1545.8399919999997,"",0.42546498510078423,0.34,"n/a",4180,4180,"NO_CROSS","MARKET:12"
"PARTIAL_MATCH-012","PARTIAL_MATCH","constructed-positive","VENUE0_CROSSING",6,6,17422.273394,1545.8399919999997,0.08872780015794991,15876.433402,0.016424000000029082,10,15876.416978,0,0,0,19.37352570333767,12,0,0,0,1545.8399919999997,1545.8399919999997,"",0.42546498510078423,1,"EXACT_PASS",4180,3809,"PARTIAL_CROSS","MARKET:10"
"PARTIAL_MATCH-012","PARTIAL_MATCH","constructed-positive","VENUE0_FULL",6,6,17422.273394,1545.8399919999997,0.08872780015794991,15876.433402,0.016424000000029082,10,15876.416978,0,0,0,10.382577054752767,7,8.752509212875339,0,0,1545.8399919999997,1545.8399919999997,"",0.42546498510078423,1,"EXACT_PASS",4180,3809,"PARTIAL_CROSS","EXECUTE_NOW:5 LIMIT:5"
"PARTIAL_MATCH-013","PARTIAL_MATCH","constructed-positive","MARKET_ONLY",4,4,8124.343253,0,0,8124.343253,0,8,8124.343253,0,0,0,11.940786077941366,15,0,0,882,881.999996,-0.000003999999989900971,-4.535147380840103e-9,0.1085654336028089,0,"n/a",3263,"","MARKET_ONLY","MARKET:8"
"PARTIAL_MATCH-013","PARTIAL_MATCH","constructed-positive","BILATERAL_ONLY",4,4,8124.343253,882,0.10856262131395202,7242.343253,0.011423999999976786,6,7242.331829,0,0,0,10.80716845969787,15,0,0,882,881.999996,-0.000003999999989900971,-4.535147380840103e-9,0.1085654336028089,0.29,"n/a",3263,2909,"CROSSED_BILATERAL","MARKET:6"
"PARTIAL_MATCH-013","PARTIAL_MATCH","constructed-positive","VENUE0_CROSSING",4,4,8124.343253,881.999996,0.10856262082160452,7242.343257,0.011425999999971737,6,7242.3318309999995,0,0,0,10.807168464617085,15,0,0,882,881.999996,-0.000003999999989900971,-4.535147380840103e-9,0.1085654336028089,1,"EXACT_PASS",3263,2909,"PARTIAL_CROSS","MARKET:6"
"PARTIAL_MATCH-013","PARTIAL_MATCH","constructed-positive","VENUE0_FULL",4,4,8124.343253,881.999996,0.10856262082160452,7242.343257,0.011425999999971737,6,7242.3318309999995,0,0,0,6.9413974071138975,10,5.652335327138136,0,882,881.999996,-0.000003999999989900971,-4.535147380840103e-9,0.1085654336028089,1,"EXACT_PASS",3263,2909,"PARTIAL_CROSS","LIMIT:3 EXECUTE_NOW:3"
"PARTIAL_MATCH-014","PARTIAL_MATCH","constructed-positive","MARKET_ONLY",5,5,19385.433452999998,0,0,19385.433452999998,0,10,19385.433452999998,0,0,0,23.73964102407669,12,0,1,0,6884.159994000001,6884.159994000001,"",0.43650445972826507,0,"n/a",3883,"","MARKET_ONLY","MARKET:10"
"PARTIAL_MATCH-014","PARTIAL_MATCH","constructed-positive","BILATERAL_ONLY",5,5,19385.433452999998,0,0,19385.433452999998,0,10,19385.433452999998,0,0,0,23.73964102407669,12,0,1,0,6884.159994000001,6884.159994000001,"",0.43650445972826507,0.26,"n/a",3883,3883,"NO_CROSS","MARKET:10"
"PARTIAL_MATCH-014","PARTIAL_MATCH","constructed-positive","VENUE0_CROSSING",5,5,19385.433452999998,6884.159994000001,0.35512025102201883,12501.273458999996,0.012655999999878986,8,12501.260802999997,0,0,0,14.083133913566007,11,0,1,0,6884.159994000001,6884.159994000001,"",0.43650445972826507,1,"EXACT_PASS",3883,2504,"PARTIAL_CROSS","MARKET:8"
"PARTIAL_MATCH-014","PARTIAL_MATCH","constructed-positive","VENUE0_FULL",5,5,19385.433452999998,6884.159994000001,0.35512025102201883,12501.273458999996,0.012655999999878986,8,12501.260802999997,0,0,0,8.497865731532183,7,4.521304731099455,1,0,6884.159994000001,6884.159994000001,"",0.43650445972826507,1,"EXACT_PASS",3883,2504,"PARTIAL_CROSS","LIMIT:3 EXECUTE_NOW:5"
"PARTIAL_MATCH-015","PARTIAL_MATCH","constructed-positive","MARKET_ONLY",8,8,30951.021392,0,0,30951.021392,0,16,30951.021392,0,0,0,43.55881838499709,14,0,0,2884.96,2884.959996,-0.000003999999989900971,-1.3865010225101806e-9,0.2979602681669072,0,"n/a",3354,"","MARKET_ONLY","MARKET:16"
"PARTIAL_MATCH-015","PARTIAL_MATCH","constructed-positive","BILATERAL_ONLY",8,8,30951.021392,2884.96,0.09321049420183865,28066.061392000003,0.00017400000001543958,14,28066.061218000003,0,0,0,36.00715035122869,13,0,0,2884.96,2884.959996,-0.000003999999989900971,-1.3865010225101806e-9,0.2979602681669072,0.27,"n/a",3354,3041,"CROSSED_BILATERAL","MARKET:14"
"PARTIAL_MATCH-015","PARTIAL_MATCH","constructed-positive","VENUE0_CROSSING",8,8,30951.021392,2884.959996,0.0932104940726022,28066.061395999997,0.00017600000001039007,14,28066.061219999996,0,0,0,36.00715035409352,13,0,0,2884.96,2884.959996,-0.000003999999989900971,-1.3865010225101806e-9,0.2979602681669072,1,"LP_PASS",3354,3041,"PARTIAL_CROSS","MARKET:14"
"PARTIAL_MATCH-015","PARTIAL_MATCH","constructed-positive","VENUE0_FULL",8,8,30951.021392,2884.959996,0.0932104940726022,28066.061395999997,0.00017600000001039007,14,28066.061219999996,0,0,0,22.120294324981554,8,12.767624110543036,0,2884.96,2884.959996,-0.000003999999989900971,-1.3865010225101806e-9,0.2979602681669072,1,"LP_PASS",3354,3041,"PARTIAL_CROSS","EXECUTE_NOW:8 LIMIT:6"
"PARTIAL_MATCH-016","PARTIAL_MATCH","constructed-positive","MARKET_ONLY",6,6,41485.93683600001,0,0,41485.93683600001,0,12,41485.93683600001,0,0,0,55.938361131642,13,0,1,4939.08,4939.079996,-0.00000399999953515362,-8.09867330586591e-10,0.5239814565097796,0,"n/a",3290,"","MARKET_ONLY","MARKET:12"
"PARTIAL_MATCH-016","PARTIAL_MATCH","constructed-positive","BILATERAL_ONLY",6,6,41485.93683600001,4939.08,0.11905432001029427,36546.856836,0.010577999999895837,10,36546.846258,0,0,0,51.77644270279048,14,0,1,4939.08,4939.079996,-0.00000399999953515362,-8.09867330586591e-10,0.5239814565097796,0.28,"n/a",3290,2899,"CROSSED_BILATERAL","MARKET:10"
"PARTIAL_MATCH-016","PARTIAL_MATCH","constructed-positive","VENUE0_CROSSING",6,6,41485.93683600001,4939.079996,0.11905431991387606,36546.85684,0.010579999999663414,10,36546.84626,0,0,0,51.77644270402543,14,0,1,4939.08,4939.079996,-0.00000399999953515362,-8.09867330586591e-10,0.5239814565097796,1,"EXACT_PASS",3290,2899,"PARTIAL_CROSS","MARKET:10"
"PARTIAL_MATCH-016","PARTIAL_MATCH","constructed-positive","VENUE0_FULL",6,6,41485.93683600001,4939.079996,0.11905431991387606,36546.85684,0.010579999999663414,10,36546.84626,0,0,0,25.385563260335466,7,14.447310110195986,1,4939.08,4939.079996,-0.00000399999953515362,-8.09867330586591e-10,0.5239814565097796,1,"EXACT_PASS",3290,2899,"PARTIAL_CROSS","LIMIT:6 EXECUTE_NOW:4"
"PARTIAL_MATCH-017","PARTIAL_MATCH","constructed-positive","MARKET_ONLY",7,7,25575.772140000005,0,0,25575.772140000005,0,14,25575.772140000005,0,0,0,29.09012781184834,11,0,0,0,3294.8999940000003,3294.8999940000003,"",0.4851874355962259,0,"n/a",4605,"","MARKET_ONLY","MARKET:14"
"PARTIAL_MATCH-017","PARTIAL_MATCH","constructed-positive","BILATERAL_ONLY",7,7,25575.772140000005,0,0,25575.772140000005,0,14,25575.772140000005,0,0,0,29.09012781184834,11,0,0,0,3294.8999940000003,3294.8999940000003,"",0.4851874355962259,0.28,"n/a",4605,4605,"NO_CROSS","MARKET:14"
"PARTIAL_MATCH-017","PARTIAL_MATCH","constructed-positive","VENUE0_CROSSING",7,7,25575.772140000005,3294.8999940000003,0.12882895483913237,22280.872145999998,0.00399500000014541,12,22280.868151,0,0,0,26.621680338477702,12,0,0,0,3294.8999940000003,3294.8999940000003,"",0.4851874355962259,1,"LP_PASS",4605,4012,"PARTIAL_CROSS","MARKET:12"
"PARTIAL_MATCH-017","PARTIAL_MATCH","constructed-positive","VENUE0_FULL",7,7,25575.772140000005,3294.8999940000003,0.12882895483913237,22280.872145999998,0.00399500000014541,12,22280.868151,0,0,0,19.220666482131016,9,11.383693123070938,0,0,3294.8999940000003,3294.8999940000003,"",0.4851874355962259,1,"LP_PASS",4605,4012,"PARTIAL_CROSS","EXECUTE_NOW:8 LIMIT:4"
"PARTIAL_MATCH-018","PARTIAL_MATCH","constructed-positive","MARKET_ONLY",6,6,35045.302537999996,0,0,35045.302537999996,0,12,35045.302537999996,0,0,0,36.03413455976209,10,0,0,3963.2400000000002,3963.239996,-0.000004000000444648322,-1.0092753516436859e-9,0.2568300092213632,0,"n/a",3016,"","MARKET_ONLY","MARKET:12"
"PARTIAL_MATCH-018","PARTIAL_MATCH","constructed-positive","BILATERAL_ONLY",6,6,35045.302537999996,3963.2400000000002,0.11308905082792813,31082.062538,0.013506999999776781,10,31082.049031,0,0,0,29.029912230179782,9,0,0,3963.2400000000002,3963.239996,-0.000004000000444648322,-1.0092753516436859e-9,0.2568300092213632,0.3,"n/a",3016,2674,"CROSSED_BILATERAL","MARKET:10"
"PARTIAL_MATCH-018","PARTIAL_MATCH","constructed-positive","VENUE0_CROSSING",6,6,35045.302537999996,3963.239996,0.11308905071379013,31082.062541999996,0.013508999999999105,10,31082.049033,0,0,0,29.02991223459295,9,0,0,3963.2400000000002,3963.239996,-0.000004000000444648322,-1.0092753516436859e-9,0.2568300092213632,1,"EXACT_PASS",3016,2674,"PARTIAL_CROSS","MARKET:10"
"PARTIAL_MATCH-018","PARTIAL_MATCH","constructed-positive","VENUE0_FULL",6,6,35045.302537999996,3963.239996,0.11308905071379013,31082.062541999996,0.013508999999999105,10,31082.049033,0,0,0,20.3032806231181,7,10.790049159933815,0,3963.2400000000002,3963.239996,-0.000004000000444648322,-1.0092753516436859e-9,0.2568300092213632,1,"EXACT_PASS",3016,2674,"PARTIAL_CROSS","LIMIT:3 EXECUTE_NOW:7"
"PARTIAL_MATCH-019","PARTIAL_MATCH","constructed-positive","MARKET_ONLY",4,4,3233.163787,0,0,3233.163787,0,8,3233.163787,0,0,0,1.7994169308109276,6,0,0,1020.32,1020.319996,-0.0000040000001035878086,-3.920338818789996e-9,0.6528127385586111,0,"n/a",2596,"","MARKET_ONLY","MARKET:8"
"PARTIAL_MATCH-019","PARTIAL_MATCH","constructed-positive","BILATERAL_ONLY",4,4,3233.163787,1020.32,0.31557943464000576,2212.843787,0.001017999999987751,6,2212.842769,0,0,0,1.3328695970623887,6,0,0,1020.32,1020.319996,-0.0000040000001035878086,-3.920338818789996e-9,0.6528127385586111,0.24,"n/a",2596,1776,"CROSSED_BILATERAL","MARKET:6"
"PARTIAL_MATCH-019","PARTIAL_MATCH","constructed-positive","VENUE0_CROSSING",4,4,3233.163787,1020.319996,0.31557943340282746,2212.8437910000002,0.0010200000000395448,6,2212.842771,0,0,0,1.332869598377442,6,0,0,1020.32,1020.319996,-0.0000040000001035878086,-3.920338818789996e-9,0.6528127385586111,0,"EXACT_PASS",2596,1776,"PARTIAL_CROSS","MARKET:6"
"PARTIAL_MATCH-019","PARTIAL_MATCH","constructed-positive","VENUE0_FULL",4,4,3233.163787,1020.319996,0.31557943340282746,2212.8437910000002,0.0010200000000395448,6,2212.842771,0,0,0,1.332869598377442,6,0,0,1020.32,1020.319996,-0.0000040000001035878086,-3.920338818789996e-9,0.6528127385586111,0,"EXACT_PASS",2596,1776,"PARTIAL_CROSS","EXECUTE_NOW:6"
"PARTIAL_MATCH-020","PARTIAL_MATCH","constructed-positive","MARKET_ONLY",5,5,5853.434789000001,0,0,5853.434789000001,0,10,5853.434789000001,0,0,0,13.098518353271123,22,0,0,1041.3600000000001,1041.359996,-0.000004000000217274646,-3.8411310375611176e-9,0.5025361173456476,0,"n/a",1566,"","MARKET_ONLY","MARKET:10"
"PARTIAL_MATCH-020","PARTIAL_MATCH","constructed-positive","BILATERAL_ONLY",5,5,5853.434789000001,1041.3600000000001,0.17790580019050758,4812.074789,0.009460999999987507,8,4812.065328000001,0,0,0,11.808262224549248,25,0,0,1041.3600000000001,1041.359996,-0.000004000000217274646,-3.8411310375611176e-9,0.5025361173456476,0.28,"n/a",1566,1287,"CROSSED_BILATERAL","MARKET:8"
"PARTIAL_MATCH-020","PARTIAL_MATCH","constructed-positive","VENUE0_CROSSING",5,5,5853.434789000001,1041.359996,0.1779057995071481,4812.074792999999,0.009463000000096145,8,4812.065329999999,0,0,0,11.808262228163583,25,0,0,1041.3600000000001,1041.359996,-0.000004000000217274646,-3.8411310375611176e-9,0.5025361173456476,1,"EXACT_PASS",1566,1287,"PARTIAL_CROSS","MARKET:8"
"PARTIAL_MATCH-020","PARTIAL_MATCH","constructed-positive","VENUE0_FULL",5,5,5853.434789000001,1041.359996,0.1779057995071481,4812.074792999999,0.009463000000096145,8,4812.065329999999,0,0,0,4.83779057880394,10,4.0441611928232994,0,1041.3600000000001,1041.359996,-0.000004000000217274646,-3.8411310375611176e-9,0.5025361173456476,1,"EXACT_PASS",1566,1287,"PARTIAL_CROSS","LIMIT:5 EXECUTE_NOW:3"
"PARTIAL_MATCH-021","PARTIAL_MATCH","constructed-positive","MARKET_ONLY",9,9,31455.076767999995,0,0,31455.076767999995,0,18,31455.076767999995,0,0,0,37.89276706213481,12,0,1,1315.52,1315.519996,-0.000003999999989900971,-3.040622711856126e-9,0.26129348888957066,0,"n/a",3506,"","MARKET_ONLY","MARKET:18"
"PARTIAL_MATCH-021","PARTIAL_MATCH","constructed-positive","BILATERAL_ONLY",9,9,31455.076767999995,1315.52,0.041822183735323454,30139.556767999995,0.0003370000000586515,16,30139.556430999994,0,0,0,35.75545316849992,12,0,1,1315.52,1315.519996,-0.000003999999989900971,-3.040622711856126e-9,0.26129348888957066,0.29,"n/a",3506,3359,"CROSSED_BILATERAL","MARKET:16"
"PARTIAL_MATCH-021","PARTIAL_MATCH","constructed-positive","VENUE0_CROSSING",9,9,31455.076767999995,1315.519996,0.04182218360815797,30139.556771999996,0.000339000000053602,16,30139.556432999994,0,0,0,35.75545317157482,12,0,1,1315.52,1315.519996,-0.000003999999989900971,-3.040622711856126e-9,0.26129348888957066,1,"LP_PASS",3506,3359,"PARTIAL_CROSS","MARKET:16"
"PARTIAL_MATCH-021","PARTIAL_MATCH","constructed-positive","VENUE0_FULL",9,9,31455.076767999995,1315.519996,0.04182218360815797,30139.556771999996,0.000339000000053602,16,30139.556432999994,0,0,0,19.084478506656204,6,13.168035026885711,1,1315.52,1315.519996,-0.000003999999989900971,-3.040622711856126e-9,0.26129348888957066,1,"LP_PASS",3506,3359,"PARTIAL_CROSS","EXECUTE_NOW:10 LIMIT:6"
"PARTIAL_MATCH-022","PARTIAL_MATCH","constructed-positive","MARKET_ONLY",4,4,6914.942804999999,0,0,6914.942804999999,0,8,6914.942804999999,0,0,0,3.711815897924269,5,0,1,3264.2400000000002,3264.239996,-0.000004000000444648322,-1.2254002293484308e-9,0.5079741471556539,0,"n/a",1735,"","MARKET_ONLY","MARKET:8"
"PARTIAL_MATCH-022","PARTIAL_MATCH","constructed-positive","BILATERAL_ONLY",4,4,6914.942804999999,3264.2400000000002,0.4720559651830701,3650.7028049999994,0.006241999999929249,6,3650.6965629999995,0,0,0,1.3590293706135288,4,0,0,3264.2400000000002,3264.239996,-0.000004000000444648322,-1.2254002293484308e-9,0.5079741471556539,0.24,"n/a",1735,916,"CROSSED_BILATERAL","MARKET:6"
"PARTIAL_MATCH-022","PARTIAL_MATCH","constructed-positive","VENUE0_CROSSING",4,4,6914.942804999999,3264.239996,0.4720559646046126,3650.702809,0.006244000000151573,6,3650.6965649999997,0,0,0,1.3590293711749095,4,0,0,3264.2400000000002,3264.239996,-0.000004000000444648322,-1.2254002293484308e-9,0.5079741471556539,0,"EXACT_PASS",1735,916,"PARTIAL_CROSS","MARKET:6"
"PARTIAL_MATCH-022","PARTIAL_MATCH","constructed-positive","VENUE0_FULL",4,4,6914.942804999999,3264.239996,0.4720559646046126,3650.702809,0.006244000000151573,6,3650.6965649999997,0,0,0,1.350992434188633,4,0.28774157269811396,0,3264.2400000000002,3264.239996,-0.000004000000444648322,-1.2254002293484308e-9,0.5079741471556539,0,"EXACT_PASS",1735,916,"PARTIAL_CROSS","EXECUTE_NOW:5 LIMIT:1"
"PARTIAL_MATCH-023","PARTIAL_MATCH","constructed-positive","MARKET_ONLY",8,8,20101.124055,0,0,20101.124055,0,16,20101.124055,0,0,0,11.428841027602342,6,0,1,6095.080000000001,6095.079991999999,-0.000008000001798791345,-1.312534338973622e-9,0.36779747708492017,0,"n/a",2499,"","MARKET_ONLY","MARKET:16"
"PARTIAL_MATCH-023","PARTIAL_MATCH","constructed-positive","BILATERAL_ONLY",8,8,20101.124055,6095.080000000001,0.3032208538847307,14006.044055,0.013198999999872285,12,14006.030856,0,0,0,6.2748631860968,4,0,1,6095.080000000001,6095.079991999999,-0.000008000001798791345,-1.312534338973622e-9,0.36779747708492017,0.27,"n/a",2499,1741,"CROSSED_BILATERAL","MARKET:12"
"PARTIAL_MATCH-023","PARTIAL_MATCH","constructed-positive","VENUE0_CROSSING",8,8,20101.124055,6095.079991999999,0.30322085348674294,14006.044063000001,0.013202999999862186,12,14006.03086,0,0,0,6.274863187556889,4,0,1,6095.080000000001,6095.079991999999,-0.000008000001798791345,-1.312534338973622e-9,0.36779747708492017,1,"LP_PASS",2499,1741,"PARTIAL_CROSS","MARKET:12"
"PARTIAL_MATCH-023","PARTIAL_MATCH","constructed-positive","VENUE0_FULL",8,8,20101.124055,6095.079991999999,0.30322085348674294,14006.044063000001,0.013202999999862186,12,14006.03086,0,0,0,5.688330796223241,4,2.2545140957406566,1,6095.080000000001,6095.079991999999,-0.000008000001798791345,-1.312534338973622e-9,0.36779747708492017,1,"LP_PASS",2499,1741,"PARTIAL_CROSS","EXECUTE_NOW:8 LIMIT:4"
"PARTIAL_MATCH-024","PARTIAL_MATCH","constructed-positive","MARKET_ONLY",6,6,34855.064293,0,0,34855.064293,0,12,34855.064293,0,0,0,30.918723221176148,9,0,1,2303.2400000000002,2303.239996,-0.000004000000444648322,-1.7366841686703605e-9,0.4629948023719745,0,"n/a",4064,"","MARKET_ONLY","MARKET:12"
"PARTIAL_MATCH-024","PARTIAL_MATCH","constructed-positive","BILATERAL_ONLY",6,6,34855.064293,2303.2400000000002,0.0660804978191523,32551.824292999998,0.0018879999997807317,10,32551.822405,0,0,0,30.42259262418041,9,0,1,2303.2400000000002,2303.239996,-0.000004000000444648322,-1.7366841686703605e-9,0.4629948023719745,0.25,"n/a",4064,3795,"CROSSED_BILATERAL","MARKET:10"
"PARTIAL_MATCH-024","PARTIAL_MATCH","constructed-positive","VENUE0_CROSSING",6,6,34855.064293,2303.239996,0.06608049770439135,32551.824297,0.001890000000003056,10,32551.822407,0,0,0,30.422592625882004,9,0,1,2303.2400000000002,2303.239996,-0.000004000000444648322,-1.7366841686703605e-9,0.4629948023719745,1,"EXACT_PASS",4064,3795,"PARTIAL_CROSS","MARKET:10"
"PARTIAL_MATCH-024","PARTIAL_MATCH","constructed-positive","VENUE0_FULL",6,6,34855.064293,2303.239996,0.06608049770439135,32551.824297,0.001890000000003056,10,32551.822407,0,0,0,11.89388773627676,4,5.510012522422973,1,2303.2400000000002,2303.239996,-0.000004000000444648322,-1.7366841686703605e-9,0.4629948023719745,1,"EXACT_PASS",4064,3795,"PARTIAL_CROSS","EXECUTE_NOW:6 LIMIT:4"
"PARTIAL_MATCH-025","PARTIAL_MATCH","constructed-positive","MARKET_ONLY",9,9,38720.250678000004,0,0,38720.250678000004,0,18,38720.250678000004,0,0,0,30.690314536710115,8,0,0,0,3727.7999939999995,3727.7999939999995,"",0.22694803375828496,0,"n/a",2845,"","MARKET_ONLY","MARKET:18"
"PARTIAL_MATCH-025","PARTIAL_MATCH","constructed-positive","BILATERAL_ONLY",9,9,38720.250678000004,0,0,38720.250678000004,0,18,38720.250678000004,0,0,0,30.690314536710115,8,0,0,0,3727.7999939999995,3727.7999939999995,"",0.22694803375828496,0.27,"n/a",2845,2845,"NO_CROSS","MARKET:18"
"PARTIAL_MATCH-025","PARTIAL_MATCH","constructed-positive","VENUE0_CROSSING",9,9,38720.250678000004,3727.7999939999995,0.09627520299392209,34992.450684,0.016433000000120046,16,34992.434251000006,0,0,0,27.97020773577074,8,0,0,0,3727.7999939999995,3727.7999939999995,"",0.22694803375828496,1,"LP_PASS",2845,2571,"PARTIAL_CROSS","MARKET:16"
"PARTIAL_MATCH-025","PARTIAL_MATCH","constructed-positive","VENUE0_FULL",9,9,38720.250678000004,3727.7999939999995,0.09627520299392209,34992.450684,0.016433000000120046,16,34992.434251000006,0,0,0,10.334055648921455,3,4.22632177019019,0,0,3727.7999939999995,3727.7999939999995,"",0.22694803375828496,1,"LP_PASS",2845,2571,"PARTIAL_CROSS","LIMIT:7 EXECUTE_NOW:9"
"PARTIAL_MATCH-026","PARTIAL_MATCH","constructed-positive","MARKET_ONLY",8,8,24429.405075999995,0,0,24429.405075999995,0,16,24429.405075999995,0,0,0,19.812333090023458,8,0,1,0,3165.399986,3165.399986,"",0.22673771320946767,0,"n/a",4531,"","MARKET_ONLY","MARKET:16"
"PARTIAL_MATCH-026","PARTIAL_MATCH","constructed-positive","BILATERAL_ONLY",8,8,24429.405075999995,0,0,24429.405075999995,0,16,24429.405075999995,0,0,0,19.812333090023458,8,0,1,0,3165.399986,3165.399986,"",0.22673771320946767,0.27,"n/a",4531,4531,"NO_CROSS","MARKET:16"
"PARTIAL_MATCH-026","PARTIAL_MATCH","constructed-positive","VENUE0_CROSSING",8,8,24429.405075999995,3165.399986,0.1295733553949605,21264.005090000006,0.01376399999998057,14,21263.991326000003,0,0,0,17.838257495737775,8,0,1,0,3165.399986,3165.399986,"",0.22673771320946767,1,"LP_PASS",4531,3943,"PARTIAL_CROSS","MARKET:14"
"PARTIAL_MATCH-026","PARTIAL_MATCH","constructed-positive","VENUE0_FULL",8,8,24429.405075999995,3165.399986,0.1295733553949605,21264.005090000006,0.01376399999998057,14,21263.991326000003,0,0,0,13.385379068490478,6,7.858244806177465,1,0,3165.399986,3165.399986,"",0.22673771320946767,1,"LP_PASS",4531,3943,"PARTIAL_CROSS","EXECUTE_NOW:12 LIMIT:2"
"PARTIAL_MATCH-027","PARTIAL_MATCH","constructed-positive","MARKET_ONLY",8,8,26883.853159,0,0,26883.853159,0,16,26883.853159,0,0,0,27.445824797947587,10,0,1,2047.68,8529.779989999999,6482.099989999999,3.1655825080090634,0.34922388046361524,0,"n/a",3267,"","MARKET_ONLY","MARKET:16"
"PARTIAL_MATCH-027","PARTIAL_MATCH","constructed-positive","BILATERAL_ONLY",8,8,26883.853159,2047.68,0.07616765304769905,24836.173159000005,0.0040209999999660795,14,24836.169138000005,0,0,0,25.702034310169118,10,0,1,2047.68,8529.779989999999,6482.099989999999,3.1655825080090634,0.34922388046361524,0.25,"n/a",3267,3018,"CROSSED_BILATERAL","MARKET:14"
"PARTIAL_MATCH-027","PARTIAL_MATCH","constructed-positive","VENUE0_CROSSING",8,8,26883.853159,8529.779989999999,0.3172826432115984,18354.073169000007,0.016843999999991865,12,18354.056325,0,0,0,16.69113763883825,9,0,1,2047.68,8529.779989999999,6482.099989999999,3.1655825080090634,0.34922388046361524,1,"LP_PASS",3267,2231,"PARTIAL_CROSS","MARKET:12"
"PARTIAL_MATCH-027","PARTIAL_MATCH","constructed-positive","VENUE0_FULL",8,8,26883.853159,8529.779989999999,0.3172826432115984,18354.073169000007,0.016843999999991865,12,18354.056325,0,0,0,10.1844172407043,6,3.4928434522129774,1,2047.68,8529.779989999999,6482.099989999999,3.1655825080090634,0.34922388046361524,1,"LP_PASS",3267,2231,"PARTIAL_CROSS","EXECUTE_NOW:10 LIMIT:2"
"PARTIAL_MATCH-028","PARTIAL_MATCH","constructed-positive","MARKET_ONLY",5,5,24125.412695,0,0,24125.412695,0,10,24125.412695,0,0,0,37.80225766097394,16,0,0,0,4403.639994,4403.639994,"",0.5479479880043561,0,"n/a",3415,"","MARKET_ONLY","MARKET:10"
"PARTIAL_MATCH-028","PARTIAL_MATCH","constructed-positive","BILATERAL_ONLY",5,5,24125.412695,0,0,24125.412695,0,10,24125.412695,0,0,0,37.80225766097394,16,0,0,0,4403.639994,4403.639994,"",0.5479479880043561,0.25,"n/a",3415,3415,"NO_CROSS","MARKET:10"
"PARTIAL_MATCH-028","PARTIAL_MATCH","constructed-positive","VENUE0_CROSSING",5,5,24125.412695,4403.639994,0.18253117779463546,19721.772700999998,0.011205000000131804,8,19721.761496,0,0,0,30.47838577022434,15,0,0,0,4403.639994,4403.639994,"",0.5479479880043561,1,"EXACT_PASS",3415,2792,"PARTIAL_CROSS","MARKET:8"
"PARTIAL_MATCH-028","PARTIAL_MATCH","constructed-positive","VENUE0_FULL",5,5,24125.412695,4403.639994,0.18253117779463546,19721.772700999998,0.011205000000131804,8,19721.761496,0,0,0,16.95271244005651,9,14.203886772519837,0,0,4403.639994,4403.639994,"",0.5479479880043561,1,"EXACT_PASS",3415,2792,"PARTIAL_CROSS","LIMIT:4 EXECUTE_NOW:4"
"PARTIAL_MATCH-029","PARTIAL_MATCH","constructed-positive","MARKET_ONLY",6,6,34705.499940999995,0,0,34705.499940999995,0,12,34705.499940999995,0,0,0,40.52192187569534,12,0,0,0,11952.319992000002,11952.319992000002,"",0.5160905575902767,0,"n/a",3709,"","MARKET_ONLY","MARKET:12"
"PARTIAL_MATCH-029","PARTIAL_MATCH","constructed-positive","BILATERAL_ONLY",6,6,34705.499940999995,0,0,34705.499940999995,0,12,34705.499940999995,0,0,0,40.52192187569534,12,0,0,0,11952.319992000002,11952.319992000002,"",0.5160905575902767,0.26,"n/a",3709,3709,"NO_CROSS","MARKET:12"
"PARTIAL_MATCH-029","PARTIAL_MATCH","constructed-positive","VENUE0_CROSSING",6,6,34705.499940999995,11952.319992000002,0.34439267586748995,22753.179948999998,0.011637999999948079,10,22753.168311,0,0,0,29.381588244277022,13,0,0,0,11952.319992000002,11952.319992000002,"",0.5160905575902767,1,"EXACT_PASS",3709,2431,"PARTIAL_CROSS","MARKET:10"
"PARTIAL_MATCH-029","PARTIAL_MATCH","constructed-positive","VENUE0_FULL",6,6,34705.499940999995,11952.319992000002,0.34439267586748995,22753.179948999998,0.011637999999948079,10,22753.168311,0,0,0,18.15316420248926,8,18.326605482686862,0,0,11952.319992000002,11952.319992000002,"",0.5160905575902767,1,"EXACT_PASS",3709,2431,"PARTIAL_CROSS","EXECUTE_NOW:4 LIMIT:6"
"PARTIAL_MATCH-030","PARTIAL_MATCH","constructed-positive","MARKET_ONLY",6,6,10646.934055000002,0,0,10646.934055000002,0,12,10646.934055000002,0,0,0,0.4495609547303366,0,0,1,409,408.999996,-0.000003999999989900971,-9.779951075552497e-9,0.109297763655586,0,"n/a",2572,"","MARKET_ONLY","MARKET:12"
"PARTIAL_MATCH-030","PARTIAL_MATCH","constructed-positive","BILATERAL_ONLY",6,6,10646.934055000002,409,0.038414814808393205,10237.934055000002,0.005985000000009677,10,10237.928070000002,0,0,0,-0.355034510431833,0,0,1,409,408.999996,-0.000003999999989900971,-9.779951075552497e-9,0.109297763655586,0.27,"n/a",2572,2473,"CROSSED_BILATERAL","MARKET:10"
"PARTIAL_MATCH-030","PARTIAL_MATCH","constructed-positive","VENUE0_CROSSING",6,6,10646.934055000002,408.999996,0.038414814432698195,10237.934059,0.0059870000000046275,10,10237.928072,0,0,0,-0.3550345036348682,0,0,1,409,408.999996,-0.000003999999989900971,-9.779951075552497e-9,0.109297763655586,1,"EXACT_PASS",2572,2473,"PARTIAL_CROSS","MARKET:10"
"PARTIAL_MATCH-030","PARTIAL_MATCH","constructed-positive","VENUE0_FULL",6,6,10646.934055000002,408.999996,0.038414814432698195,10237.934059,0.0059870000000046275,10,10237.928072,0,0,0,-1.2075197504000221,-1,-2.6635767045220415,1,409,408.999996,-0.000003999999989900971,-9.779951075552497e-9,0.109297763655586,1,"EXACT_PASS",2572,2473,"PARTIAL_CROSS","EXECUTE_NOW:8 LIMIT:2"
"PARTIAL_MATCH-031","PARTIAL_MATCH","constructed-positive","MARKET_ONLY",3,3,19175.545642,0,0,19175.545642,0,6,19175.545642,0,0,0,38.574922477488016,20,0,0,985.72,985.719996,-0.000003999999989900971,-4.0579474799141444e-9,0.051407009970079055,0,"n/a",4133,"","MARKET_ONLY","MARKET:6"
"PARTIAL_MATCH-031","PARTIAL_MATCH","constructed-positive","BILATERAL_ONLY",3,3,19175.545642,985.72,0.05140505612737233,18189.825642,0.018732999999997446,4,18189.806909,0,0,0,37.57774015259672,21,0,0,985.72,985.719996,-0.000003999999989900971,-4.0579474799141444e-9,0.051407009970079055,0.23,"n/a",4133,3920,"CROSSED_BILATERAL","MARKET:4"
"PARTIAL_MATCH-031","PARTIAL_MATCH","constructed-positive","VENUE0_CROSSING",3,3,19175.545642,985.719996,0.05140505591877332,18189.825646,0.018734999999992397,4,18189.806911,0,0,0,37.57774015544878,21,0,0,985.72,985.719996,-0.000003999999989900971,-4.0579474799141444e-9,0.051407009970079055,0,"EXACT_PASS",4133,3920,"PARTIAL_CROSS","MARKET:4"
"PARTIAL_MATCH-031","PARTIAL_MATCH","constructed-positive","VENUE0_FULL",3,3,19175.545642,985.719996,0.05140505591877332,18189.825646,0.018734999999992397,4,18189.806911,0,0,0,18.839415418254845,10,18.839415418254845,0,985.72,985.719996,-0.000003999999989900971,-4.0579474799141444e-9,0.051407009970079055,0,"EXACT_PASS",4133,3920,"PARTIAL_CROSS","LIMIT:4"
"PARTIAL_MATCH-032","PARTIAL_MATCH","constructed-positive","MARKET_ONLY",7,7,39232.286847999996,0,0,39232.286847999996,0,14,39232.286847999996,0,0,0,54.2021275032987,14,0,1,3150,3149.999996,-0.000003999999989900971,-1.269841266635229e-9,0.39347380890153105,0,"n/a",4171,"","MARKET_ONLY","MARKET:14"
"PARTIAL_MATCH-032","PARTIAL_MATCH","constructed-positive","BILATERAL_ONLY",7,7,39232.286847999996,3150,0.0802910116405968,36082.286847999996,0.00451799999996183,12,36082.282329999995,0,0,0,51.96477617742711,14,0,1,3150,3149.999996,-0.000003999999989900971,-1.269841266635229e-9,0.39347380890153105,0.25,"n/a",4171,3836,"CROSSED_BILATERAL","MARKET:12"
"PARTIAL_MATCH-032","PARTIAL_MATCH","constructed-positive","VENUE0_CROSSING",7,7,39232.286847999996,3149.999996,0.08029101153863995,36082.286852,0.004519999999956781,12,36082.282331999995,0,0,0,51.964776179206766,14,0,1,3150,3149.999996,-0.000003999999989900971,-1.269841266635229e-9,0.39347380890153105,1,"LP_PASS",4171,3836,"PARTIAL_CROSS","MARKET:12"
"PARTIAL_MATCH-032","PARTIAL_MATCH","constructed-positive","VENUE0_FULL",7,7,39232.286847999996,3149.999996,0.08029101153863995,36082.286852,0.004519999999956781,12,36082.282331999995,0,0,0,21.43068301266235,6,16.632452747677124,1,3150,3149.999996,-0.000003999999989900971,-1.269841266635229e-9,0.39347380890153105,1,"LP_PASS",4171,3836,"PARTIAL_CROSS","LIMIT:7 EXECUTE_NOW:5"
"PARTIAL_MATCH-033","PARTIAL_MATCH","constructed-positive","MARKET_ONLY",3,3,28208.367965999998,0,0,28208.367965999998,0,6,28208.367965999998,0,0,0,41.201489449037076,15,0,0,15359.64,15359.639996,-0.00000399999953515362,-2.6042274006120063e-10,0.5445079028504333,0,"n/a",3529,"","MARKET_ONLY","MARKET:6"
"PARTIAL_MATCH-033","PARTIAL_MATCH","constructed-positive","BILATERAL_ONLY",3,3,28208.367965999998,15359.64,0.5445065102140337,12848.727966,0.019642000000203552,4,12848.708324000001,0,0,0,18.30140791719898,14,0,0,15359.64,15359.639996,-0.00000399999953515362,-2.6042274006120063e-10,0.5445079028504333,0.23,"n/a",3529,1608,"CROSSED_BILATERAL","MARKET:4"
"PARTIAL_MATCH-033","PARTIAL_MATCH","constructed-positive","VENUE0_CROSSING",3,3,28208.367965999998,15359.639996,0.5445065100722318,12848.727970000002,0.01964399999997113,4,12848.708326000002,0,0,0,18.301407920850494,14,0,0,15359.64,15359.639996,-0.00000399999953515362,-2.6042274006120063e-10,0.5445079028504333,0,"EXACT_PASS",3529,1608,"PARTIAL_CROSS","MARKET:4"
"PARTIAL_MATCH-033","PARTIAL_MATCH","constructed-positive","VENUE0_FULL",3,3,28208.367965999998,15359.639996,0.5445065100722318,12848.727970000002,0.01964399999997113,4,12848.708326000002,0,0,0,12.761025183854228,10,11.332113916362314,0,15359.64,15359.639996,-0.00000399999953515362,-2.6042274006120063e-10,0.5445079028504333,0,"EXACT_PASS",3529,1608,"PARTIAL_CROSS","LIMIT:3 EXECUTE_NOW:1"
"PARTIAL_MATCH-034","PARTIAL_MATCH","constructed-positive","MARKET_ONLY",7,7,24899.198056,0,0,24899.198056,0,14,24899.198056,0,0,0,27.108817728598627,11,0,1,1695.8,1695.799996,-0.000003999999989900971,-2.3587687167714183e-9,0.30567221823298707,0,"n/a",3410,"","MARKET_ONLY","MARKET:14"
"PARTIAL_MATCH-034","PARTIAL_MATCH","constructed-positive","BILATERAL_ONLY",7,7,24899.198056,1695.8,0.06810661115213548,23203.398055999998,0.008890000000064902,12,23203.389166,0,0,0,26.13976519517554,11,0,1,1695.8,1695.799996,-0.000003999999989900971,-2.3587687167714183e-9,0.30567221823298707,0.24,"n/a",3410,3178,"CROSSED_BILATERAL","MARKET:12"
"PARTIAL_MATCH-034","PARTIAL_MATCH","constructed-positive","VENUE0_CROSSING",7,7,24899.198056,1695.799996,0.06810661099148775,23203.39806,0.008892000000059852,12,23203.389168,0,0,0,26.139765196755594,11,0,1,1695.8,1695.799996,-0.000003999999989900971,-2.3587687167714183e-9,0.30567221823298707,1,"LP_PASS",3410,3178,"PARTIAL_CROSS","MARKET:12"
"PARTIAL_MATCH-034","PARTIAL_MATCH","constructed-positive","VENUE0_FULL",7,7,24899.198056,1695.799996,0.06810661099148775,23203.39806,0.008892000000059852,12,23203.389168,0,0,0,15.55330077654543,7,8.831321293139517,1,1695.8,1695.799996,-0.000003999999989900971,-2.3587687167714183e-9,0.30567221823298707,1,"LP_PASS",3410,3178,"PARTIAL_CROSS","EXECUTE_NOW:9 LIMIT:3"
"PARTIAL_MATCH-035","PARTIAL_MATCH","constructed-positive","MARKET_ONLY",4,4,31912.214633,0,0,31912.214633,0,8,31912.214633,0,0,0,12.743345680974816,4,0,0,3485.96,3485.959996,-0.000003999999989900971,-1.147460094178066e-9,0.32470153955673287,0,"n/a",4482,"","MARKET_ONLY","MARKET:8"
"PARTIAL_MATCH-035","PARTIAL_MATCH","constructed-positive","BILATERAL_ONLY",4,4,31912.214633,3485.96,0.10923591609324458,28426.254633,0.019722999999999047,6,28426.23491,0,0,0,10.678818633830453,4,0,0,3485.96,3485.959996,-0.000003999999989900971,-1.147460094178066e-9,0.32470153955673287,0.31,"n/a",4482,3993,"CROSSED_BILATERAL","MARKET:6"
"PARTIAL_MATCH-035","PARTIAL_MATCH","constructed-positive","VENUE0_CROSSING",4,4,31912.214633,3485.959996,0.10923591596790073,28426.254637,0.019724999999993997,6,28426.234911999996,0,0,0,10.67881863418545,4,0,0,3485.96,3485.959996,-0.000003999999989900971,-1.147460094178066e-9,0.32470153955673287,1,"EXACT_PASS",4482,3993,"PARTIAL_CROSS","MARKET:6"
"PARTIAL_MATCH-035","PARTIAL_MATCH","constructed-positive","VENUE0_FULL",4,4,31912.214633,3485.959996,0.10923591596790073,28426.254637,0.019724999999993997,6,28426.234911999996,0,0,0,8.186076888313307,3,-1.9307140178216757,0,3485.96,3485.959996,-0.000003999999989900971,-1.147460094178066e-9,0.32470153955673287,1,"EXACT_PASS",4482,3993,"PARTIAL_CROSS","LIMIT:3 EXECUTE_NOW:3"
"PARTIAL_MATCH-036","PARTIAL_MATCH","constructed-positive","MARKET_ONLY",4,4,13790.364033000002,0,0,13790.364033000002,0,8,13790.364033000002,0,0,0,8.35841197546017,6,0,0,2557.32,2557.319996,-0.000003999999989900971,-1.5641374524506009e-9,0.5842143830808908,0,"n/a",3902,"","MARKET_ONLY","MARKET:8"
"PARTIAL_MATCH-036","PARTIAL_MATCH","constructed-positive","BILATERAL_ONLY",4,4,13790.364033000002,2557.32,0.18544253029727106,11233.044033000002,0.00423399999999674,6,11233.039799000002,0,0,0,5.707471597252697,5,0,0,2557.32,2557.319996,-0.000003999999989900971,-1.5641374524506009e-9,0.5842143830808908,0.27,"n/a",3902,3178,"CROSSED_BILATERAL","MARKET:6"
"PARTIAL_MATCH-036","PARTIAL_MATCH","constructed-positive","VENUE0_CROSSING",4,4,13790.364033000002,2557.319996,0.18544253000721347,11233.044037000001,0.004235999999991691,6,11233.039801,0,0,0,5.707471599733356,5,0,0,2557.32,2557.319996,-0.000003999999989900971,-1.5641374524506009e-9,0.5842143830808908,0,"EXACT_PASS",3902,3178,"PARTIAL_CROSS","MARKET:6"
"PARTIAL_MATCH-036","PARTIAL_MATCH","constructed-positive","VENUE0_FULL",4,4,13790.364033000002,2557.319996,0.18544253000721347,11233.044037000001,0.004235999999991691,6,11233.039801,0,0,0,4.295270296075728,4,2.6042205378240153,0,2557.32,2557.319996,-0.000003999999989900971,-1.5641374524506009e-9,0.5842143830808908,0,"EXACT_PASS",3902,3178,"PARTIAL_CROSS","EXECUTE_NOW:5 LIMIT:1"
"PARTIAL_MATCH-037","PARTIAL_MATCH","constructed-positive","MARKET_ONLY",9,9,25926.910807999993,0,0,25926.910807999993,0,18,25926.910807999993,0,0,0,28.87252860875353,11,0,0,0,4482.639992,4482.639992,"",0.43988329301772955,0,"n/a",3187,"","MARKET_ONLY","MARKET:18"
"PARTIAL_MATCH-037","PARTIAL_MATCH","constructed-positive","BILATERAL_ONLY",9,9,25926.910807999993,0,0,25926.910807999993,0,18,25926.910807999993,0,0,0,28.87252860875353,11,0,0,0,4482.639992,4482.639992,"",0.43988329301772955,0.41,"n/a",3187,3187,"NO_CROSS","MARKET:18"
"PARTIAL_MATCH-037","PARTIAL_MATCH","constructed-positive","VENUE0_CROSSING",9,9,25926.910807999993,4482.639992,0.17289526026435975,21444.270815999997,0.0023639999999431893,16,21444.268451999997,0,0,0,20.900457984222438,10,0,0,0,4482.639992,4482.639992,"",0.43988329301772955,1,"LP_PASS",3187,2636,"PARTIAL_CROSS","MARKET:16"
"PARTIAL_MATCH-037","PARTIAL_MATCH","constructed-positive","VENUE0_FULL",9,9,25926.910807999993,4482.639992,0.17289526026435975,21444.270815999997,0.0023639999999431893,16,21444.268451999997,0,0,0,15.554246401211898,7,7.231729329783178,0,0,4482.639992,4482.639992,"",0.43988329301772955,1,"LP_PASS",3187,2636,"PARTIAL_CROSS","EXECUTE_NOW:12 LIMIT:4"
"PARTIAL_MATCH-038","PARTIAL_MATCH","constructed-positive","MARKET_ONLY",3,3,7888.299268,0,0,7888.299268,0,6,7888.299268,0,0,0,6.026056897596699,8,0,1,3832.08,3832.079996,-0.000003999999989900971,-1.0438195418417599e-9,0.49685069174533253,0,"n/a",4928,"","MARKET_ONLY","MARKET:6"
"PARTIAL_MATCH-038","PARTIAL_MATCH","constructed-positive","BILATERAL_ONLY",3,3,7888.299268,3832.08,0.48579292821018766,4056.219268,0.002993999999944208,4,4056.216274,0,0,0,2.7394163161639917,7,0,1,3832.08,3832.079996,-0.000003999999989900971,-1.0438195418417599e-9,0.49685069174533253,0.29,"n/a",4928,2534,"CROSSED_BILATERAL","MARKET:4"
"PARTIAL_MATCH-038","PARTIAL_MATCH","constructed-positive","VENUE0_CROSSING",3,3,7888.299268,3832.079996,0.48579292770310756,4056.219272,0.0029959999999391584,4,4056.2162759999997,0,0,0,2.739416316178858,7,0,1,3832.08,3832.079996,-0.000003999999989900971,-1.0438195418417599e-9,0.49685069174533253,0,"EXACT_PASS",4928,2534,"PARTIAL_CROSS","MARKET:4"
"PARTIAL_MATCH-038","PARTIAL_MATCH","constructed-positive","VENUE0_FULL",3,3,7888.299268,3832.079996,0.48579292770310756,4056.219272,0.0029959999999391584,4,4056.2162759999997,0,0,0,2.732550978070965,7,2.147400485825561,1,3832.08,3832.079996,-0.000003999999989900971,-1.0438195418417599e-9,0.49685069174533253,0,"EXACT_PASS",4928,2534,"PARTIAL_CROSS","LIMIT:1 EXECUTE_NOW:3"
"PARTIAL_MATCH-039","PARTIAL_MATCH","constructed-positive","MARKET_ONLY",3,3,29314.053684,0,0,29314.053684,0,6,29314.053684,0,0,0,16.43602484170503,6,0,0,2740.68,2740.679996,-0.000003999999989900971,-1.4594918012686527e-9,0.09349411935804382,0,"n/a",6081,"","MARKET_ONLY","MARKET:6"
"PARTIAL_MATCH-039","PARTIAL_MATCH","constructed-positive","BILATERAL_ONLY",3,3,29314.053684,2740.68,0.09349372248355742,26573.373684000002,0.005817000000092776,4,26573.367867,0,0,0,15.327803846545782,6,0,0,2740.68,2740.679996,-0.000003999999989900971,-1.4594918012686527e-9,0.09349411935804382,0.24,"n/a",6081,5512,"CROSSED_BILATERAL","MARKET:4"
"PARTIAL_MATCH-039","PARTIAL_MATCH","constructed-positive","VENUE0_CROSSING",3,3,29314.053684,2740.679996,0.0934937223471041,26573.373688,0.005819000000087726,4,26573.367869,0,0,0,15.327803847464981,6,0,0,2740.68,2740.679996,-0.000003999999989900971,-1.4594918012686527e-9,0.09349411935804382,0,"EXACT_PASS",6081,5512,"PARTIAL_CROSS","MARKET:4"
"PARTIAL_MATCH-039","PARTIAL_MATCH","constructed-positive","VENUE0_FULL",3,3,29314.053684,2740.679996,0.0934937223471041,26573.373688,0.005819000000087726,4,26573.367869,0,0,0,15.327803847464981,6,0,0,2740.68,2740.679996,-0.000003999999989900971,-1.4594918012686527e-9,0.09349411935804382,0,"EXACT_PASS",6081,5512,"PARTIAL_CROSS","EXECUTE_NOW:4"
"EXTERNAL_ROUTE_STRESS-000","EXTERNAL_ROUTE_STRESS","stress/control","MARKET_ONLY",10,9,2154.1919939999993,0,0,2154.1919939999993,0,60,1552.3846089999997,601.807385,0,0,5.419460161089867,35,0,0,581.2400000000001,832.9199580000002,251.67995800000006,0.43300522675658937,0.48283824881766807,0,"n/a",7673,"","MARKET_ONLY","MARKET:45 NO_ROUTE:15"
"EXTERNAL_ROUTE_STRESS-000","EXTERNAL_ROUTE_STRESS","stress/control","BILATERAL_ONLY",10,9,2154.1919939999993,581.2400000000001,0.2698181042446119,1572.9519939999993,0.11128300000000557,40,1145.143185,427.69752600000004,0,0,4.233457764546368,37,0,0,581.2400000000001,832.9199580000002,251.67995800000006,0.43300522675658937,0.48283824881766807,1.27,"n/a",7673,5603,"CROSSED_BILATERAL","MARKET:30 NO_ROUTE:10"
"EXTERNAL_ROUTE_STRESS-000","EXTERNAL_ROUTE_STRESS","stress/control","VENUE0_CROSSING",10,9,2154.1919939999993,832.9199580000002,0.3866507536560831,1321.272036,0.13070000000000226,34,959.6079469999999,361.533389,0,0,3.7332704867418083,39,0,0,581.2400000000001,832.9199580000002,251.67995800000006,0.43300522675658937,0.48283824881766807,2,"LP_PASS",7673,4706,"PARTIAL_CROSS","MARKET:27 NO_ROUTE:7"
"EXTERNAL_ROUTE_STRESS-000","EXTERNAL_ROUTE_STRESS","stress/control","VENUE0_FULL",10,9,2154.1919939999993,832.9199580000002,0.3866507536560831,1321.272036,0.13070000000000226,10,418.510578,0,902.6307579999998,0,1.6031817263676116,38,0,0,581.2400000000001,832.9199580000002,251.67995800000006,0.43300522675658937,0.48283824881766807,2,"LP_PASS",7673,4706,"PARTIAL_CROSS","AGGREGATE:24 EXECUTE_NOW:10"
"EXTERNAL_ROUTE_STRESS-001","EXTERNAL_ROUTE_STRESS","stress/control","MARKET_ONLY",4,8,347.172054,0,0,347.172054,0,22,288.723838,58.448216,0,0,1.3165228197849506,46,0,0,123.67999999999998,228.439978,104.75997800000002,0.8470244016817596,0.6583894969841093,0,"n/a",9138,"","MARKET_ONLY","MARKET:18 NO_ROUTE:4"
"EXTERNAL_ROUTE_STRESS-001","EXTERNAL_ROUTE_STRESS","stress/control","BILATERAL_ONLY",4,8,347.172054,123.67999999999998,0.3562498725775894,223.49205400000002,0.04438500000000109,16,171.068558,52.379110999999995,0,0,0.9680283584574869,57,0,0,123.67999999999998,228.439978,104.75997800000002,0.8470244016817596,0.6583894969841093,0.54,"n/a",9138,5882,"CROSSED_BILATERAL","MARKET:13 NO_ROUTE:3"
"EXTERNAL_ROUTE_STRESS-001","EXTERNAL_ROUTE_STRESS","stress/control","VENUE0_CROSSING",4,8,347.172054,228.439978,0.6580022077468252,118.732076,0.0672269999999981,12,111.30685100000001,7.3579979999999985,0,0,0.7107244186719589,64,0,0,123.67999999999998,228.439978,104.75997800000002,0.8470244016817596,0.6583894969841093,1,"EXACT_PASS",9138,3125,"PARTIAL_CROSS","MARKET:10 NO_ROUTE:2"
"EXTERNAL_ROUTE_STRESS-001","EXTERNAL_ROUTE_STRESS","stress/control","VENUE0_FULL",4,8,347.172054,228.439978,0.6580022077468252,118.732076,0.0672269999999981,2,49.715239,0,68.94960999999999,0,0.19681794633551594,40,0,0,123.67999999999998,228.439978,104.75997800000002,0.8470244016817596,0.6583894969841093,1,"EXACT_PASS",9138,3125,"PARTIAL_CROSS","EXECUTE_NOW:2 AGGREGATE:10"
"EXTERNAL_ROUTE_STRESS-002","EXTERNAL_ROUTE_STRESS","stress/control","MARKET_ONLY",5,9,946.9578359999998,0,0,946.9578359999998,0,30,879.4791749999999,67.47866099999999,0,0,1.94734670104835,22,0,0,212.51999999999998,248.279986,35.759986000000026,0.16826645021645034,0.3303467695260722,0,"n/a",6339,"","MARKET_ONLY","MARKET:25 NO_ROUTE:5"
"EXTERNAL_ROUTE_STRESS-002","EXTERNAL_ROUTE_STRESS","stress/control","BILATERAL_ONLY",5,9,946.9578359999998,212.51999999999998,0.2244239309510292,734.437836,0.026838999999998947,26,666.9323360000001,67.47866099999999,0,0,1.2172113900265074,18,0,0,212.51999999999998,248.279986,35.759986000000026,0.16826645021645034,0.3303467695260722,0.52,"n/a",6339,4916,"CROSSED_BILATERAL","MARKET:21 NO_ROUTE:5"
"EXTERNAL_ROUTE_STRESS-002","EXTERNAL_ROUTE_STRESS","stress/control","VENUE0_CROSSING",5,9,946.9578359999998,248.279986,0.2621869491557806,698.67785,0.031243999999998273,24,631.167945,67.47866099999999,0,0,1.0291611854031752,16,0,0,212.51999999999998,248.279986,35.759986000000026,0.16826645021645034,0.3303467695260722,1,"EXACT_PASS",6339,4677,"PARTIAL_CROSS","MARKET:19 NO_ROUTE:5"
"EXTERNAL_ROUTE_STRESS-002","EXTERNAL_ROUTE_STRESS","stress/control","VENUE0_FULL",5,9,946.9578359999998,248.279986,0.2621869491557806,698.67785,0.031243999999998273,4,207.26847800000002,0,491.378128,0,-0.3821703087824577,-18,-0.3233237592490674,0,212.51999999999998,248.279986,35.759986000000026,0.16826645021645034,0.3303467695260722,1,"EXACT_PASS",6339,4677,"PARTIAL_CROSS","AGGREGATE:19 LIMIT:2 EXECUTE_NOW:2 WAIT:1"
"EXTERNAL_ROUTE_STRESS-003","EXTERNAL_ROUTE_STRESS","stress/control","MARKET_ONLY",10,9,1037.0693390000001,0,0,1037.0693390000001,0,47,775.7076740000001,261.36166499999996,0,0,2.331737086555918,30,0,0,370.1600000000001,430.8999659999999,60.73996599999981,0.16409111195158796,0.41563547179558447,0,"n/a",7203,"","MARKET_ONLY","MARKET:35 NO_ROUTE:12"
"EXTERNAL_ROUTE_STRESS-003","EXTERNAL_ROUTE_STRESS","stress/control","BILATERAL_ONLY",10,9,1037.0693390000001,370.1600000000001,0.35692888226444813,666.909339,0.04447299999999643,36,508.4803360000001,158.38453,0,0,1.6161673444580722,32,0,0,370.1600000000001,430.8999659999999,60.73996599999981,0.16409111195158796,0.41563547179558447,0.73,"n/a",7203,4632,"CROSSED_BILATERAL","MARKET:27 NO_ROUTE:9"
"EXTERNAL_ROUTE_STRESS-003","EXTERNAL_ROUTE_STRESS","stress/control","VENUE0_CROSSING",10,9,1037.0693390000001,430.8999659999999,0.41549773944285884,606.169373,0.10267899999999863,29,468.00844400000005,138.05825000000002,0,0,1.3914088406123917,30,0,0,370.1600000000001,430.8999659999999,60.73996599999981,0.16409111195158796,0.41563547179558447,2,"LP_PASS",7203,4210,"PARTIAL_CROSS","MARKET:24 NO_ROUTE:5"
"EXTERNAL_ROUTE_STRESS-003","EXTERNAL_ROUTE_STRESS","stress/control","VENUE0_FULL",10,9,1037.0693390000001,430.8999659999999,0.41549773944285884,606.169373,0.10267899999999863,9,166.81210999999996,0,439.2545840000001,0,0.18858834185549547,11,0,0,370.1600000000001,430.8999659999999,60.73996599999981,0.16409111195158796,0.41563547179558447,2,"LP_PASS",7203,4210,"PARTIAL_CROSS","AGGREGATE:20 EXECUTE_NOW:9"
"EXTERNAL_ROUTE_STRESS-004","EXTERNAL_ROUTE_STRESS","stress/control","MARKET_ONLY",8,9,1300.1611059999996,0,0,1300.1611059999996,0,38,1225.6852479999995,74.475858,0,0,4.645769823350549,38,0,0,114.59999999999998,194.279975,79.67997500000003,0.6952877399650963,0.21562419049935808,0,"n/a",8140,"","MARKET_ONLY","NO_ROUTE:7 MARKET:31"
"EXTERNAL_ROUTE_STRESS-004","EXTERNAL_ROUTE_STRESS","stress/control","BILATERAL_ONLY",8,9,1300.1611059999996,114.59999999999998,0.08814292280482972,1185.5611059999999,0.031664000000000136,31,1119.8215449999998,65.707897,0,0,4.436742587720831,40,0,0,114.59999999999998,194.279975,79.67997500000003,0.6952877399650963,0.21562419049935808,0.58,"n/a",8140,7422,"CROSSED_BILATERAL","NO_ROUTE:5 MARKET:26"
"EXTERNAL_ROUTE_STRESS-004","EXTERNAL_ROUTE_STRESS","stress/control","VENUE0_CROSSING",8,9,1300.1611059999996,194.279975,0.14942761639571772,1105.8811309999996,0.04175799999999774,28,1059.004401,46.834972,0,0,4.251411358537073,40,0,0,114.59999999999998,194.279975,79.67997500000003,0.6952877399650963,0.21562419049935808,1,"LP_PASS",8140,6923,"PARTIAL_CROSS","MARKET:25 NO_ROUTE:3"
"EXTERNAL_ROUTE_STRESS-004","EXTERNAL_ROUTE_STRESS","stress/control","VENUE0_FULL",8,9,1300.1611059999996,194.279975,0.14942761639571772,1105.8811309999996,0.04175799999999774,11,406.286545,0,699.5528279999999,0,0.9800368374395362,24,0,0,114.59999999999998,194.279975,79.67997500000003,0.6952877399650963,0.21562419049935808,1,"LP_PASS",8140,6923,"PARTIAL_CROSS","EXECUTE_NOW:11 AGGREGATE:17"
"EXTERNAL_ROUTE_STRESS-005","EXTERNAL_ROUTE_STRESS","stress/control","MARKET_ONLY",4,9,742.024234,0,0,742.024234,0,23,532.996288,209.02794600000001,0,0,2.0437660646275613,38,0,0,128.92,136.119991,7.199991000000011,0.05584851846106122,0.373697088712604,0,"n/a",9216,"","MARKET_ONLY","NO_ROUTE:6 MARKET:17"
"EXTERNAL_ROUTE_STRESS-005","EXTERNAL_ROUTE_STRESS","stress/control","BILATERAL_ONLY",4,9,742.024234,128.92,0.17374095628256797,613.104234,0.01107500000000039,20,468.52679299999994,144.566366,0,0,1.9665324280131484,42,0,0,128.92,136.119991,7.199991000000011,0.05584851846106122,0.373697088712604,1.01,"n/a",9216,7615,"CROSSED_BILATERAL","NO_ROUTE:5 MARKET:15"
"EXTERNAL_ROUTE_STRESS-005","EXTERNAL_ROUTE_STRESS","stress/control","VENUE0_CROSSING",4,9,742.024234,136.119991,0.1834441312869574,605.904243,0.011077999999999033,20,492.366796,113.52636899999999,0,0,1.9228571934547516,39,0,0,128.92,136.119991,7.199991000000011,0.05584851846106122,0.373697088712604,1,"EXACT_PASS",9216,7526,"PARTIAL_CROSS","NO_ROUTE:5 MARKET:15"
"EXTERNAL_ROUTE_STRESS-005","EXTERNAL_ROUTE_STRESS","stress/control","VENUE0_FULL",4,9,742.024234,136.119991,0.1834441312869574,605.904243,0.011077999999999033,6,189.34870400000003,0,416.544461,0,-0.4342501207110787,-23,-0.7504731612999445,0,128.92,136.119991,7.199991000000011,0.05584851846106122,0.373697088712604,1,"EXACT_PASS",9216,7526,"PARTIAL_CROSS","AGGREGATE:14 LIMIT:1 EXECUTE_NOW:5"
"EXTERNAL_ROUTE_STRESS-006","EXTERNAL_ROUTE_STRESS","stress/control","MARKET_ONLY",9,9,941.068844,0,0,941.068844,0,48,730.854662,210.214182,0,0,3.2349354557093184,44,0,0,313.6000000000001,406.03996299999994,92.43996299999986,0.2947702901785709,0.44163278664445926,0,"n/a",6763,"","MARKET_ONLY","MARKET:40 NO_ROUTE:8"
"EXTERNAL_ROUTE_STRESS-006","EXTERNAL_ROUTE_STRESS","stress/control","BILATERAL_ONLY",9,9,941.068844,313.6000000000001,0.33323810686054345,627.468844,0.04889099999999924,36,535.213703,92.20624999999998,0,0,2.4233155051197586,45,0,0,313.6000000000001,406.03996299999994,92.43996299999986,0.2947702901785709,0.44163278664445926,0.91,"n/a",6763,4509,"CROSSED_BILATERAL","MARKET:30 NO_ROUTE:6"
"EXTERNAL_ROUTE_STRESS-006","EXTERNAL_ROUTE_STRESS","stress/control","VENUE0_CROSSING",9,9,941.068844,406.03996299999994,0.4314668003183834,535.0288810000001,0.08963899999999092,28,475.048931,59.890311,0,0,2.0769529833200604,44,0,0,313.6000000000001,406.03996299999994,92.43996299999986,0.2947702901785709,0.44163278664445926,2,"LP_PASS",6763,3845,"PARTIAL_CROSS","MARKET:25 NO_ROUTE:3"
"EXTERNAL_ROUTE_STRESS-006","EXTERNAL_ROUTE_STRESS","stress/control","VENUE0_FULL",9,9,941.068844,406.03996299999994,0.4314668003183834,535.0288810000001,0.08963899999999092,9,189.271742,0,345.66749999999996,0,0.6810291453815431,36,0,0,313.6000000000001,406.03996299999994,92.43996299999986,0.2947702901785709,0.44163278664445926,2,"LP_PASS",6763,3845,"PARTIAL_CROSS","AGGREGATE:19 EXECUTE_NOW:9"
"EXTERNAL_ROUTE_STRESS-007","EXTERNAL_ROUTE_STRESS","stress/control","MARKET_ONLY",5,9,799.844628,0,0,799.844628,0,31,452.818095,347.026533,0,0,1.9532403082523255,43,0,0,170.27999999999997,170.279991,-0.000008999999977277184,-5.285412248812066e-8,0.31890680148445033,0,"n/a",7779,"","MARKET_ONLY","NO_ROUTE:10 MARKET:21"
"EXTERNAL_ROUTE_STRESS-007","EXTERNAL_ROUTE_STRESS","stress/control","BILATERAL_ONLY",5,9,799.844628,170.27999999999997,0.21289134669289794,629.5646279999999,0.013610000000006006,28,367.66599800000006,261.88502,0,0,1.631214827259837,44,0,0,170.27999999999997,170.279991,-0.000008999999977277184,-5.285412248812066e-8,0.31890680148445033,0.63,"n/a",7779,6123,"CROSSED_BILATERAL","NO_ROUTE:9 MARKET:19"
"EXTERNAL_ROUTE_STRESS-007","EXTERNAL_ROUTE_STRESS","stress/control","VENUE0_CROSSING",5,9,799.844628,170.279991,0.21289133544071262,629.5646369999998,0.013613000000003539,28,367.66600100000005,261.885023,0,0,1.6312148324198192,44,0,0,170.27999999999997,170.279991,-0.000008999999977277184,-5.285412248812066e-8,0.31890680148445033,1,"EXACT_PASS",7779,6123,"PARTIAL_CROSS","NO_ROUTE:9 MARKET:19"
"EXTERNAL_ROUTE_STRESS-007","EXTERNAL_ROUTE_STRESS","stress/control","VENUE0_FULL",5,9,799.844628,170.279991,0.21289133544071262,629.5646369999998,0.013613000000003539,6,194.30326300000002,0,435.2477610000001,0,-0.9590611799467335,-49,-1.438858755620351,0,170.27999999999997,170.279991,-0.000008999999977277184,-5.285412248812066e-8,0.31890680148445033,1,"EXACT_PASS",7779,6123,"PARTIAL_CROSS","AGGREGATE:22 EXECUTE_NOW:4 LIMIT:2"
"EXTERNAL_ROUTE_STRESS-008","EXTERNAL_ROUTE_STRESS","stress/control","MARKET_ONLY",7,9,988.7996399999998,0,0,988.7996399999998,0,39,689.7244919999999,299.075148,0,0,2.2473760878119213,33,0,0,91.04,246.47997900000001,155.439979,1.707381140158172,0.28771504811632015,0,"n/a",9071,"","MARKET_ONLY","NO_ROUTE:9 MARKET:30"
"EXTERNAL_ROUTE_STRESS-008","EXTERNAL_ROUTE_STRESS","stress/control","BILATERAL_ONLY",7,9,988.7996399999998,91.04,0.09207123093208248,897.75964,0.029957999999999263,32,621.382073,276.34760900000003,0,0,1.886966154846487,30,0,0,91.04,246.47997900000001,155.439979,1.707381140158172,0.28771504811632015,0.6,"n/a",9071,8236,"CROSSED_BILATERAL","NO_ROUTE:7 MARKET:25"
"EXTERNAL_ROUTE_STRESS-008","EXTERNAL_ROUTE_STRESS","stress/control","VENUE0_CROSSING",7,9,988.7996399999998,246.47997900000001,0.24927191417666783,742.3196610000001,0.027061999999999004,31,480.3616119999999,261.930987,0,0,1.6580123237335198,35,0,0,91.04,246.47997900000001,155.439979,1.707381140158172,0.28771504811632015,1,"LP_PASS",9071,6810,"PARTIAL_CROSS","NO_ROUTE:8 MARKET:23"
"EXTERNAL_ROUTE_STRESS-008","EXTERNAL_ROUTE_STRESS","stress/control","VENUE0_FULL",7,9,988.7996399999998,246.47997900000001,0.24927191417666783,742.3196610000001,0.027061999999999004,3,75.990261,0,666.302338,0,-1.3127505694888744,-173,-1.3246762011413606,0,91.04,246.47997900000001,155.439979,1.707381140158172,0.28771504811632015,1,"LP_PASS",9071,6810,"PARTIAL_CROSS","LIMIT:2 AGGREGATE:27 EXECUTE_NOW:1 WAIT:1"
"EXTERNAL_ROUTE_STRESS-009","EXTERNAL_ROUTE_STRESS","stress/control","MARKET_ONLY",9,9,1676.1544670000003,0,0,1676.1544670000003,0,42,1389.7620900000004,286.39237700000007,0,0,3.1758821597759317,23,0,0,636.6400000000001,911.099969,274.4599689999999,0.43110701338275925,0.6986015507841615,0,"n/a",6214,"","MARKET_ONLY","MARKET:32 NO_ROUTE:10"
"EXTERNAL_ROUTE_STRESS-009","EXTERNAL_ROUTE_STRESS","stress/control","BILATERAL_ONLY",9,9,1676.1544670000003,636.6400000000001,0.37982179598248206,1039.5144670000002,0.045372999999993,33,947.0691410000002,92.39995299999997,0,0,2.44150822790344,26,0,0,636.6400000000001,911.099969,274.4599689999999,0.43110701338275925,0.6986015507841615,0.73,"n/a",6214,3854,"CROSSED_BILATERAL","MARKET:26 NO_ROUTE:7"
"EXTERNAL_ROUTE_STRESS-009","EXTERNAL_ROUTE_STRESS","stress/control","VENUE0_CROSSING",9,9,1676.1544670000003,911.099969,0.5435656360661656,765.0544980000001,0.08990099999999535,26,691.1371800000001,73.827417,0,0,1.787255805388643,26,0,0,636.6400000000001,911.099969,274.4599689999999,0.43110701338275925,0.6986015507841615,1,"LP_PASS",6214,2836,"PARTIAL_CROSS","MARKET:21 NO_ROUTE:5"
"EXTERNAL_ROUTE_STRESS-009","EXTERNAL_ROUTE_STRESS","stress/control","VENUE0_FULL",9,9,1676.1544670000003,911.099969,0.5435656360661656,765.0544980000001,0.08990099999999535,10,594.9902399999999,0,169.974357,0,1.0314351685766694,17,0,0,636.6400000000001,911.099969,274.4599689999999,0.43110701338275925,0.6986015507841615,1,"LP_PASS",6214,2836,"PARTIAL_CROSS","AGGREGATE:16 EXECUTE_NOW:10"
"EXTERNAL_ROUTE_STRESS-010","EXTERNAL_ROUTE_STRESS","stress/control","MARKET_ONLY",10,9,1318.7423759999995,0,0,1318.7423759999995,0,56,1076.7951779999994,241.947198,0,0,4.170058962494813,39,0,0,397.00000000000006,522.6799570000001,125.679957,0.31657419899244327,0.48654988546451333,0,"n/a",8245,"","MARKET_ONLY","MARKET:45 NO_ROUTE:11"
"EXTERNAL_ROUTE_STRESS-010","EXTERNAL_ROUTE_STRESS","stress/control","BILATERAL_ONLY",10,9,1318.7423759999995,397.00000000000006,0.3010443944359912,921.7423760000001,0.0910250000000018,37,725.0609630000001,196.59038800000002,0,0,2.855253982152717,39,0,0,397.00000000000006,522.6799570000001,125.679957,0.31657419899244327,0.48654988546451333,1.04,"n/a",8245,5763,"CROSSED_BILATERAL","MARKET:31 NO_ROUTE:6"
"EXTERNAL_ROUTE_STRESS-010","EXTERNAL_ROUTE_STRESS","stress/control","VENUE0_CROSSING",10,9,1318.7423759999995,522.6799570000001,0.39634728246573026,796.0624190000002,0.14337300000000008,29,599.328655,196.590391,0,0,2.3026146934737333,38,0,0,397.00000000000006,522.6799570000001,125.679957,0.31657419899244327,0.48654988546451333,2,"LP_PASS",8245,4977,"PARTIAL_CROSS","MARKET:23 NO_ROUTE:6"
"EXTERNAL_ROUTE_STRESS-010","EXTERNAL_ROUTE_STRESS","stress/control","VENUE0_FULL",10,9,1318.7423759999995,522.6799570000001,0.39634728246573026,796.0624190000002,0.14337300000000008,11,409.58246999999994,0,386.336576,0,-1.2689515295384455,-31,-1.990932379828522,0,397.00000000000006,522.6799570000001,125.679957,0.31657419899244327,0.48654988546451333,2,"LP_PASS",8245,4977,"PARTIAL_CROSS","LIMIT:4 AGGREGATE:18 EXECUTE_NOW:7"
"EXTERNAL_ROUTE_STRESS-011","EXTERNAL_ROUTE_STRESS","stress/control","MARKET_ONLY",3,9,781.3034070000001,0,0,781.3034070000001,0,17,667.6531330000001,113.650274,0,0,1.192078682536129,18,0,0,20.56,20.559996,-0.000003999999997006398,-1.945525290372762e-7,0.11334820148813199,0,"n/a",9473,"","MARKET_ONLY","MARKET:12 NO_ROUTE:5"
"EXTERNAL_ROUTE_STRESS-011","EXTERNAL_ROUTE_STRESS","stress/control","BILATERAL_ONLY",3,9,781.3034070000001,20.56,0.026315001081263677,760.7434070000002,0.002091000000000065,16,657.3710420000001,103.370274,0,0,1.13935105469937,17,0,0,20.56,20.559996,-0.000003999999997006398,-1.945525290372762e-7,0.11334820148813199,0.26,"n/a",9473,9224,"CROSSED_BILATERAL","MARKET:11 NO_ROUTE:5"
"EXTERNAL_ROUTE_STRESS-011","EXTERNAL_ROUTE_STRESS","stress/control","VENUE0_CROSSING",3,9,781.3034070000001,20.559996,0.026314995961613668,760.7434110000002,0.0020919999999993166,16,657.3710430000001,103.37027599999999,0,0,1.1393510541102252,17,0,0,20.56,20.559996,-0.000003999999997006398,-1.945525290372762e-7,0.11334820148813199,1,"EXACT_PASS",9473,9224,"PARTIAL_CROSS","MARKET:11 NO_ROUTE:5"
"EXTERNAL_ROUTE_STRESS-011","EXTERNAL_ROUTE_STRESS","stress/control","VENUE0_FULL",3,9,781.3034070000001,20.559996,0.026314995961613668,760.7434110000002,0.0020919999999993166,7,599.3487600000001,0,161.392559,0,0.5458947087012677,9,0,0,20.56,20.559996,-0.000003999999997006398,-1.945525290372762e-7,0.11334820148813199,1,"EXACT_PASS",9473,9224,"PARTIAL_CROSS","AGGREGATE:9 EXECUTE_NOW:7"
"EXTERNAL_ROUTE_STRESS-012","EXTERNAL_ROUTE_STRESS","stress/control","MARKET_ONLY",3,9,405.07102100000003,0,0,405.07102100000003,0,17,339.217458,65.85356300000001,0,0,0.780010051882806,23,0,0,61.08000000000001,70.499989,9.419988999999987,0.15422378847413204,0.28849829768493856,0,"n/a",9508,"","MARKET_ONLY","MARKET:13 NO_ROUTE:4"
"EXTERNAL_ROUTE_STRESS-012","EXTERNAL_ROUTE_STRESS","stress/control","BILATERAL_ONLY",3,9,405.07102100000003,61.08000000000001,0.15078837249135135,343.9910210000001,0.004603999999999608,15,293.53285400000004,50.453563,0,0,0.5851306971853406,20,0,0,61.08000000000001,70.499989,9.419988999999987,0.15422378847413204,0.28849829768493856,0.32,"n/a",9508,8074,"CROSSED_BILATERAL","MARKET:11 NO_ROUTE:4"
"EXTERNAL_ROUTE_STRESS-012","EXTERNAL_ROUTE_STRESS","stress/control","VENUE0_CROSSING",3,9,405.07102100000003,70.499989,0.17404352655481617,334.571032,0.0122439999999997,13,287.246995,47.311793,0,0,0.5400205118508228,19,0,0,61.08000000000001,70.499989,9.419988999999987,0.15422378847413204,0.28849829768493856,1,"EXACT_PASS",9508,7852,"PARTIAL_CROSS","MARKET:10 NO_ROUTE:3"
"EXTERNAL_ROUTE_STRESS-012","EXTERNAL_ROUTE_STRESS","stress/control","VENUE0_FULL",3,9,405.07102100000003,70.499989,0.17404352655481617,334.571032,0.0122439999999997,2,28.392633,0,306.166155,0,0.020366923179825514,7,0,0,61.08000000000001,70.499989,9.419988999999987,0.15422378847413204,0.28849829768493856,1,"EXACT_PASS",9508,7852,"PARTIAL_CROSS","AGGREGATE:11 EXECUTE_NOW:2"
"EXTERNAL_ROUTE_STRESS-013","EXTERNAL_ROUTE_STRESS","stress/control","MARKET_ONLY",6,9,738.493775,0,0,738.493775,0,38,619.7257670000001,118.76800800000001,0,0,2.478905724175751,40,0,0,254.71999999999997,286.95997100000005,32.23997100000008,0.1265702379082918,0.3958552744740468,0,"n/a",7269,"","MARKET_ONLY","MARKET:31 NO_ROUTE:7"
"EXTERNAL_ROUTE_STRESS-013","EXTERNAL_ROUTE_STRESS","stress/control","BILATERAL_ONLY",6,9,738.493775,254.71999999999997,0.34491827639305417,483.77377499999994,0.10787199999998581,25,374.301263,109.36464000000001,0,0,1.6894815645766623,45,0,0,254.71999999999997,286.95997100000005,32.23997100000008,0.1265702379082918,0.3958552744740468,0.84,"n/a",7269,4762,"CROSSED_BILATERAL","MARKET:19 NO_ROUTE:6"
"EXTERNAL_ROUTE_STRESS-013","EXTERNAL_ROUTE_STRESS","stress/control","VENUE0_CROSSING",6,9,738.493775,286.95997100000005,0.388574664695041,451.53380400000003,0.04507099999999614,24,358.844832,92.64390099999999,0,0,1.6036393270805596,45,0,0,254.71999999999997,286.95997100000005,32.23997100000008,0.1265702379082918,0.3958552744740468,1,"EXACT_PASS",7269,4444,"PARTIAL_CROSS","MARKET:19 NO_ROUTE:5"
"EXTERNAL_ROUTE_STRESS-013","EXTERNAL_ROUTE_STRESS","stress/control","VENUE0_FULL",6,9,738.493775,286.95997100000005,0.388574664695041,451.53380400000003,0.04507099999999614,7,146.16783999999998,0,305.3208929999999,0,-0.5400105941906287,-37,-0.7833604448501423,0,254.71999999999997,286.95997100000005,32.23997100000008,0.1265702379082918,0.3958552744740468,1,"EXACT_PASS",7269,4444,"PARTIAL_CROSS","LIMIT:2 AGGREGATE:17 EXECUTE_NOW:5"
"EXTERNAL_ROUTE_STRESS-014","EXTERNAL_ROUTE_STRESS","stress/control","MARKET_ONLY",10,9,1667.272954,0,0,1667.272954,0,59,1215.0637140000003,452.20924,0,0,3.682272601933168,30,0,0,466.5199999999999,635.1599560000002,168.63995600000027,0.36148494383949303,0.4794040484387297,0,"n/a",7453,"","MARKET_ONLY","NO_ROUTE:10 MARKET:49"
"EXTERNAL_ROUTE_STRESS-014","EXTERNAL_ROUTE_STRESS","stress/control","BILATERAL_ONLY",10,9,1667.272954,466.5199999999999,0.27981021276735707,1200.7529539999996,0.09067199999999653,40,915.1023259999998,285.559956,0,0,2.4814069519480255,27,0,0,466.5199999999999,635.1599560000002,168.63995600000027,0.36148494383949303,0.4794040484387297,1.08,"n/a",7453,5368,"CROSSED_BILATERAL","NO_ROUTE:8 MARKET:32"
"EXTERNAL_ROUTE_STRESS-014","EXTERNAL_ROUTE_STRESS","stress/control","VENUE0_CROSSING",10,9,1667.272954,635.1599560000002,0.3809573918152817,1032.1129979999998,0.12739700000000453,36,786.0260949999999,245.959506,0,0,2.122023422824654,27,0,0,466.5199999999999,635.1599560000002,168.63995600000027,0.36148494383949303,0.4794040484387297,2,"LP_PASS",7453,4614,"PARTIAL_CROSS","MARKET:31 NO_ROUTE:5"
"EXTERNAL_ROUTE_STRESS-014","EXTERNAL_ROUTE_STRESS","stress/control","VENUE0_FULL",10,9,1667.272954,635.1599560000002,0.3809573918152817,1032.1129979999998,0.12739700000000453,12,785.2702559999999,0,246.71534499999999,0,0.7883570118322816,10,-0.02843399233688925,0,466.5199999999999,635.1599560000002,168.63995600000027,0.36148494383949303,0.4794040484387297,2,"LP_PASS",7453,4614,"PARTIAL_CROSS","AGGREGATE:24 EXECUTE_NOW:11 LIMIT:1"
"EXTERNAL_ROUTE_STRESS-015","EXTERNAL_ROUTE_STRESS","stress/control","MARKET_ONLY",4,9,736.82113,0,0,736.82113,0,27,465.54987000000006,271.27126,0,0,0.8238658524729349,18,0,0,282.55999999999995,307.079986,24.519986000000074,0.08677797989807502,0.4687951334946107,0,"n/a",7629,"","MARKET_ONLY","MARKET:20 NO_ROUTE:7"
"EXTERNAL_ROUTE_STRESS-015","EXTERNAL_ROUTE_STRESS","stress/control","BILATERAL_ONLY",4,9,736.82113,282.55999999999995,0.3834852021684014,454.26113000000004,0.06838600000000072,21,324.428165,129.764579,0,0,0.6515012842637218,20,0,0,282.55999999999995,307.079986,24.519986000000074,0.08677797989807502,0.4687951334946107,0.43,"n/a",7629,4703,"CROSSED_BILATERAL","MARKET:16 NO_ROUTE:5"
"EXTERNAL_ROUTE_STRESS-015","EXTERNAL_ROUTE_STRESS","stress/control","VENUE0_CROSSING",4,9,736.82113,307.079986,0.4167632733333801,429.74114399999996,0.029094999999994986,21,299.952485,129.759564,0,0,0.698601569347368,23,0,0,282.55999999999995,307.079986,24.519986000000074,0.08677797989807502,0.4687951334946107,1,"EXACT_PASS",7629,4449,"PARTIAL_CROSS","MARKET:17 NO_ROUTE:4"
"EXTERNAL_ROUTE_STRESS-015","EXTERNAL_ROUTE_STRESS","stress/control","VENUE0_FULL",4,9,736.82113,307.079986,0.4167632733333801,429.74114399999996,0.029094999999994986,4,112.224661,0,317.487388,0,-1.2070813503606894,-108,-1.2731626981915682,0,282.55999999999995,307.079986,24.519986000000074,0.08677797989807502,0.4687951334946107,1,"EXACT_PASS",7629,4449,"PARTIAL_CROSS","LIMIT:2 AGGREGATE:17 EXECUTE_NOW:2"
"EXTERNAL_ROUTE_STRESS-016","EXTERNAL_ROUTE_STRESS","stress/control","MARKET_ONLY",7,9,657.1036239999999,0,0,657.1036239999999,0,44,475.04605499999997,182.057569,0,0,2.1361281278689477,45,0,0,185.55999999999992,202.75997099999995,17.199971000000033,0.09269223431774111,0.3671510355267803,0,"n/a",8828,"","MARKET_ONLY","MARKET:32 NO_ROUTE:12"
"EXTERNAL_ROUTE_STRESS-016","EXTERNAL_ROUTE_STRESS","stress/control","BILATERAL_ONLY",7,9,657.1036239999999,185.55999999999992,0.2823907725092686,471.543624,0.0633929999999979,31,380.974558,90.50567300000002,0,0,1.6233927628311857,43,0,0,185.55999999999992,202.75997099999995,17.199971000000033,0.09269223431774111,0.3671510355267803,0.76,"n/a",8828,6335,"CROSSED_BILATERAL","MARKET:25 NO_ROUTE:6"
"EXTERNAL_ROUTE_STRESS-016","EXTERNAL_ROUTE_STRESS","stress/control","VENUE0_CROSSING",7,9,657.1036239999999,202.75997099999995,0.30856620416386565,454.3436529999999,0.08585200000000176,29,368.54437300000006,85.713428,0,0,1.3937937644869862,38,0,0,185.55999999999992,202.75997099999995,17.199971000000033,0.09269223431774111,0.3671510355267803,1,"LP_PASS",8828,6104,"PARTIAL_CROSS","MARKET:22 NO_ROUTE:7"
"EXTERNAL_ROUTE_STRESS-016","EXTERNAL_ROUTE_STRESS","stress/control","VENUE0_FULL",7,9,657.1036239999999,202.75997099999995,0.30856620416386565,454.3436529999999,0.08585200000000176,5,70.05682200000001,0,384.2009790000001,0,0.22938127174746076,33,0,0,185.55999999999992,202.75997099999995,17.199971000000033,0.09269223431774111,0.3671510355267803,1,"LP_PASS",8828,6104,"PARTIAL_CROSS","AGGREGATE:23 EXECUTE_NOW:5 WAIT:1"
"EXTERNAL_ROUTE_STRESS-017","EXTERNAL_ROUTE_STRESS","stress/control","MARKET_ONLY",10,9,1828.3645960000008,0,0,1828.3645960000008,0,56,1550.9043190000004,277.46027699999996,0,0,3.706054149254047,24,0,0,402.68000000000006,546.459955,143.77995499999997,0.35705760156948435,0.4255918834254214,0,"n/a",8398,"","MARKET_ONLY","MARKET:45 NO_ROUTE:11"
"EXTERNAL_ROUTE_STRESS-017","EXTERNAL_ROUTE_STRESS","stress/control","BILATERAL_ONLY",10,9,1828.3645960000008,402.68000000000006,0.2202405367512377,1425.684596,0.1142389999999972,36,1208.8531959999998,216.71716099999998,0,0,2.7725490594221887,23,0,0,402.68000000000006,546.459955,143.77995499999997,0.35705760156948435,0.4255918834254214,1.06,"n/a",8398,6548,"CROSSED_BILATERAL","NO_ROUTE:6 MARKET:30"
"EXTERNAL_ROUTE_STRESS-017","EXTERNAL_ROUTE_STRESS","stress/control","VENUE0_CROSSING",10,9,1828.3645960000008,546.459955,0.2988790945720105,1281.9046409999999,0.18224599999999358,28,1100.217568,181.504827,0,0,2.401132896080284,22,0,0,402.68000000000006,546.459955,143.77995499999997,0.35705760156948435,0.4255918834254214,2,"LP_PASS",8398,5888,"PARTIAL_CROSS","NO_ROUTE:4 MARKET:24"
"EXTERNAL_ROUTE_STRESS-017","EXTERNAL_ROUTE_STRESS","stress/control","VENUE0_FULL",10,9,1828.3645960000008,546.459955,0.2988790945720105,1281.9046409999999,0.18224599999999358,10,659.132266,0,622.590129,0,1.3026668963854853,20,0.6554076663414723,0,402.68000000000006,546.459955,143.77995499999997,0.35705760156948435,0.4255918834254214,2,"LP_PASS",8398,5888,"PARTIAL_CROSS","AGGREGATE:18 LIMIT:1 EXECUTE_NOW:9"
"EXTERNAL_ROUTE_STRESS-018","EXTERNAL_ROUTE_STRESS","stress/control","MARKET_ONLY",6,9,983.2349579999999,0,0,983.2349579999999,0,36,751.7791239999999,231.45583399999998,0,0,2.0210067186164506,27,0,0,48.03999999999999,52.25998200000001,4.219982000000016,0.08784308909242333,0.3411797610231023,0,"n/a",7881,"","MARKET_ONLY","MARKET:27 NO_ROUTE:9"
"EXTERNAL_ROUTE_STRESS-018","EXTERNAL_ROUTE_STRESS","stress/control","BILATERAL_ONLY",6,9,983.2349579999999,48.03999999999999,0.04885912528752868,935.1949579999999,0.10703999999999989,29,717.003712,218.084206,0,0,1.7624676974397948,25,0,0,48.03999999999999,52.25998200000001,4.219982000000016,0.08784308909242333,0.3411797610231023,0.62,"n/a",7881,7496,"CROSSED_BILATERAL","MARKET:22 NO_ROUTE:7"
"EXTERNAL_ROUTE_STRESS-018","EXTERNAL_ROUTE_STRESS","stress/control","VENUE0_CROSSING",6,9,983.2349579999999,52.25998200000001,0.053151061783138935,930.9749759999999,0.10230000000000045,29,702.721799,228.15087699999998,0,0,1.7018345939643453,24,0,0,48.03999999999999,52.25998200000001,4.219982000000016,0.08784308909242333,0.3411797610231023,1,"EXACT_PASS",7881,7462,"PARTIAL_CROSS","MARKET:21 NO_ROUTE:8"
"EXTERNAL_ROUTE_STRESS-018","EXTERNAL_ROUTE_STRESS","stress/control","VENUE0_FULL",6,9,983.2349579999999,52.25998200000001,0.053151061783138935,930.9749759999999,0.10230000000000045,10,543.563461,0,387.30921500000005,0,-0.2539811351536212,-5,-1.2308886470443186,0,48.03999999999999,52.25998200000001,4.219982000000016,0.08784308909242333,0.3411797610231023,1,"EXACT_PASS",7881,7462,"PARTIAL_CROSS","LIMIT:2 AGGREGATE:19 EXECUTE_NOW:8"
"EXTERNAL_ROUTE_STRESS-019","EXTERNAL_ROUTE_STRESS","stress/control","MARKET_ONLY",8,9,1573.6123370000007,0,0,1573.6123370000007,0,48,1371.7514300000003,201.860907,0,0,4.94456137342552,36,0,0,350.4000000000001,586.47997,236.0799699999999,0.6737442066210041,0.44449873425210673,0,"n/a",9179,"","MARKET_ONLY","MARKET:40 NO_ROUTE:8"
"EXTERNAL_ROUTE_STRESS-019","EXTERNAL_ROUTE_STRESS","stress/control","BILATERAL_ONLY",8,9,1573.6123370000007,350.4000000000001,0.2226723772819531,1223.2123370000006,0.041288999999997966,38,1022.2580530000001,200.91299500000002,0,0,4.083207202783624,40,0,0,350.4000000000001,586.47997,236.0799699999999,0.6737442066210041,0.44449873425210673,0.73,"n/a",9179,7135,"CROSSED_BILATERAL","MARKET:31 NO_ROUTE:7"
"EXTERNAL_ROUTE_STRESS-019","EXTERNAL_ROUTE_STRESS","stress/control","VENUE0_CROSSING",8,9,1573.6123370000007,586.47997,0.3726966014501955,987.1323669999998,0.08143999999999543,35,786.1379309999999,200.91299600000002,0,0,3.3042917186994702,42,0,0,350.4000000000001,586.47997,236.0799699999999,0.6737442066210041,0.44449873425210673,1,"LP_PASS",9179,5758,"PARTIAL_CROSS","MARKET:28 NO_ROUTE:7"
"EXTERNAL_ROUTE_STRESS-019","EXTERNAL_ROUTE_STRESS","stress/control","VENUE0_FULL",8,9,1573.6123370000007,586.47997,0.3726966014501955,987.1323669999998,0.08143999999999543,13,568.787896,0,418.263031,0,-1.3662951264285388,-24,-2.7291720472764665,0,350.4000000000001,586.47997,236.0799699999999,0.6737442066210041,0.44449873425210673,1,"LP_PASS",9179,5758,"PARTIAL_CROSS","EXECUTE_NOW:9 AGGREGATE:22 LIMIT:4"
"EXTERNAL_ROUTE_STRESS-020","EXTERNAL_ROUTE_STRESS","stress/control","MARKET_ONLY",4,9,1114.932609,0,0,1114.932609,0,19,720.303175,394.62943400000006,0,0,4.8996289681648895,68,0,0,101.08,101.07999299999999,-0.000007000000010748408,-6.925207766866253e-8,0.3328835151147687,0,"n/a",9706,"","MARKET_ONLY","MARKET:14 NO_ROUTE:5"
"EXTERNAL_ROUTE_STRESS-020","EXTERNAL_ROUTE_STRESS","stress/control","BILATERAL_ONLY",4,9,1114.932609,101.08,0.09066018805446922,1013.852609,0.016551999999999012,17,669.755001,344.081056,0,0,4.497581334784502,67,0,0,101.08,101.07999299999999,-0.000007000000010748408,-6.925207766866253e-8,0.3328835151147687,0.28,"n/a",9706,8827,"CROSSED_BILATERAL","MARKET:13 NO_ROUTE:4"
"EXTERNAL_ROUTE_STRESS-020","EXTERNAL_ROUTE_STRESS","stress/control","VENUE0_CROSSING",4,9,1114.932609,101.07999299999999,0.09066018177606283,1013.8526160000001,0.016554000000001068,17,669.7550040000001,344.081058,0,0,4.497581351961132,67,0,0,101.08,101.07999299999999,-0.000007000000010748408,-6.925207766866253e-8,0.3328835151147687,1,"EXACT_PASS",9706,8827,"PARTIAL_CROSS","MARKET:13 NO_ROUTE:4"
"EXTERNAL_ROUTE_STRESS-020","EXTERNAL_ROUTE_STRESS","stress/control","VENUE0_FULL",4,9,1114.932609,101.07999299999999,0.09066018177606283,1013.8526160000001,0.016554000000001068,3,235.986555,0,777.8495069999999,0,1.0269920554886303,44,0.6584943029321977,0,101.08,101.07999299999999,-0.000007000000010748408,-6.925207766866253e-8,0.3328835151147687,1,"EXACT_PASS",9706,8827,"PARTIAL_CROSS","AGGREGATE:14 LIMIT:1 EXECUTE_NOW:2"
"EXTERNAL_ROUTE_STRESS-021","EXTERNAL_ROUTE_STRESS","stress/control","MARKET_ONLY",3,9,844.628875,0,0,844.628875,0,16,599.175298,245.453577,0,0,0.9664547869624153,16,0,0,0,0,0,"",0.28203506303286163,0,"n/a",8106,"","MARKET_ONLY","MARKET:11 NO_ROUTE:5"
"EXTERNAL_ROUTE_STRESS-021","EXTERNAL_ROUTE_STRESS","stress/control","BILATERAL_ONLY",3,9,844.628875,0,0,844.628875,0,16,599.175298,245.453577,0,0,0.9664547869624153,16,0,0,0,0,0,"",0.28203506303286163,0.4,"n/a",8106,8106,"NO_CROSS","MARKET:11 NO_ROUTE:5"
"EXTERNAL_ROUTE_STRESS-021","EXTERNAL_ROUTE_STRESS","stress/control","VENUE0_CROSSING",3,9,844.628875,0,0,844.628875,0,16,599.175298,245.453577,0,0,0.9664547869624153,16,0,0,0,0,0,"",0.28203506303286163,1,"EXACT_PASS",8106,8106,"NO_CROSS","MARKET:11 NO_ROUTE:5"
"EXTERNAL_ROUTE_STRESS-021","EXTERNAL_ROUTE_STRESS","stress/control","VENUE0_FULL",3,9,844.628875,0,0,844.628875,0,3,291.29040399999997,0,553.3384709999999,0,-0.02335989398058866,-1,-0.25460246490515526,0,0,0,0,"",0.28203506303286163,1,"EXACT_PASS",8106,8106,"NO_CROSS","EXECUTE_NOW:2 AGGREGATE:13 LIMIT:1"
"EXTERNAL_ROUTE_STRESS-022","EXTERNAL_ROUTE_STRESS","stress/control","MARKET_ONLY",7,9,974.0901150000002,0,0,974.0901150000002,0,44,920.1059800000002,53.984135,0,0,3.6001027679486337,39,0,0,213.95999999999995,245.69997399999997,31.739974000000018,0.14834536361936823,0.3293882907332449,0,"n/a",8574,"","MARKET_ONLY","MARKET:36 NO_ROUTE:8"
"EXTERNAL_ROUTE_STRESS-022","EXTERNAL_ROUTE_STRESS","stress/control","BILATERAL_ONLY",7,9,974.0901150000002,213.95999999999995,0.21965113566520475,760.1301149999999,0.05251299999999737,32,720.6353079999999,39.442294,0,0,2.7937277576590844,39,0,0,213.95999999999995,245.69997399999997,31.739974000000018,0.14834536361936823,0.3293882907332449,0.72,"n/a",8574,6691,"CROSSED_BILATERAL","MARKET:25 NO_ROUTE:7"
"EXTERNAL_ROUTE_STRESS-022","EXTERNAL_ROUTE_STRESS","stress/control","VENUE0_CROSSING",7,9,974.0901150000002,245.69997399999997,0.25223536325486673,728.3901409999999,0.05101199999999795,32,692.676833,35.662296,0,0,2.6907195811379916,39,0,0,213.95999999999995,245.69997399999997,31.739974000000018,0.14834536361936823,0.3293882907332449,1,"LP_PASS",8574,6411,"PARTIAL_CROSS","MARKET:25 NO_ROUTE:7"
"EXTERNAL_ROUTE_STRESS-022","EXTERNAL_ROUTE_STRESS","stress/control","VENUE0_FULL",7,9,974.0901150000002,245.69997399999997,0.25223536325486673,728.3901409999999,0.05101199999999795,3,170.134313,0,558.204816,0,-0.03263957484915028,-2,-0.2879658138981595,0,213.95999999999995,245.69997399999997,31.739974000000018,0.14834536361936823,0.3293882907332449,1,"LP_PASS",8574,6411,"PARTIAL_CROSS","AGGREGATE:28 WAIT:1 LIMIT:1 EXECUTE_NOW:2"
"EXTERNAL_ROUTE_STRESS-023","EXTERNAL_ROUTE_STRESS","stress/control","MARKET_ONLY",8,9,968.3637810000001,0,0,968.3637810000001,0,46,746.788997,221.574784,0,0,2.697354930697892,36,0,0,288.52,316.67996500000004,28.159965000000057,0.0976014314432277,0.44103308940258673,0,"n/a",8931,"","MARKET_ONLY","NO_ROUTE:11 MARKET:35"
"EXTERNAL_ROUTE_STRESS-023","EXTERNAL_ROUTE_STRESS","stress/control","BILATERAL_ONLY",8,9,968.3637810000001,288.52,0.2979458811460855,679.843781,0.0596279999999956,32,567.6782440000001,112.10590899999998,0,0,1.9502706887031753,34,0,0,288.52,316.67996500000004,28.159965000000057,0.0976014314432277,0.44103308940258673,0.84,"n/a",8931,6270,"CROSSED_BILATERAL","MARKET:26 NO_ROUTE:6"
"EXTERNAL_ROUTE_STRESS-023","EXTERNAL_ROUTE_STRESS","stress/control","VENUE0_CROSSING",8,9,968.3637810000001,316.67996500000004,0.3270258256385572,651.683816,0.07671199999999428,28,549.4211900000001,102.18591400000001,0,0,1.7113741975744836,31,0,0,288.52,316.67996500000004,28.159965000000057,0.0976014314432277,0.44103308940258673,1,"LP_PASS",8931,6010,"PARTIAL_CROSS","MARKET:22 NO_ROUTE:6"
"EXTERNAL_ROUTE_STRESS-023","EXTERNAL_ROUTE_STRESS","stress/control","VENUE0_FULL",8,9,968.3637810000001,316.67996500000004,0.3270258256385572,651.683816,0.07671199999999428,3,200.888079,0,450.71902499999993,0,0.649738976920766,32,0.5117476336542647,0,288.52,316.67996500000004,28.159965000000057,0.0976014314432277,0.44103308940258673,1,"LP_PASS",8931,6010,"PARTIAL_CROSS","AGGREGATE:25 EXECUTE_NOW:2 LIMIT:1"
"EXTERNAL_ROUTE_STRESS-024","EXTERNAL_ROUTE_STRESS","stress/control","MARKET_ONLY",4,9,729.7672570000001,0,0,729.7672570000001,0,23,668.3018959999999,61.465361,0,0,1.225648654039504,18,0,0,189,189.65998699999997,0.6599869999999726,0.003491994708994564,0.27223259757733964,0,"n/a",8632,"","MARKET_ONLY","NO_ROUTE:4 MARKET:19"
"EXTERNAL_ROUTE_STRESS-024","EXTERNAL_ROUTE_STRESS","stress/control","BILATERAL_ONLY",4,9,729.7672570000001,189,0.25898668128378355,540.7672570000001,0.027526999999996138,19,479.2743689999999,61.465361,0,0,1.0039206352037464,21,0,0,189,189.65998699999997,0.6599869999999726,0.003491994708994564,0.27223259757733964,0.37,"n/a",8632,6396,"CROSSED_BILATERAL","NO_ROUTE:4 MARKET:15"
"EXTERNAL_ROUTE_STRESS-024","EXTERNAL_ROUTE_STRESS","stress/control","VENUE0_CROSSING",4,9,729.7672570000001,189.65998699999997,0.2598910614045266,540.1072700000002,0.03322899999999987,18,478.60868,61.465361,0,0,0.917169764060393,19,0,0,189,189.65998699999997,0.6599869999999726,0.003491994708994564,0.27223259757733964,1,"EXACT_PASS",8632,6389,"PARTIAL_CROSS","NO_ROUTE:4 MARKET:14"
"EXTERNAL_ROUTE_STRESS-024","EXTERNAL_ROUTE_STRESS","stress/control","VENUE0_FULL",4,9,729.7672570000001,189.65998699999997,0.2598910614045266,540.1072700000002,0.03322899999999987,5,251.32022300000003,0,288.753818,0,0.07547283894186732,3,-0.0038537946574249693,0,189,189.65998699999997,0.6599869999999726,0.003491994708994564,0.27223259757733964,1,"EXACT_PASS",8632,6389,"PARTIAL_CROSS","AGGREGATE:13 LIMIT:3 EXECUTE_NOW:2"
"EXTERNAL_ROUTE_STRESS-025","EXTERNAL_ROUTE_STRESS","stress/control","MARKET_ONLY",8,9,1164.1074660000002,0,0,1164.1074660000002,0,43,884.6022889999999,279.505177,0,0,3.581105974806107,40,0,0,246.96000000000004,386.37996799999996,139.41996799999993,0.5645447359896336,0.41549152129568073,0,"n/a",7840,"","MARKET_ONLY","NO_ROUTE:11 MARKET:32"
"EXTERNAL_ROUTE_STRESS-025","EXTERNAL_ROUTE_STRESS","stress/control","BILATERAL_ONLY",8,9,1164.1074660000002,246.96000000000004,0.2121453621877209,917.1474659999999,0.029100000000000126,36,703.3804250000001,213.737941,0,0,3.175662900340365,45,0,0,246.96000000000004,386.37996799999996,139.41996799999993,0.5645447359896336,0.41549152129568073,0.64,"n/a",7840,6177,"CROSSED_BILATERAL","NO_ROUTE:9 MARKET:27"
"EXTERNAL_ROUTE_STRESS-025","EXTERNAL_ROUTE_STRESS","stress/control","VENUE0_CROSSING",8,9,1164.1074660000002,386.37996799999996,0.331910909675413,777.7274980000001,0.09318600000000521,26,596.057695,181.576617,0,0,2.818693523605632,47,0,0,246.96000000000004,386.37996799999996,139.41996799999993,0.5645447359896336,0.41549152129568073,1,"LP_PASS",7840,5238,"PARTIAL_CROSS","NO_ROUTE:6 MARKET:20"
"EXTERNAL_ROUTE_STRESS-025","EXTERNAL_ROUTE_STRESS","stress/control","VENUE0_FULL",8,9,1164.1074660000002,386.37996799999996,0.331910909675413,777.7274980000001,0.09318600000000521,3,144.76432499999999,0,632.8699870000002,0,0.585067220591443,40,0,0,246.96000000000004,386.37996799999996,139.41996799999993,0.5645447359896336,0.41549152129568073,1,"LP_PASS",7840,5238,"PARTIAL_CROSS","AGGREGATE:23 EXECUTE_NOW:3"
"EXTERNAL_ROUTE_STRESS-026","EXTERNAL_ROUTE_STRESS","stress/control","MARKET_ONLY",7,9,662.629213,0,0,662.629213,0,40,537.8873520000001,124.741861,0,0,2.448816640183553,46,0,0,202.2,229.35997400000005,27.159974000000062,0.1343223244312565,0.408676310502477,0,"n/a",6849,"","MARKET_ONLY","MARKET:30 NO_ROUTE:10"
"EXTERNAL_ROUTE_STRESS-026","EXTERNAL_ROUTE_STRESS","stress/control","BILATERAL_ONLY",7,9,662.629213,202.2,0.3051480315583369,460.42921300000006,0.05796300000000082,30,356.242989,104.12826100000001,0,0,1.4562450065119026,41,0,0,202.2,229.35997400000005,27.159974000000062,0.1343223244312565,0.408676310502477,0.57,"n/a",6849,4759,"CROSSED_BILATERAL","MARKET:22 NO_ROUTE:8"
"EXTERNAL_ROUTE_STRESS-026","EXTERNAL_ROUTE_STRESS","stress/control","VENUE0_CROSSING",7,9,662.629213,229.35997400000005,0.3461362244528752,433.26923900000014,0.06269299999999722,28,349.05063599999994,84.15591,0,0,1.4364018861788912,41,0,0,202.2,229.35997400000005,27.159974000000062,0.1343223244312565,0.408676310502477,1,"LP_PASS",6849,4478,"PARTIAL_CROSS","MARKET:22 NO_ROUTE:6"
"EXTERNAL_ROUTE_STRESS-026","EXTERNAL_ROUTE_STRESS","stress/control","VENUE0_FULL",7,9,662.629213,229.35997400000005,0.3461362244528752,433.26923900000014,0.06269299999999722,4,124.069628,0,309.13691800000004,0,0.29594770836596657,24,0,0,202.2,229.35997400000005,27.159974000000062,0.1343223244312565,0.408676310502477,1,"LP_PASS",6849,4478,"PARTIAL_CROSS","AGGREGATE:24 EXECUTE_NOW:4"
"EXTERNAL_ROUTE_STRESS-027","EXTERNAL_ROUTE_STRESS","stress/control","MARKET_ONLY",4,8,225.75831399999996,0,0,225.75831399999996,0,18,163.47295599999998,62.285357999999995,0,0,0.9358220006287933,57,0,0,0,39.059993999999996,39.059993999999996,"",0.23753611129466537,0,"n/a",5812,"","MARKET_ONLY","MARKET:12 NO_ROUTE:6"
"EXTERNAL_ROUTE_STRESS-027","EXTERNAL_ROUTE_STRESS","stress/control","BILATERAL_ONLY",4,8,225.75831399999996,0,0,225.75831399999996,0,18,163.47295599999998,62.285357999999995,0,0,0.9358220006287933,57,0,0,0,39.059993999999996,39.059993999999996,"",0.23753611129466537,0.25,"n/a",5812,5812,"NO_CROSS","MARKET:12 NO_ROUTE:6"
"EXTERNAL_ROUTE_STRESS-027","EXTERNAL_ROUTE_STRESS","stress/control","VENUE0_CROSSING",4,8,225.75831399999996,39.059993999999996,0.17301685731051306,186.69831999999997,0.0022650000000004056,17,124.410697,62.285357999999995,0,0,0.8635058703252797,69,0,0,0,39.059993999999996,39.059993999999996,"",0.23753611129466537,1,"EXACT_PASS",5812,4806,"PARTIAL_CROSS","MARKET:11 NO_ROUTE:6"
"EXTERNAL_ROUTE_STRESS-027","EXTERNAL_ROUTE_STRESS","stress/control","VENUE0_FULL",4,8,225.75831399999996,39.059993999999996,0.17301685731051306,186.69831999999997,0.0022650000000004056,1,4.493922,0,182.20213299999998,0,-0.012240307017774787,-27,-0.012240307017774787,0,0,39.059993999999996,39.059993999999996,"",0.23753611129466537,1,"EXACT_PASS",5812,4806,"PARTIAL_CROSS","LIMIT:1 AGGREGATE:16"
"EXTERNAL_ROUTE_STRESS-028","EXTERNAL_ROUTE_STRESS","stress/control","MARKET_ONLY",8,9,1115.335134,0,0,1115.335134,0,43,1000.650282,114.684852,0,0,1.9092524262623702,19,0,0,288,388.599971,100.59997099999998,0.34930545486111103,0.5068363407262664,0,"n/a",7307,"","MARKET_ONLY","MARKET:37 NO_ROUTE:6"
"EXTERNAL_ROUTE_STRESS-028","EXTERNAL_ROUTE_STRESS","stress/control","BILATERAL_ONLY",8,9,1115.335134,288,0.2582183517945199,827.3351339999997,0.07511600000000773,30,745.3637249999997,81.89629300000001,0,0,0.9195310053027184,12,0,0,288,388.599971,100.59997099999998,0.34930545486111103,0.5068363407262664,0.69,"n/a",7307,5420,"CROSSED_BILATERAL","MARKET:25 NO_ROUTE:5"
"EXTERNAL_ROUTE_STRESS-028","EXTERNAL_ROUTE_STRESS","stress/control","VENUE0_CROSSING",8,9,1115.335134,388.599971,0.3484154306215911,726.7351629999998,0.07834300000000494,29,644.7605249999998,81.896295,0,0,0.6634161008958774,10,0,0,288,388.599971,100.59997099999998,0.34930545486111103,0.5068363407262664,1,"LP_PASS",7307,4761,"PARTIAL_CROSS","MARKET:24 NO_ROUTE:5"
"EXTERNAL_ROUTE_STRESS-028","EXTERNAL_ROUTE_STRESS","stress/control","VENUE0_FULL",8,9,1115.335134,388.599971,0.3484154306215911,726.7351629999998,0.07834300000000494,9,510.523998,0,216.132822,0,-0.8281436168054095,-16,-0.49914756839483077,0,288,388.599971,100.59997099999998,0.34930545486111103,0.5068363407262664,1,"LP_PASS",7307,4761,"PARTIAL_CROSS","AGGREGATE:20 EXECUTE_NOW:8 LIMIT:1"
"EXTERNAL_ROUTE_STRESS-029","EXTERNAL_ROUTE_STRESS","stress/control","MARKET_ONLY",5,9,1046.290264,0,0,1046.290264,0,29,922.3643509999999,123.925913,0,0,2.215544560583335,24,0,0,204.64000000000001,308.059984,103.41998399999997,0.5053752150117278,0.37990696432591486,0,"n/a",8182,"","MARKET_ONLY","NO_ROUTE:7 MARKET:22"
"EXTERNAL_ROUTE_STRESS-029","EXTERNAL_ROUTE_STRESS","stress/control","BILATERAL_ONLY",5,9,1046.290264,204.64000000000001,0.19558626037258053,841.6502640000001,0.025649999999997286,23,755.594231,86.030383,0,0,1.967816326152859,26,0,0,204.64000000000001,308.059984,103.41998399999997,0.5053752150117278,0.37990696432591486,0.37,"n/a",8182,6581,"CROSSED_BILATERAL","NO_ROUTE:5 MARKET:18"
"EXTERNAL_ROUTE_STRESS-029","EXTERNAL_ROUTE_STRESS","stress/control","VENUE0_CROSSING",5,9,1046.290264,308.059984,0.2944307087617132,738.23028,0.038051000000003055,21,703.8923580000001,34.299870999999996,0,0,1.8023169686920588,26,0,0,204.64000000000001,308.059984,103.41998399999997,0.5053752150117278,0.37990696432591486,1,"EXACT_PASS",8182,5773,"PARTIAL_CROSS","NO_ROUTE:4 MARKET:17"
"EXTERNAL_ROUTE_STRESS-029","EXTERNAL_ROUTE_STRESS","stress/control","VENUE0_FULL",5,9,1046.290264,308.059984,0.2944307087617132,738.23028,0.038051000000003055,11,560.571756,0,177.620473,0,0.34858999126881185,6,-0.7692746453505582,0,204.64000000000001,308.059984,103.41998399999997,0.5053752150117278,0.37990696432591486,1,"EXACT_PASS",8182,5773,"PARTIAL_CROSS","LIMIT:1 AGGREGATE:10 EXECUTE_NOW:10"
"EXTERNAL_ROUTE_STRESS-030","EXTERNAL_ROUTE_STRESS","stress/control","MARKET_ONLY",3,9,499.8606460000001,0,0,499.8606460000001,0,17,420.093733,79.766913,0,0,0.6610066128299125,16,0,0,6.08,6.079994,-0.000005999999999950489,-9.868421052550147e-7,0.05484248904043547,0,"n/a",6277,"","MARKET_ONLY","MARKET:13 NO_ROUTE:4"
"EXTERNAL_ROUTE_STRESS-030","EXTERNAL_ROUTE_STRESS","stress/control","BILATERAL_ONLY",3,9,499.8606460000001,6.08,0.012163390034109624,493.78064600000005,0.005468000000000028,16,417.04826499999996,76.726913,0,0,0.6198667473452014,15,0,0,6.08,6.079994,-0.000005999999999950489,-9.868421052550147e-7,0.05484248904043547,0.27,"n/a",6277,6201,"CROSSED_BILATERAL","MARKET:12 NO_ROUTE:4"
"EXTERNAL_ROUTE_STRESS-030","EXTERNAL_ROUTE_STRESS","stress/control","VENUE0_CROSSING",3,9,499.8606460000001,6.079994,0.012163378030764196,493.7806520000001,0.013500000000000068,15,414.84023700000006,78.92691500000001,0,0,0.5510153246376532,13,0,0,6.08,6.079994,-0.000005999999999950489,-9.868421052550147e-7,0.05484248904043547,1,"EXACT_PASS",6277,6201,"PARTIAL_CROSS","MARKET:11 NO_ROUTE:4"
"EXTERNAL_ROUTE_STRESS-030","EXTERNAL_ROUTE_STRESS","stress/control","VENUE0_FULL",3,9,499.8606460000001,6.079994,0.012163378030764196,493.7806520000001,0.013500000000000068,1,81.86749,0,411.89966200000003,0,0.4088706194635807,50,0.4088706194635807,0,6.08,6.079994,-0.000005999999999950489,-9.868421052550147e-7,0.05484248904043547,1,"EXACT_PASS",6277,6201,"PARTIAL_CROSS","AGGREGATE:14 LIMIT:1"
"EXTERNAL_ROUTE_STRESS-031","EXTERNAL_ROUTE_STRESS","stress/control","MARKET_ONLY",10,9,2246.2470289999997,0,0,2246.2470289999997,0,51,1604.3111009999996,641.935928,0,0,5.178258005009126,32,0,0,771.5600000000002,1064.299957,292.7399569999998,0.37941308128985396,0.5166465820621015,0,"n/a",8106,"","MARKET_ONLY","NO_ROUTE:14 MARKET:37"
"EXTERNAL_ROUTE_STRESS-031","EXTERNAL_ROUTE_STRESS","stress/control","BILATERAL_ONLY",10,9,2246.2470289999997,771.5600000000002,0.3434884899295732,1474.6870290000002,0.0728179999999915,35,1057.926012,416.68819899999994,0,0,3.501742735242199,33,0,0,771.5600000000002,1064.299957,292.7399569999998,0.37941308128985396,0.5166465820621015,0.9,"n/a",8106,5321,"CROSSED_BILATERAL","NO_ROUTE:10 MARKET:25"
"EXTERNAL_ROUTE_STRESS-031","EXTERNAL_ROUTE_STRESS","stress/control","VENUE0_CROSSING",10,9,2246.2470289999997,1064.299957,0.47381251628135157,1181.947072,0.15026099999999198,25,839.0255149999999,342.771296,0,0,2.5686811715674143,31,0,0,771.5600000000002,1064.299957,292.7399569999998,0.37941308128985396,0.5166465820621015,2,"LP_PASS",8106,4265,"PARTIAL_CROSS","MARKET:17 NO_ROUTE:8"
"EXTERNAL_ROUTE_STRESS-031","EXTERNAL_ROUTE_STRESS","stress/control","VENUE0_FULL",10,9,2246.2470289999997,1064.299957,0.47381251628135157,1181.947072,0.15026099999999198,6,317.632295,0,864.1645159999999,0,-0.8668716483536297,-27,-0.9571135313186029,0,771.5600000000002,1064.299957,292.7399569999998,0.37941308128985396,0.5166465820621015,2,"LP_PASS",8106,4265,"PARTIAL_CROSS","AGGREGATE:19 EXECUTE_NOW:3 LIMIT:3"
"EXTERNAL_ROUTE_STRESS-032","EXTERNAL_ROUTE_STRESS","stress/control","MARKET_ONLY",4,9,643.8776709999999,0,0,643.8776709999999,0,23,423.73914899999994,220.13852200000002,0,0,1.4014482374789614,33,0,0,113.55999999999999,113.55999299999999,-0.000006999999996537554,-6.164142300579037e-8,0.44210076357811773,0,"n/a",9671,"","MARKET_ONLY","NO_ROUTE:7 MARKET:16"
"EXTERNAL_ROUTE_STRESS-032","EXTERNAL_ROUTE_STRESS","stress/control","BILATERAL_ONLY",4,9,643.8776709999999,113.55999999999999,0.17636890532891303,530.317671,0.0120269999999989,21,319.427122,210.87852200000003,0,0,1.079282138805136,34,0,0,113.55999999999999,113.55999299999999,-0.000006999999996537554,-6.164142300579037e-8,0.44210076357811773,0.31,"n/a",9671,7965,"CROSSED_BILATERAL","NO_ROUTE:7 MARKET:14"
"EXTERNAL_ROUTE_STRESS-032","EXTERNAL_ROUTE_STRESS","stress/control","VENUE0_CROSSING",4,9,643.8776709999999,113.55999299999999,0.17636889445728274,530.317678,0.012029000000000067,21,319.427125,210.87852400000003,0,0,1.0792821447550065,34,0,0,113.55999999999999,113.55999299999999,-0.000006999999996537554,-6.164142300579037e-8,0.44210076357811773,1,"EXACT_PASS",9671,7965,"PARTIAL_CROSS","NO_ROUTE:7 MARKET:14"
"EXTERNAL_ROUTE_STRESS-032","EXTERNAL_ROUTE_STRESS","stress/control","VENUE0_FULL",4,9,643.8776709999999,113.55999299999999,0.17636889445728274,530.317678,0.012029000000000067,3,106.114213,0,424.191436,0,-0.4764647832898051,-45,-0.7711038287828254,0,113.55999999999999,113.55999299999999,-0.000006999999996537554,-6.164142300579037e-8,0.44210076357811773,1,"EXACT_PASS",9671,7965,"PARTIAL_CROSS","AGGREGATE:17 WAIT:1 EXECUTE_NOW:2 LIMIT:1"
"EXTERNAL_ROUTE_STRESS-033","EXTERNAL_ROUTE_STRESS","stress/control","MARKET_ONLY",8,9,1624.456564,0,0,1624.456564,0,44,1135.134659,489.321905,0,0,2.736816685032958,24,0,0,482.96000000000004,694.699967,211.73996699999998,0.4384213330296504,0.5116254114874567,0,"n/a",7251,"","MARKET_ONLY","MARKET:34 NO_ROUTE:10"
"EXTERNAL_ROUTE_STRESS-033","EXTERNAL_ROUTE_STRESS","stress/control","BILATERAL_ONLY",8,9,1624.456564,482.96000000000004,0.29730557941837343,1141.496564,0.04593900000000328,32,730.042188,411.408437,0,0,1.862416909793149,26,0,0,482.96000000000004,694.699967,211.73996699999998,0.4384213330296504,0.5116254114874567,0.76,"n/a",7251,5095,"CROSSED_BILATERAL","MARKET:25 NO_ROUTE:7"
"EXTERNAL_ROUTE_STRESS-033","EXTERNAL_ROUTE_STRESS","stress/control","VENUE0_CROSSING",8,9,1624.456564,694.699967,0.4276506878641293,929.756597,0.0811900000000012,26,548.386281,381.289126,0,0,1.3412686718205007,24,0,0,482.96000000000004,694.699967,211.73996699999998,0.4384213330296504,0.5116254114874567,1,"LP_PASS",7251,4150,"PARTIAL_CROSS","MARKET:18 NO_ROUTE:8"
"EXTERNAL_ROUTE_STRESS-033","EXTERNAL_ROUTE_STRESS","stress/control","VENUE0_FULL",8,9,1624.456564,694.699967,0.4276506878641293,929.756597,0.0811900000000012,11,657.70734,0,271.968067,0,1.6248818250742345,25,0.8890067438282941,0,482.96000000000004,694.699967,211.73996699999998,0.4384213330296504,0.5116254114874567,1,"LP_PASS",7251,4150,"PARTIAL_CROSS","AGGREGATE:15 EXECUTE_NOW:10 LIMIT:1"
"EXTERNAL_ROUTE_STRESS-034","EXTERNAL_ROUTE_STRESS","stress/control","MARKET_ONLY",5,9,869.1389569999999,0,0,869.1389569999999,0,24,588.6232889999999,280.515668,0,0,1.9714185418869379,33,0,0,35.72,40.499993,4.779993000000005,0.133818393057111,0.16827562131701804,0,"n/a",8758,"","MARKET_ONLY","MARKET:17 NO_ROUTE:7"
"EXTERNAL_ROUTE_STRESS-034","EXTERNAL_ROUTE_STRESS","stress/control","BILATERAL_ONLY",5,9,869.1389569999999,35.72,0.04109814628870675,833.4189569999999,0.009705000000000297,22,583.843136,249.56611600000002,0,0,1.9265647407911954,33,0,0,35.72,40.499993,4.779993000000005,0.133818393057111,0.16827562131701804,0.35,"n/a",8758,8398,"CROSSED_BILATERAL","MARKET:16 NO_ROUTE:6"
"EXTERNAL_ROUTE_STRESS-034","EXTERNAL_ROUTE_STRESS","stress/control","VENUE0_CROSSING",5,9,869.1389569999999,40.499993,0.04659783418268756,828.6389639999998,0.009707000000000576,22,583.843137,244.78612000000004,0,0,1.9265647398310461,33,0,0,35.72,40.499993,4.779993000000005,0.133818393057111,0.16827562131701804,1,"EXACT_PASS",8758,8350,"PARTIAL_CROSS","MARKET:16 NO_ROUTE:6"
"EXTERNAL_ROUTE_STRESS-034","EXTERNAL_ROUTE_STRESS","stress/control","VENUE0_FULL",5,9,869.1389569999999,40.499993,0.04659783418268756,828.6389639999998,0.009707000000000576,3,250.44208400000002,0,578.187173,0,0.6735540717363276,27,0.6383762001020493,0,35.72,40.499993,4.779993000000005,0.133818393057111,0.16827562131701804,1,"EXACT_PASS",8758,8350,"PARTIAL_CROSS","AGGREGATE:19 EXECUTE_NOW:2 LIMIT:1"
"EXTERNAL_ROUTE_STRESS-035","EXTERNAL_ROUTE_STRESS","stress/control","MARKET_ONLY",5,9,805.1612590000001,0,0,805.1612590000001,0,30,557.301092,247.860167,0,0,3.4461878401958588,62,0,0,125.52000000000002,189.479978,63.959977999999964,0.5095600541746331,0.26163406354353663,0,"n/a",7288,"","MARKET_ONLY","MARKET:23 NO_ROUTE:7"
"EXTERNAL_ROUTE_STRESS-035","EXTERNAL_ROUTE_STRESS","stress/control","BILATERAL_ONLY",5,9,805.1612590000001,125.52000000000002,0.15589423683386636,679.641259,0.04762599999999784,22,481.50072000000006,198.09291299999998,0,0,3.05588372299489,63,0,0,125.52000000000002,189.479978,63.959977999999964,0.5095600541746331,0.26163406354353663,0.58,"n/a",7288,6152,"CROSSED_BILATERAL","MARKET:16 NO_ROUTE:6"
"EXTERNAL_ROUTE_STRESS-035","EXTERNAL_ROUTE_STRESS","stress/control","VENUE0_CROSSING",5,9,805.1612590000001,189.479978,0.2353317126004444,615.6812810000001,0.0560699999999994,19,440.132294,175.492917,0,0,2.8698670154517454,65,0,0,125.52000000000002,189.479978,63.959977999999964,0.5095600541746331,0.26163406354353663,1,"EXACT_PASS",7288,5573,"PARTIAL_CROSS","MARKET:13 NO_ROUTE:6"
"EXTERNAL_ROUTE_STRESS-035","EXTERNAL_ROUTE_STRESS","stress/control","VENUE0_FULL",5,9,805.1612590000001,189.479978,0.2353317126004444,615.6812810000001,0.0560699999999994,4,202.512848,0,413.112363,0,-1.0825487000687475,-53,-1.1722301838552105,0,125.52000000000002,189.479978,63.959977999999964,0.5095600541746331,0.26163406354353663,1,"EXACT_PASS",7288,5573,"PARTIAL_CROSS","LIMIT:2 AGGREGATE:15 EXECUTE_NOW:2"
"EXTERNAL_ROUTE_STRESS-036","EXTERNAL_ROUTE_STRESS","stress/control","MARKET_ONLY",9,9,2103.826509,0,0,2103.826509,0,58,1367.140111,736.6863979999999,0,0,3.0680343633497396,22,0,0,820.9599999999999,1029.499951,208.5399510000001,0.25401962458585087,0.6443107243877779,0,"n/a",8862,"","MARKET_ONLY","NO_ROUTE:16 MARKET:42"
"EXTERNAL_ROUTE_STRESS-036","EXTERNAL_ROUTE_STRESS","stress/control","BILATERAL_ONLY",9,9,2103.826509,820.9599999999999,0.39022229090088906,1282.866509,0.10488399999997941,36,760.887416,521.8742090000001,0,0,1.814812434094104,24,0,0,820.9599999999999,1029.499951,208.5399510000001,0.25401962458585087,0.6443107243877779,1.12,"n/a",8862,5404,"CROSSED_BILATERAL","NO_ROUTE:12 MARKET:24"
"EXTERNAL_ROUTE_STRESS-036","EXTERNAL_ROUTE_STRESS","stress/control","VENUE0_CROSSING",9,9,2103.826509,1029.499951,0.4893464107405636,1074.3265580000002,0.14334199999999764,28,733.142682,341.040534,0,0,1.651076643137929,23,0,0,820.9599999999999,1029.499951,208.5399510000001,0.25401962458585087,0.6443107243877779,2,"LP_PASS",8862,4525,"PARTIAL_CROSS","NO_ROUTE:8 MARKET:20"
"EXTERNAL_ROUTE_STRESS-036","EXTERNAL_ROUTE_STRESS","stress/control","VENUE0_FULL",9,9,2103.826509,1029.499951,0.4893464107405636,1074.3265580000002,0.14334199999999764,13,671.990006,0,402.19321,0,0.8546339433715047,13,-0.2928732461683377,0,820.9599999999999,1029.499951,208.5399510000001,0.25401962458585087,0.6443107243877779,2,"LP_PASS",8862,4525,"PARTIAL_CROSS","AGGREGATE:15 EXECUTE_NOW:12 LIMIT:1"
"EXTERNAL_ROUTE_STRESS-037","EXTERNAL_ROUTE_STRESS","stress/control","MARKET_ONLY",7,9,893.3698919999999,0,0,893.3698919999999,0,36,715.5543339999999,177.815558,0,0,2.6360208207324582,37,0,0,80.80000000000001,120.59997900000002,39.79997900000001,0.4925739975247525,0.2665327073726815,0,"n/a",7218,"","MARKET_ONLY","MARKET:27 NO_ROUTE:9"
"EXTERNAL_ROUTE_STRESS-037","EXTERNAL_ROUTE_STRESS","stress/control","BILATERAL_ONLY",7,9,893.3698919999999,80.80000000000001,0.09044405987212295,812.569892,0.02838900000000022,31,664.5792869999999,147.962216,0,0,2.4099587628329484,36,0,0,80.80000000000001,120.59997900000002,39.79997900000001,0.4925739975247525,0.2665327073726815,0.48,"n/a",7218,6565,"CROSSED_BILATERAL","MARKET:24 NO_ROUTE:7"
"EXTERNAL_ROUTE_STRESS-037","EXTERNAL_ROUTE_STRESS","stress/control","VENUE0_CROSSING",7,9,893.3698919999999,120.59997900000002,0.13499445199570262,772.769913,0.02593299999999954,29,632.929127,139.814853,0,0,2.4691945825091874,39,0,0,80.80000000000001,120.59997900000002,39.79997900000001,0.4925739975247525,0.2665327073726815,1,"LP_PASS",7218,6243,"PARTIAL_CROSS","MARKET:25 NO_ROUTE:4"
"EXTERNAL_ROUTE_STRESS-037","EXTERNAL_ROUTE_STRESS","stress/control","VENUE0_FULL",7,9,893.3698919999999,120.59997900000002,0.13499445199570262,772.769913,0.02593299999999954,12,662.032235,0,110.71174500000001,0,0.45873716917096286,7,-1.0229365392697356,0,80.80000000000001,120.59997900000002,39.79997900000001,0.4925739975247525,0.2665327073726815,1,"LP_PASS",7218,6243,"PARTIAL_CROSS","AGGREGATE:17 EXECUTE_NOW:10 LIMIT:2"
"EXTERNAL_ROUTE_STRESS-038","EXTERNAL_ROUTE_STRESS","stress/control","MARKET_ONLY",7,9,1241.5325789999997,0,0,1241.5325789999997,0,40,921.2324239999998,320.30015499999996,0,0,3.1097125682291216,34,0,0,323.15999999999997,384.03997699999996,60.879977,0.18838958101250156,0.38835200795806113,0,"n/a",8800,"","MARKET_ONLY","MARKET:31 NO_ROUTE:9"
"EXTERNAL_ROUTE_STRESS-038","EXTERNAL_ROUTE_STRESS","stress/control","BILATERAL_ONLY",7,9,1241.5325789999997,323.15999999999997,0.26029119611205953,918.3725790000001,0.026748999999990364,33,740.6084699999999,177.73735999999997,0,0,2.8437975503032757,38,0,0,323.15999999999997,384.03997699999996,60.879977,0.18838958101250156,0.38835200795806113,0.58,"n/a",8800,6509,"CROSSED_BILATERAL","MARKET:26 NO_ROUTE:7"
"EXTERNAL_ROUTE_STRESS-038","EXTERNAL_ROUTE_STRESS","stress/control","VENUE0_CROSSING",7,9,1241.5325789999997,384.03997699999996,0.3093273454888533,857.4926020000003,0.05040199999999928,29,694.476212,162.965988,0,0,2.6498230577534723,38,0,0,323.15999999999997,384.03997699999996,60.879977,0.18838958101250156,0.38835200795806113,1,"LP_PASS",8800,6078,"PARTIAL_CROSS","MARKET:24 NO_ROUTE:5"
"EXTERNAL_ROUTE_STRESS-038","EXTERNAL_ROUTE_STRESS","stress/control","VENUE0_FULL",7,9,1241.5325789999997,384.03997699999996,0.3093273454888533,857.4926020000003,0.05040199999999928,6,175.956344,0,681.485856,0,-0.7738936210680147,-44,-0.9163573290563087,0,323.15999999999997,384.03997699999996,60.879977,0.18838958101250156,0.38835200795806113,1,"LP_PASS",8800,6078,"PARTIAL_CROSS","AGGREGATE:23 LIMIT:3 EXECUTE_NOW:3"
"EXTERNAL_ROUTE_STRESS-039","EXTERNAL_ROUTE_STRESS","stress/control","MARKET_ONLY",4,9,857.3595170000002,0,0,857.3595170000002,0,23,758.2315570000002,99.12796,0,0,0.54407382202506,7,0,0,370.59999999999997,428.35998300000006,57.75998300000009,0.15585532379924472,0.5004879464118667,0,"n/a",8095,"","MARKET_ONLY","MARKET:18 NO_ROUTE:5"
"EXTERNAL_ROUTE_STRESS-039","EXTERNAL_ROUTE_STRESS","stress/control","BILATERAL_ONLY",4,9,857.3595170000002,370.59999999999997,0.4322574050344389,486.759517,0.025710999999988715,18,390.667295,96.066511,0,0,0.4030149030753679,10,0,0,370.59999999999997,428.35998300000006,57.75998300000009,0.15585532379924472,0.5004879464118667,0.43,"n/a",8095,4596,"CROSSED_BILATERAL","MARKET:14 NO_ROUTE:4"
"EXTERNAL_ROUTE_STRESS-039","EXTERNAL_ROUTE_STRESS","stress/control","VENUE0_CROSSING",4,9,857.3595170000002,428.35998300000006,0.4996270228607026,428.999534,0.03491999999998918,16,332.898102,96.066512,0,0,0.25903996009072117,8,0,0,370.59999999999997,428.35998300000006,57.75998300000009,0.15585532379924472,0.5004879464118667,1,"EXACT_PASS",8095,4051,"PARTIAL_CROSS","MARKET:12 NO_ROUTE:4"
"EXTERNAL_ROUTE_STRESS-039","EXTERNAL_ROUTE_STRESS","stress/control","VENUE0_FULL",4,9,857.3595170000002,428.35998300000006,0.4996270228607026,428.999534,0.03491999999998918,5,185.68353500000003,0,243.28107899999998,0,-0.20245177401207143,-11,-0.3964691275748575,0,370.59999999999997,428.35998300000006,57.75998300000009,0.15585532379924472,0.5004879464118667,1,"EXACT_PASS",8095,4051,"PARTIAL_CROSS","EXECUTE_NOW:3 AGGREGATE:10 WAIT:1 LIMIT:2"
